series_id,date,condition,short_label,speed_rpm,run,event_index,time_s,thump_level_est_dba,event_energy_est_dba,raw_peak_est_dba,background_est_dba,exhaust_ratio_db,wav,normalized_thump_peak_db,normalized_event_energy_db
FR_0716_CYL_800,2026-07-16,换26号嵌套油缸 + 老控制器,0716嵌套油缸,800,800rpm,1,1.38,76.46770864783224,62.38824974230441,77.84362558866584,72.18189407038633,12.87799793379413,C:\Users\admin\Documents\Codex\2026-07-13\yi-j\work\hpdi_followup_v3\wav\FR_0716_CYL_800.wav,68.01139036861072,53.93193146308289
FR_0716_CYL_800,2026-07-16,换26号嵌套油缸 + 老控制器,0716嵌套油缸,800,800rpm,2,1.74,89.94288480467233,87.84248690136732,90.04027049743063,73.4987771077155,1.9981410429165614,C:\Users\admin\Documents\Codex\2026-07-13\yi-j\work\hpdi_followup_v3\wav\FR_0716_CYL_800.wav,81.48656652545081,79.3861686221458
FR_0716_CYL_800,2026-07-16,换26号嵌套油缸 + 老控制器,0716嵌套油缸,800,800rpm,3,2.82,85.92160440545686,85.74081276848682,86.18351722454594,73.85694337256112,3.5255746998021245,C:\Users\admin\Documents\Codex\2026-07-13\yi-j\work\hpdi_followup_v3\wav\FR_0716_CYL_800.wav,77.46528612623534,77.2844944892653
FR_0716_CYL_800,2026-07-16,换26号嵌套油缸 + 老控制器,0716嵌套油缸,800,800rpm,4,3.78,77.74599474569132,62.82004298994218,78.71817601577789,71.74077871944007,11.918003613383245,C:\Users\admin\Documents\Codex\2026-07-13\yi-j\work\hpdi_followup_v3\wav\FR_0716_CYL_800.wav,69.2896764664698,54.36372471072066
FR_0716_CYL_800,2026-07-16,换26号嵌套油缸 + 老控制器,0716嵌套油缸,800,800rpm,5,4.46,86.0358317820583,84.10735841699965,86.26702554320396,73.41385945072754,4.91879741163789,C:\Users\admin\Documents\Codex\2026-07-13\yi-j\work\hpdi_followup_v3\wav\FR_0716_CYL_800.wav,77.57951350283678,75.65104013777812
FR_0716_CYL_800,2026-07-16,换26号嵌套油缸 + 老控制器,0716嵌套油缸,800,800rpm,6,5.46,85.38294527851083,83.39576321955411,85.63025080340869,73.06167987545838,5.327484686450735,C:\Users\admin\Documents\Codex\2026-07-13\yi-j\work\hpdi_followup_v3\wav\FR_0716_CYL_800.wav,76.92662699928931,74.93944494033259
FR_0716_CYL_800,2026-07-16,换26号嵌套油缸 + 老控制器,0716嵌套油缸,800,800rpm,7,6.48,77.09397133768846,62.31025451681543,78.052720833282,71.02136978499114,12.522333400049149,C:\Users\admin\Documents\Codex\2026-07-13\yi-j\work\hpdi_followup_v3\wav\FR_0716_CYL_800.wav,68.63765305846694,53.853936237593906
FR_0716_CYL_800,2026-07-16,换26号嵌套油缸 + 老控制器,0716嵌套油缸,800,800rpm,8,7.2,87.09659428649954,84.54715760406586,87.26151777238847,72.97429892709384,3.578823291415741,C:\Users\admin\Documents\Codex\2026-07-13\yi-j\work\hpdi_followup_v3\wav\FR_0716_CYL_800.wav,78.64027600727802,76.09083932484434
FR_0716_CYL_800,2026-07-16,换26号嵌套油缸 + 老控制器,0716嵌套油缸,800,800rpm,9,8.18,86.34343223311967,84.53819252759749,86.53889374393007,72.97429892709384,4.4913351544005735,C:\Users\admin\Documents\Codex\2026-07-13\yi-j\work\hpdi_followup_v3\wav\FR_0716_CYL_800.wav,77.88711395389815,76.08187424837597
FR_0716_CYL_800,2026-07-16,换26号嵌套油缸 + 老控制器,0716嵌套油缸,800,800rpm,10,8.72,76.86820941203952,62.52910238585886,77.93813562878496,71.32984492648285,12.661921059117724,C:\Users\admin\Documents\Codex\2026-07-13\yi-j\work\hpdi_followup_v3\wav\FR_0716_CYL_800.wav,68.411891132818,54.07278410663734
FR_0716_CYL_800,2026-07-16,换26号嵌套油缸 + 老控制器,0716嵌套油缸,800,800rpm,11,9.64,89.69580519757967,87.46866439887407,89.82229963293196,74.40207702268825,2.427893720365603,C:\Users\admin\Documents\Codex\2026-07-13\yi-j\work\hpdi_followup_v3\wav\FR_0716_CYL_800.wav,81.23948691835815,79.01234611965255
FR_0716_CYL_800,2026-07-16,换26号嵌套油缸 + 老控制器,0716嵌套油缸,800,800rpm,12,10.62,87.79847629810341,85.87937862318579,87.99274145770679,74.40207702268825,2.9172437681984675,C:\Users\admin\Documents\Codex\2026-07-13\yi-j\work\hpdi_followup_v3\wav\FR_0716_CYL_800.wav,79.34215801888189,77.42306034396427
FR_0716_CYL_800,2026-07-16,换26号嵌套油缸 + 老控制器,0716嵌套油缸,800,800rpm,13,11.38,76.9522553443015,62.88417241152694,78.00396768046778,71.32984492648285,12.34565367469343,C:\Users\admin\Documents\Codex\2026-07-13\yi-j\work\hpdi_followup_v3\wav\FR_0716_CYL_800.wav,68.49593706507999,54.42785413230542
FR_0716_CYL_800,2026-07-16,换26号嵌套油缸 + 老控制器,0716嵌套油缸,800,800rpm,14,12.06,89.75751696884494,86.71588504356812,89.86580181182667,73.77960548466368,1.3688015552601307,C:\Users\admin\Documents\Codex\2026-07-13\yi-j\work\hpdi_followup_v3\wav\FR_0716_CYL_800.wav,81.30119868962342,78.2595667643466
FR_0716_CYL_800,2026-07-16,换26号嵌套油缸 + 老控制器,0716嵌套油缸,800,800rpm,15,13.06,87.74683512691324,85.6576128387788,87.91310643398859,73.66056601254807,2.368549043313301,C:\Users\admin\Documents\Codex\2026-07-13\yi-j\work\hpdi_followup_v3\wav\FR_0716_CYL_800.wav,79.29051684769172,77.20129455955728
FR_0716_CYL_800,2026-07-16,换26号嵌套油缸 + 老控制器,0716嵌套油缸,800,800rpm,16,13.9,76.80137775120336,62.384242470764605,77.74042993213888,70.62841495524218,12.04163380826656,C:\Users\admin\Documents\Codex\2026-07-13\yi-j\work\hpdi_followup_v3\wav\FR_0716_CYL_800.wav,68.34505947198184,53.927924191543084
FR_0716_CYL_800,2026-07-16,换26号嵌套油缸 + 老控制器,0716嵌套油缸,800,800rpm,17,14.6,87.7191002817674,84.7827780095509,87.88810923074476,73.70513269599172,2.7225982913655784,C:\Users\admin\Documents\Codex\2026-07-13\yi-j\work\hpdi_followup_v3\wav\FR_0716_CYL_800.wav,79.26278200254588,76.32645973032938
FR_0716_CYL_800,2026-07-16,换26号嵌套油缸 + 老控制器,0716嵌套油缸,800,800rpm,18,15.58,87.80673772749579,85.5404301607616,87.97243396830272,73.70513269599172,2.684897642631036,C:\Users\admin\Documents\Codex\2026-07-13\yi-j\work\hpdi_followup_v3\wav\FR_0716_CYL_800.wav,79.35041944827427,77.08411188154008
FR_0716_CYL_800,2026-07-16,换26号嵌套油缸 + 老控制器,0716嵌套油缸,800,800rpm,19,16.64,76.8431974531712,62.26172405237339,78.11691929073712,72.16851522588567,12.428937173165739,C:\Users\admin\Documents\Codex\2026-07-13\yi-j\work\hpdi_followup_v3\wav\FR_0716_CYL_800.wav,68.38687917394968,53.80540577315187
FR_0716_CYL_800,2026-07-16,换26号嵌套油缸 + 老控制器,0716嵌套油缸,800,800rpm,20,17.14,87.50412063558392,84.25652406436086,87.6989490622909,74.1205791388946,2.8326376243827553,C:\Users\admin\Documents\Codex\2026-07-13\yi-j\work\hpdi_followup_v3\wav\FR_0716_CYL_800.wav,79.0478023563624,75.80020578513934
FR_0716_CYL_800,2026-07-16,换26号嵌套油缸 + 老控制器,0716嵌套油缸,800,800rpm,21,18.12,88.10286459647409,85.72780964291121,88.25917775064127,73.74336774438855,2.553568107095632,C:\Users\admin\Documents\Codex\2026-07-13\yi-j\work\hpdi_followup_v3\wav\FR_0716_CYL_800.wav,79.64654631725257,77.27149136368969
FR_0716_CYL_800,2026-07-16,换26号嵌套油缸 + 老控制器,0716嵌套油缸,800,800rpm,22,18.9,76.14886153021956,67.31623007203977,77.43908637654569,71.5387442355892,12.964836188639222,C:\Users\admin\Documents\Codex\2026-07-13\yi-j\work\hpdi_followup_v3\wav\FR_0716_CYL_800.wav,67.69254325099804,58.85991179281825
FR_0716_CYL_800,2026-07-16,换26号嵌套油缸 + 老控制器,0716嵌套油缸,800,800rpm,23,19.78,85.84687370518162,83.7730596674132,86.14382962585978,74.34527444094203,4.991260671370682,C:\Users\admin\Documents\Codex\2026-07-13\yi-j\work\hpdi_followup_v3\wav\FR_0716_CYL_800.wav,77.3905554259601,75.31674138819167
FR_0716_CYL_800,2026-07-16,换26号嵌套油缸 + 老控制器,0716嵌套油缸,800,800rpm,24,20.76,86.12472665665445,84.59320212782242,86.3889159370184,74.09879971188205,4.425715059263688,C:\Users\admin\Documents\Codex\2026-07-13\yi-j\work\hpdi_followup_v3\wav\FR_0716_CYL_800.wav,77.66840837743293,76.1368838486009
FR_0716_CYL_800,2026-07-16,换26号嵌套油缸 + 老控制器,0716嵌套油缸,800,800rpm,25,21.76,76.72336190978879,63.05046762981729,78.00967272252291,72.09799618010136,11.395752621948738,C:\Users\admin\Documents\Codex\2026-07-13\yi-j\work\hpdi_followup_v3\wav\FR_0716_CYL_800.wav,68.26704363056727,54.59414935059577
FR_0716_CYL_800,2026-07-16,换26号嵌套油缸 + 老控制器,0716嵌套油缸,800,800rpm,26,22.4,86.75630105163953,84.90423370106774,86.97680326136094,73.92330497084713,3.090311636622861,C:\Users\admin\Documents\Codex\2026-07-13\yi-j\work\hpdi_followup_v3\wav\FR_0716_CYL_800.wav,78.299982772418,76.44791542184622
FR_0716_CYL_800,2026-07-16,换26号嵌套油缸 + 老控制器,0716嵌套油缸,800,800rpm,27,23.5,86.42078332369533,85.23523694101782,86.65694795497205,73.89370618120569,3.425313336800194,C:\Users\admin\Documents\Codex\2026-07-13\yi-j\work\hpdi_followup_v3\wav\FR_0716_CYL_800.wav,77.96446504447381,76.7789186617963
FR_0716_CYL_800,2026-07-16,换26号嵌套油缸 + 老控制器,0716嵌套油缸,800,800rpm,28,24.44,77.55234737727847,72.93196590881814,78.50241337837204,71.4357314641662,12.355192588493168,C:\Users\admin\Documents\Codex\2026-07-13\yi-j\work\hpdi_followup_v3\wav\FR_0716_CYL_800.wav,69.09602909805695,64.47564762959662
FR_0716_CYL_800,2026-07-16,换26号嵌套油缸 + 老控制器,0716嵌套油缸,800,800rpm,29,25.24,85.2701399964174,83.01425288697965,85.51981902882545,72.99155520217188,5.073512476805494,C:\Users\admin\Documents\Codex\2026-07-13\yi-j\work\hpdi_followup_v3\wav\FR_0716_CYL_800.wav,76.81382171719588,74.55793460775813
FR_0716_CYL_800,2026-07-16,换26号嵌套油缸 + 老控制器,0716嵌套油缸,800,800rpm,30,26.22,85.52245458597568,83.57498421729659,85.75841700245266,72.99155520217188,4.377312581121075,C:\Users\admin\Documents\Codex\2026-07-13\yi-j\work\hpdi_followup_v3\wav\FR_0716_CYL_800.wav,77.06613630675416,75.11866593807507
FR_0716_CYL_800,2026-07-16,换26号嵌套油缸 + 老控制器,0716嵌套油缸,800,800rpm,31,27.32,78.13382265963736,63.027789413784376,79.19411842328982,72.55117829055072,12.352127134750724,C:\Users\admin\Documents\Codex\2026-07-13\yi-j\work\hpdi_followup_v3\wav\FR_0716_CYL_800.wav,69.67750438041584,54.571471134562856
FR_0716_CYL_800,2026-07-16,换26号嵌套油缸 + 老控制器,0716嵌套油缸,800,800rpm,32,27.88,86.01034445830882,83.71697007081292,86.25603534559795,73.65981639947731,4.454704008070639,C:\Users\admin\Documents\Codex\2026-07-13\yi-j\work\hpdi_followup_v3\wav\FR_0716_CYL_800.wav,77.5540261790873,75.2606517915914
FR_0716_CYL_800,2026-07-16,换26号嵌套油缸 + 老控制器,0716嵌套油缸,800,800rpm,33,28.86,86.06771149785627,84.95092070811253,86.31026670234385,73.65981639947731,4.81480831139606,C:\Users\admin\Documents\Codex\2026-07-13\yi-j\work\hpdi_followup_v3\wav\FR_0716_CYL_800.wav,77.61139321863475,76.49460242889101
FR_0716_CYL_800,2026-07-16,换26号嵌套油缸 + 老控制器,0716嵌套油缸,800,800rpm,34,29.66,78.05483344746966,70.75799369140766,78.88163914291755,71.2709844017599,10.58036995629751,C:\Users\admin\Documents\Codex\2026-07-13\yi-j\work\hpdi_followup_v3\wav\FR_0716_CYL_800.wav,69.59851516824814,62.30167541218614
FR_0716_CYL_800,2026-07-16,换26号嵌套油缸 + 老控制器,0716嵌套油缸,800,800rpm,35,30.5,87.28437137518675,84.92539269153498,87.41659634009153,72.1859430855058,3.6734062845662407,C:\Users\admin\Documents\Codex\2026-07-13\yi-j\work\hpdi_followup_v3\wav\FR_0716_CYL_800.wav,78.82805309596523,76.46907441231346
FR_0716_CYL_800,2026-07-16,换26号嵌套油缸 + 老控制器,0716嵌套油缸,800,800rpm,36,31.6,77.62574492211189,75.21254226227512,78.71738487770114,72.1859430855058,11.071313719732707,C:\Users\admin\Documents\Codex\2026-07-13\yi-j\work\hpdi_followup_v3\wav\FR_0716_CYL_800.wav,69.16942664289037,66.7562239830536
FR_0716_CYL_800,2026-07-16,换26号嵌套油缸 + 老控制器,0716嵌套油缸,800,800rpm,37,32.42,79.11348497911217,75.3909089120839,79.79323214084937,71.40342158667063,10.45507923451348,C:\Users\admin\Documents\Codex\2026-07-13\yi-j\work\hpdi_followup_v3\wav\FR_0716_CYL_800.wav,70.65716669989065,66.93459063286238
FR_0716_CYL_800,2026-07-16,换26号嵌套油缸 + 老控制器,0716嵌套油缸,800,800rpm,38,33.24,88.60133207676722,86.24365143176334,88.75082988801238,74.04480063487648,2.106249076302845,C:\Users\admin\Documents\Codex\2026-07-13\yi-j\work\hpdi_followup_v3\wav\FR_0716_CYL_800.wav,80.1450137975457,77.78733315254182
FR_0716_CYL_800,2026-07-16,换26号嵌套油缸 + 老控制器,0716嵌套油缸,800,800rpm,39,34.34,86.18234658559918,84.57474299924073,86.44002733587956,74.04480063487648,2.937804411582512,C:\Users\admin\Documents\Codex\2026-07-13\yi-j\work\hpdi_followup_v3\wav\FR_0716_CYL_800.wav,77.72602830637766,76.1184247200192
FR_0716_CYL_800,2026-07-16,换26号嵌套油缸 + 老控制器,0716嵌套油缸,800,800rpm,40,36.08,86.53396116367202,84.5834875625334,86.75271467723532,73.66550427816257,3.518926797063937,C:\Users\admin\Documents\Codex\2026-07-13\yi-j\work\hpdi_followup_v3\wav\FR_0716_CYL_800.wav,78.0776428844505,76.12716928331189
FR_0716_CYL_800,2026-07-16,换26号嵌套油缸 + 老控制器,0716嵌套油缸,800,800rpm,41,37.06,86.4434513062891,84.93626411728924,86.6666952056375,73.66550427816257,4.314333145041282,C:\Users\admin\Documents\Codex\2026-07-13\yi-j\work\hpdi_followup_v3\wav\FR_0716_CYL_800.wav,77.98713302706759,76.47994583806772
FR_0716_CYL_800,2026-07-16,换26号嵌套油缸 + 老控制器,0716嵌套油缸,800,800rpm,42,38.42,92.1825747095803,89.82787268417361,92.27370595086454,75.44704975273726,0.7660357819762069,C:\Users\admin\Documents\Codex\2026-07-13\yi-j\work\hpdi_followup_v3\wav\FR_0716_CYL_800.wav,83.72625643035877,81.3715544049521
FR_0716_CYL_800,2026-07-16,换26号嵌套油缸 + 老控制器,0716嵌套油缸,800,800rpm,43,39.5,88.18315165179648,86.22179030306701,88.41948133831801,75.6591920050926,0.7018697536400325,C:\Users\admin\Documents\Codex\2026-07-13\yi-j\work\hpdi_followup_v3\wav\FR_0716_CYL_800.wav,79.72683337257496,77.76547202384549
FR_0716_CYL_800,2026-07-16,换26号嵌套油缸 + 老控制器,0716嵌套油缸,800,800rpm,44,40.48,77.90664348048463,63.71268124074788,79.18676428628743,73.25708091339462,10.770671987708653,C:\Users\admin\Documents\Codex\2026-07-13\yi-j\work\hpdi_followup_v3\wav\FR_0716_CYL_800.wav,69.45032520126311,55.25636296152636
FR_0716_CYL_800,2026-07-16,换26号嵌套油缸 + 老控制器,0716嵌套油缸,800,800rpm,45,40.84,91.39340937041351,88.39874570776635,91.47017296774325,73.90555777703364,-0.7708296899832447,C:\Users\admin\Documents\Codex\2026-07-13\yi-j\work\hpdi_followup_v3\wav\FR_0716_CYL_800.wav,82.93709109119199,79.94242742854483
FR_0716_CYL_800,2026-07-16,换26号嵌套油缸 + 老控制器,0716嵌套油缸,800,800rpm,46,41.94,85.42155620494805,84.7906977243432,85.71756193771864,73.90555777703364,2.719749639812978,C:\Users\admin\Documents\Codex\2026-07-13\yi-j\work\hpdi_followup_v3\wav\FR_0716_CYL_800.wav,76.96523792572653,76.33437944512168
FR_0716_CYL_800,2026-07-16,换26号嵌套油缸 + 老控制器,0716嵌套油缸,800,800rpm,47,42.96,76.97023934816731,63.07884619854634,78.24333769028495,72.29310373883587,12.021166253438384,C:\Users\admin\Documents\Codex\2026-07-13\yi-j\work\hpdi_followup_v3\wav\FR_0716_CYL_800.wav,68.51392106894579,54.62252791932482
FR_0716_CYL_800,2026-07-16,换26号嵌套油缸 + 老控制器,0716嵌套油缸,800,800rpm,48,43.38,88.4353820308189,85.27918101135766,88.55487066466327,72.89068617117827,1.34821538727752,C:\Users\admin\Documents\Codex\2026-07-13\yi-j\work\hpdi_followup_v3\wav\FR_0716_CYL_800.wav,79.97906375159738,76.82286273213614
FR_0716_CYL_800,2026-07-16,换26号嵌套油缸 + 老控制器,0716嵌套油缸,800,800rpm,49,44.38,84.79362539088005,83.85285669921251,85.06517074691834,72.89068617117827,4.3445838557455545,C:\Users\admin\Documents\Codex\2026-07-13\yi-j\work\hpdi_followup_v3\wav\FR_0716_CYL_800.wav,76.33730711165853,75.39653841999099
FR_0716_CYL_800,2026-07-16,换26号嵌套油缸 + 老控制器,0716嵌套油缸,800,800rpm,50,45.32,76.39875919094837,62.83128914162299,77.54081992021807,71.18134483783663,11.32185006888615,C:\Users\admin\Documents\Codex\2026-07-13\yi-j\work\hpdi_followup_v3\wav\FR_0716_CYL_800.wav,67.94244091172685,54.37497086240147
FR_0716_CYL_800,2026-07-16,换26号嵌套油缸 + 老控制器,0716嵌套油缸,800,800rpm,51,45.92,87.7591907712447,84.5219403818069,87.92863225466732,73.75654129651173,1.1423695919605592,C:\Users\admin\Documents\Codex\2026-07-13\yi-j\work\hpdi_followup_v3\wav\FR_0716_CYL_800.wav,79.30287249202318,76.06562210258538
FR_0716_CYL_800,2026-07-16,换26号嵌套油缸 + 老控制器,0716嵌套油缸,800,800rpm,52,46.9,85.67959790253963,84.9499940389285,85.96962911621891,74.07202480392667,3.2730925652082874,C:\Users\admin\Documents\Codex\2026-07-13\yi-j\work\hpdi_followup_v3\wav\FR_0716_CYL_800.wav,77.2232796233181,76.49367575970697
FR_0716_CYL_800,2026-07-16,换26号嵌套油缸 + 老控制器,0716嵌套油缸,800,800rpm,53,47.54,76.7242555720852,62.78528525800788,77.99268191877937,72.02870322361906,10.935068130496447,C:\Users\admin\Documents\Codex\2026-07-13\yi-j\work\hpdi_followup_v3\wav\FR_0716_CYL_800.wav,68.26793729286368,54.32896697878636
FR_0716_CYL_800,2026-07-16,换26号嵌套油缸 + 老控制器,0716嵌套油缸,800,800rpm,54,48.54,87.72938337224011,85.31517218546547,87.9142698507551,74.11336295525355,2.272215308064041,C:\Users\admin\Documents\Codex\2026-07-13\yi-j\work\hpdi_followup_v3\wav\FR_0716_CYL_800.wav,79.27306509301859,76.85885390624395
FR_0716_CYL_800,2026-07-16,换26号嵌套油缸 + 老控制器,0716嵌套油缸,800,800rpm,55,49.54,83.52443817219185,83.25201030538616,83.994122703248,74.10161618244393,5.624262950265244,C:\Users\admin\Documents\Codex\2026-07-13\yi-j\work\hpdi_followup_v3\wav\FR_0716_CYL_800.wav,75.06811989297033,74.79569202616464
FR_0716_CYL_800,2026-07-16,换26号嵌套油缸 + 老控制器,0716嵌套油缸,800,800rpm,56,50.3,78.0608115271555,70.89345284519376,79.1305986163371,72.52180985423676,9.7406690199135,C:\Users\admin\Documents\Codex\2026-07-13\yi-j\work\hpdi_followup_v3\wav\FR_0716_CYL_800.wav,69.60449324793397,62.437134565972244
FR_0716_CYL_800,2026-07-16,换26号嵌套油缸 + 老控制器,0716嵌套油缸,800,800rpm,57,51.26,89.3462329271519,85.18291134767554,89.46077518216767,73.6154441039059,0.35136851339462893,C:\Users\admin\Documents\Codex\2026-07-13\yi-j\work\hpdi_followup_v3\wav\FR_0716_CYL_800.wav,80.88991464793038,76.72659306845402
FR_0716_CYL_800,2026-07-16,换26号嵌套油缸 + 老控制器,0716嵌套油缸,800,800rpm,58,52.28,85.48422192411235,84.27898403313688,85.48422192411235,-282.7858061972788,4.390133859996322,C:\Users\admin\Documents\Codex\2026-07-13\yi-j\work\hpdi_followup_v3\wav\FR_0716_CYL_800.wav,77.02790364489083,75.82266575391536
FR_0716_CYL_900,2026-07-16,换26号嵌套油缸 + 老控制器,0716嵌套油缸,900,900rpm,1,0.5,84.86066979895463,84.01206953963194,84.86066979895463,-282.7858061972788,4.096619026206454,C:\Users\admin\Documents\Codex\2026-07-13\yi-j\work\hpdi_followup_v3\wav\FR_0716_CYL_900.wav,74.92404492673838,74.07544466741568
FR_0716_CYL_900,2026-07-16,换26号嵌套油缸 + 老控制器,0716嵌套油缸,900,900rpm,2,1.92,89.13845035527159,85.14231650950043,89.29913901478164,74.90105157523485,0.43741072578272266,C:\Users\admin\Documents\Codex\2026-07-13\yi-j\work\hpdi_followup_v3\wav\FR_0716_CYL_900.wav,79.20182548305533,75.20569163728418
FR_0716_CYL_900,2026-07-16,换26号嵌套油缸 + 老控制器,0716嵌套油缸,900,900rpm,3,3.8,83.67860222517535,67.83457969080996,83.9935032413047,72.44090157568303,5.367376528079156,C:\Users\admin\Documents\Codex\2026-07-13\yi-j\work\hpdi_followup_v3\wav\FR_0716_CYL_900.wav,73.7419773529591,57.8979548185937
FR_0716_CYL_900,2026-07-16,换26号嵌套油缸 + 老控制器,0716嵌套油缸,900,900rpm,4,4.36,89.17318461393201,86.24677740084189,89.40211887376543,76.50741934849464,0.5726759063857472,C:\Users\admin\Documents\Codex\2026-07-13\yi-j\work\hpdi_followup_v3\wav\FR_0716_CYL_900.wav,79.23655974171575,76.31015252862564
FR_0716_CYL_900,2026-07-16,换26号嵌套油缸 + 老控制器,0716嵌套油缸,900,900rpm,5,5.26,86.3533288722375,84.93455405806296,86.72445891576338,75.85763329417398,1.342158112902755,C:\Users\admin\Documents\Codex\2026-07-13\yi-j\work\hpdi_followup_v3\wav\FR_0716_CYL_900.wav,76.41670400002124,74.9979291858467
FR_0716_CYL_900,2026-07-16,换26号嵌套油缸 + 老控制器,0716嵌套油缸,900,900rpm,6,6.78,88.74986882374176,84.69493172375778,88.95772890437692,75.65408117849121,0.6271099808114045,C:\Users\admin\Documents\Codex\2026-07-13\yi-j\work\hpdi_followup_v3\wav\FR_0716_CYL_900.wav,78.81324395152551,74.75830685154152
FR_0716_CYL_900,2026-07-16,换26号嵌套油缸 + 老控制器,0716嵌套油缸,900,900rpm,7,7.7,85.66364759790844,84.7886782661005,86.00073183829193,74.7328211733606,1.753343977461249,C:\Users\admin\Documents\Codex\2026-07-13\yi-j\work\hpdi_followup_v3\wav\FR_0716_CYL_900.wav,75.72702272569218,74.85205339388425
FR_0716_CYL_900,2026-07-16,换26号嵌套油缸 + 老控制器,0716嵌套油缸,900,900rpm,8,8.92,91.76869888585574,88.19003768585247,91.87535167634645,75.7240135279904,-0.930921772061275,C:\Users\admin\Documents\Codex\2026-07-13\yi-j\work\hpdi_followup_v3\wav\FR_0716_CYL_900.wav,81.83207401363948,78.25341281363622
FR_0716_CYL_900,2026-07-16,换26号嵌套油缸 + 老控制器,0716嵌套油缸,900,900rpm,9,9.92,87.55785138071701,86.16053915744429,87.85377596769865,76.0406211989422,-0.7744918476208653,C:\Users\admin\Documents\Codex\2026-07-13\yi-j\work\hpdi_followup_v3\wav\FR_0716_CYL_900.wav,77.62122650850075,76.22391428522803
FR_0716_CYL_900,2026-07-16,换26号嵌套油缸 + 老控制器,0716嵌套油缸,900,900rpm,10,11.14,93.54929226689038,91.1727062229743,93.63420691032695,76.5038015567077,-2.3600133510400667,C:\Users\admin\Documents\Codex\2026-07-13\yi-j\work\hpdi_followup_v3\wav\FR_0716_CYL_900.wav,83.61266739467412,81.23608135075804
FR_0716_CYL_900,2026-07-16,换26号嵌套油缸 + 老控制器,0716嵌套油缸,900,900rpm,11,12.04,85.67125124424082,85.51879318338939,86.28338405762992,77.4715255219275,1.91798761839312,C:\Users\admin\Documents\Codex\2026-07-13\yi-j\work\hpdi_followup_v3\wav\FR_0716_CYL_900.wav,75.73462637202456,75.58216831117313
FR_0716_CYL_900,2026-07-16,换26号嵌套油缸 + 老控制器,0716嵌套油缸,900,900rpm,12,13.46,89.30557844200014,84.80572111451312,89.45411378115861,74.72051259090965,-1.6697556234787783,C:\Users\admin\Documents\Codex\2026-07-13\yi-j\work\hpdi_followup_v3\wav\FR_0716_CYL_900.wav,79.36895356978388,74.86909624229686
FR_0716_CYL_900,2026-07-16,换26号嵌套油缸 + 老控制器,0716嵌套油缸,900,900rpm,13,14.38,84.99233237811318,84.0829680275026,85.38223946697433,74.72051259090965,2.4915817722388276,C:\Users\admin\Documents\Codex\2026-07-13\yi-j\work\hpdi_followup_v3\wav\FR_0716_CYL_900.wav,75.05570750589692,74.14634315528635
FR_0716_CYL_900,2026-07-16,换26号嵌套油缸 + 老控制器,0716嵌套油缸,900,900rpm,14,15.7,89.31385504597557,85.77817655396905,89.469542517639,74.93662487221626,-0.5054535750503462,C:\Users\admin\Documents\Codex\2026-07-13\yi-j\work\hpdi_followup_v3\wav\FR_0716_CYL_900.wav,79.37723017375932,75.84155168175279
FR_0716_CYL_900,2026-07-16,换26号嵌套油缸 + 老控制器,0716嵌套油缸,900,900rpm,15,16.7,86.58728638740105,83.77822602394161,86.87454692350019,74.93662487221626,-0.04044027787763582,C:\Users\admin\Documents\Codex\2026-07-13\yi-j\work\hpdi_followup_v3\wav\FR_0716_CYL_900.wav,76.6506615151848,73.84160115172536
FR_0716_CYL_900,2026-07-16,换26号嵌套油缸 + 老控制器,0716嵌套油缸,900,900rpm,16,18.14,86.42339317330651,83.6976331479988,86.67934436375982,74.25572569519301,-0.14315977058050677,C:\Users\admin\Documents\Codex\2026-07-13\yi-j\work\hpdi_followup_v3\wav\FR_0716_CYL_900.wav,76.48676830109025,73.76100827578254
FR_0716_CYL_900,2026-07-16,换26号嵌套油缸 + 老控制器,0716嵌套油缸,900,900rpm,17,19.02,85.92048387680893,85.1950194776613,86.17857151557725,73.78999566327892,1.921140915318066,C:\Users\admin\Documents\Codex\2026-07-13\yi-j\work\hpdi_followup_v3\wav\FR_0716_CYL_900.wav,75.98385900459267,75.25839460544505
FR_0716_CYL_900,2026-07-16,换26号嵌套油缸 + 老控制器,0716嵌套油缸,900,900rpm,18,20.56,88.88194410815098,84.4959415146436,89.03845394798958,74.52800739343058,-0.768739999277372,C:\Users\admin\Documents\Codex\2026-07-13\yi-j\work\hpdi_followup_v3\wav\FR_0716_CYL_900.wav,78.94531923593472,74.55931664242735
FR_0716_CYL_900,2026-07-16,换26号嵌套油缸 + 老控制器,0716嵌套油缸,900,900rpm,19,21.44,87.47313156766026,85.16190508629197,87.65524140710292,73.78999566327892,1.4745159420915819,C:\Users\admin\Documents\Codex\2026-07-13\yi-j\work\hpdi_followup_v3\wav\FR_0716_CYL_900.wav,77.536506695444,75.22528021407571
FR_0716_CYL_900,2026-07-16,换26号嵌套油缸 + 老控制器,0716嵌套油缸,900,900rpm,20,23.0,87.92872623490219,84.75468354137799,88.13369032177297,74.77054592963314,-0.4436151255017897,C:\Users\admin\Documents\Codex\2026-07-13\yi-j\work\hpdi_followup_v3\wav\FR_0716_CYL_900.wav,77.99210136268593,74.81805866916173
FR_0716_CYL_900,2026-07-16,换26号嵌套油缸 + 老控制器,0716嵌套油缸,900,900rpm,21,23.9,85.51789602932577,84.39296132928902,85.86895348115368,74.77054592963314,1.5662908486864424,C:\Users\admin\Documents\Codex\2026-07-13\yi-j\work\hpdi_followup_v3\wav\FR_0716_CYL_900.wav,75.58127115710951,74.45633645707277
FR_0716_CYL_900,2026-07-16,换26号嵌套油缸 + 老控制器,0716嵌套油缸,900,900rpm,22,24.84,82.20180594558951,66.03029255442672,82.60011467329318,72.02683742027214,5.851148518053876,C:\Users\admin\Documents\Codex\2026-07-13\yi-j\work\hpdi_followup_v3\wav\FR_0716_CYL_900.wav,72.26518107337326,56.093667682210466
FR_0716_CYL_900,2026-07-16,换26号嵌套油缸 + 老控制器,0716嵌套油缸,900,900rpm,23,25.24,88.6635959376755,85.68986435904358,88.92171378971045,76.53363136147252,-0.14031818393501183,C:\Users\admin\Documents\Codex\2026-07-13\yi-j\work\hpdi_followup_v3\wav\FR_0716_CYL_900.wav,78.72697106545924,75.75323948682733
FR_0716_CYL_900,2026-07-16,换26号嵌套油缸 + 老控制器,0716嵌套油缸,900,900rpm,24,26.14,84.29643843625712,83.62410998149352,84.79495164769257,75.14700267348803,3.7151260467545804,C:\Users\admin\Documents\Codex\2026-07-13\yi-j\work\hpdi_followup_v3\wav\FR_0716_CYL_900.wav,74.35981356404086,73.68748510927726
FR_0716_CYL_900,2026-07-16,换26号嵌套油缸 + 老控制器,0716嵌套油缸,900,900rpm,25,27.36,92.81323436858496,89.31431289429074,92.88429060846315,74.98699003557448,-2.641244894585977,C:\Users\admin\Documents\Codex\2026-07-13\yi-j\work\hpdi_followup_v3\wav\FR_0716_CYL_900.wav,82.8766094963687,79.37768802207448
FR_0716_CYL_900,2026-07-16,换26号嵌套油缸 + 老控制器,0716嵌套油缸,900,900rpm,26,28.36,89.02741672767874,87.0030266264467,89.25046740275597,76.2456116838057,-0.16599473871037418,C:\Users\admin\Documents\Codex\2026-07-13\yi-j\work\hpdi_followup_v3\wav\FR_0716_CYL_900.wav,79.09079185546248,77.06640175423044
FR_0716_CYL_900,2026-07-16,换26号嵌套油缸 + 老控制器,0716嵌套油缸,900,900rpm,27,29.66,89.9877007447898,85.45888624035473,90.16740534420498,76.2456116838057,-0.6549070500693723,C:\Users\admin\Documents\Codex\2026-07-13\yi-j\work\hpdi_followup_v3\wav\FR_0716_CYL_900.wav,80.05107587257355,75.52226136813847
FR_0716_CYL_900,2026-07-16,换26号嵌套油缸 + 老控制器,0716嵌套油缸,900,900rpm,28,30.58,85.04727119285107,83.85789369588088,85.6191687113515,76.53169641977131,2.834384276081437,C:\Users\admin\Documents\Codex\2026-07-13\yi-j\work\hpdi_followup_v3\wav\FR_0716_CYL_900.wav,75.11064632063481,73.92126882366462
FR_0716_CYL_900,2026-07-16,换26号嵌套油缸 + 老控制器,0716嵌套油缸,900,900rpm,29,31.92,88.43986203088777,85.45519660176234,88.66633744040851,75.7259592401453,0.6810504649308733,C:\Users\admin\Documents\Codex\2026-07-13\yi-j\work\hpdi_followup_v3\wav\FR_0716_CYL_900.wav,78.50323715867151,75.51857172954608
FR_0716_CYL_900,2026-07-16,换26号嵌套油缸 + 老控制器,0716嵌套油缸,900,900rpm,30,32.92,87.75731634040412,85.10241216709053,88.01703330798252,75.65498207675188,0.09788090585216835,C:\Users\admin\Documents\Codex\2026-07-13\yi-j\work\hpdi_followup_v3\wav\FR_0716_CYL_900.wav,77.82069146818786,75.16578729487428
FR_0716_CYL_900,2026-07-16,换26号嵌套油缸 + 老控制器,0716嵌套油缸,900,900rpm,31,34.36,86.10981001719834,83.38129968497367,86.46977798897731,75.47583260412873,1.3932252814783297,C:\Users\admin\Documents\Codex\2026-07-13\yi-j\work\hpdi_followup_v3\wav\FR_0716_CYL_900.wav,76.17318514498209,73.44467481275741
FR_0716_CYL_900,2026-07-16,换26号嵌套油缸 + 老控制器,0716嵌套油缸,900,900rpm,32,35.24,86.31855670928556,84.71805718114712,86.66228261079249,75.47583260412873,1.280891376813603,C:\Users\admin\Documents\Codex\2026-07-13\yi-j\work\hpdi_followup_v3\wav\FR_0716_CYL_900.wav,76.3819318370693,74.78143230893086
FR_0716_CYL_900,2026-07-16,换26号嵌套油缸 + 老控制器,0716嵌套油缸,900,900rpm,33,36.78,90.63078529060166,87.05804361950229,90.84394153762759,77.64693685763513,-1.1894793060655147,C:\Users\admin\Documents\Codex\2026-07-13\yi-j\work\hpdi_followup_v3\wav\FR_0716_CYL_900.wav,80.69416041838541,77.12141874728603
FR_0716_CYL_900,2026-07-16,换26号嵌套油缸 + 老控制器,0716嵌套油缸,900,900rpm,34,37.7,84.50725684410872,83.02481194820571,84.94415988000414,74.75354708309305,2.8784087526199578,C:\Users\admin\Documents\Codex\2026-07-13\yi-j\work\hpdi_followup_v3\wav\FR_0716_CYL_900.wav,74.57063197189247,73.08818707598945
FR_0716_CYL_900,2026-07-16,换26号嵌套油缸 + 老控制器,0716嵌套油缸,900,900rpm,35,39.22,84.9858785884011,82.47709868472334,85.28524384321915,73.52059182295538,2.2675802408561125,C:\Users\admin\Documents\Codex\2026-07-13\yi-j\work\hpdi_followup_v3\wav\FR_0716_CYL_900.wav,75.04925371618485,72.54047381250709
FR_0716_CYL_900,2026-07-16,换26号嵌套油缸 + 老控制器,0716嵌套油缸,900,900rpm,36,40.1,86.41554978300005,84.73581044013139,86.63300527184344,73.52059182295538,1.6490855644734381,C:\Users\admin\Documents\Codex\2026-07-13\yi-j\work\hpdi_followup_v3\wav\FR_0716_CYL_900.wav,76.47892491078379,74.79918556791513
FR_0716_CYL_900,2026-07-16,换26号嵌套油缸 + 老控制器,0716嵌套油缸,900,900rpm,37,41.34,92.513996547486,88.71947481754086,92.58415058182933,74.63180418004484,-2.401550803203577,C:\Users\admin\Documents\Codex\2026-07-13\yi-j\work\hpdi_followup_v3\wav\FR_0716_CYL_900.wav,82.57737167526975,78.7828499453246
FR_0716_CYL_900,2026-07-16,换26号嵌套油缸 + 老控制器,0716嵌套油缸,900,900rpm,38,42.26,81.92366576067816,81.77861294663805,83.06933311782713,76.7218272005066,3.1693007557568897,C:\Users\admin\Documents\Codex\2026-07-13\yi-j\work\hpdi_followup_v3\wav\FR_0716_CYL_900.wav,71.9870408884619,71.84198807442179
FR_0716_CYL_900,2026-07-16,换26号嵌套油缸 + 老控制器,0716嵌套油缸,900,900rpm,39,43.16,80.18414128232777,66.00242568923542,80.80964752166894,72.08512087179804,7.397088995043827,C:\Users\admin\Documents\Codex\2026-07-13\yi-j\work\hpdi_followup_v3\wav\FR_0716_CYL_900.wav,70.24751641011152,56.065800817019166
FR_0716_CYL_900,2026-07-16,换26号嵌套油缸 + 老控制器,0716嵌套油缸,900,900rpm,40,43.58,87.97902447133872,84.81540674810786,88.1632362517262,74.34678680964917,0.1392486770707997,C:\Users\admin\Documents\Codex\2026-07-13\yi-j\work\hpdi_followup_v3\wav\FR_0716_CYL_900.wav,78.04239959912246,74.8787818758916
FR_0716_CYL_900,2026-07-16,换26号嵌套油缸 + 老控制器,0716嵌套油缸,900,900rpm,41,45.48,82.02449499861856,66.30254901149596,82.38103041277655,71.34716584466948,5.7550968909705915,C:\Users\admin\Documents\Codex\2026-07-13\yi-j\work\hpdi_followup_v3\wav\FR_0716_CYL_900.wav,72.08787012640231,56.3659241392797
FR_0716_CYL_900,2026-07-16,换26号嵌套油缸 + 老控制器,0716嵌套油缸,900,900rpm,42,45.8,91.47906493982927,87.69221190674307,91.59482352351188,75.79476172446954,-1.3900922451884163,C:\Users\admin\Documents\Codex\2026-07-13\yi-j\work\hpdi_followup_v3\wav\FR_0716_CYL_900.wav,81.54244006761301,77.75558703452681
FR_0716_CYL_900,2026-07-16,换26号嵌套油缸 + 老控制器,0716嵌套油缸,900,900rpm,43,46.7,85.14499352006197,83.89177211057154,85.88508897197397,77.83532930252457,2.7664900309540386,C:\Users\admin\Documents\Codex\2026-07-13\yi-j\work\hpdi_followup_v3\wav\FR_0716_CYL_900.wav,75.20836864784572,73.95514723835528
FR_0716_CYL_900,2026-07-16,换26号嵌套油缸 + 老控制器,0716嵌套油缸,900,900rpm,44,48.12,90.19864045446441,85.48314362012647,90.36765104028373,76.18471575338529,-2.096636167171372,C:\Users\admin\Documents\Codex\2026-07-13\yi-j\work\hpdi_followup_v3\wav\FR_0716_CYL_900.wav,80.26201558224815,75.54651874791021
FR_0716_CYL_900,2026-07-16,换26号嵌套油缸 + 老控制器,0716嵌套油缸,900,900rpm,45,49.02,87.42839111950661,84.79376078575967,87.49434942291731,69.27626365854441,0.35927826835581556,C:\Users\admin\Documents\Codex\2026-07-13\yi-j\work\hpdi_followup_v3\wav\FR_0716_CYL_900.wav,77.49176624729036,74.85713591354342
FR_0716_CYL_1000,2026-07-16,换26号嵌套油缸 + 老控制器,0716嵌套油缸,1000,1000rpm,1,0.6,87.58099888214059,86.16076384431993,87.58099888214059,-282.7858061972788,-0.1553485683174216,C:\Users\admin\Documents\Codex\2026-07-13\yi-j\work\hpdi_followup_v3\wav\FR_0716_CYL_1000.wav,75.89265911186347,74.4724240740428
FR_0716_CYL_1000,2026-07-16,换26号嵌套油缸 + 老控制器,0716嵌套油缸,1000,1000rpm,2,1.84,90.24919225485182,86.18640488228783,90.59414085561338,79.42250885655679,-1.8168423528434587,C:\Users\admin\Documents\Codex\2026-07-13\yi-j\work\hpdi_followup_v3\wav\FR_0716_CYL_1000.wav,78.5608524845747,74.4980651120107
FR_0716_CYL_1000,2026-07-16,换26号嵌套油缸 + 老控制器,0716嵌套油缸,1000,1000rpm,3,2.62,86.88944482465709,84.54107774500775,87.49225509656877,78.61829903692546,-0.5819963352367523,C:\Users\admin\Documents\Codex\2026-07-13\yi-j\work\hpdi_followup_v3\wav\FR_0716_CYL_1000.wav,75.20110505437997,72.85273797473063
FR_0716_CYL_1000,2026-07-16,换26号嵌套油缸 + 老控制器,0716嵌套油缸,1000,1000rpm,4,3.96,89.77233449223111,86.79458258009785,90.00759127935297,77.22807236885672,-2.3280090943138916,C:\Users\admin\Documents\Codex\2026-07-13\yi-j\work\hpdi_followup_v3\wav\FR_0716_CYL_1000.wav,78.08399472195399,75.10624280982073
FR_0716_CYL_1000,2026-07-16,换26号嵌套油缸 + 老控制器,0716嵌套油缸,1000,1000rpm,5,5.66,83.15750825008851,67.58122324433317,83.83628667120908,75.4407541104226,4.5841872604621585,C:\Users\admin\Documents\Codex\2026-07-13\yi-j\work\hpdi_followup_v3\wav\FR_0716_CYL_1000.wav,71.46916847981139,55.89288347405605
FR_0716_CYL_1000,2026-07-16,换26号嵌套油缸 + 老控制器,0716嵌套油缸,1000,1000rpm,6,6.1,90.12944327196196,85.82691148784711,90.42535467465831,78.61201292828542,-2.195379991123314,C:\Users\admin\Documents\Codex\2026-07-13\yi-j\work\hpdi_followup_v3\wav\FR_0716_CYL_1000.wav,78.44110350168484,74.13857171756999
FR_0716_CYL_1000,2026-07-16,换26号嵌套油缸 + 老控制器,0716嵌套油缸,1000,1000rpm,7,6.88,85.22348797425244,85.59012315600415,85.89783815470962,77.47603675725385,0.7844836398432875,C:\Users\admin\Documents\Codex\2026-07-13\yi-j\work\hpdi_followup_v3\wav\FR_0716_CYL_1000.wav,73.53514820397531,73.90178338572703
FR_0716_CYL_1000,2026-07-16,换26号嵌套油缸 + 老控制器,0716嵌套油缸,1000,1000rpm,8,8.32,87.99773252657383,85.09741713750216,88.33920022495212,77.12523815211225,-0.8682340308771579,C:\Users\admin\Documents\Codex\2026-07-13\yi-j\work\hpdi_followup_v3\wav\FR_0716_CYL_1000.wav,76.3093927562967,73.40907736722504
FR_0716_CYL_1000,2026-07-16,换26号嵌套油缸 + 老控制器,0716嵌套油缸,1000,1000rpm,9,9.08,89.8868503425805,86.74375495045756,90.09731141865544,76.8463805851623,-0.712146421417053,C:\Users\admin\Documents\Codex\2026-07-13\yi-j\work\hpdi_followup_v3\wav\FR_0716_CYL_1000.wav,78.19851057230338,75.05541518018043
FR_0716_CYL_1000,2026-07-16,换26号嵌套油缸 + 老控制器,0716嵌套油缸,1000,1000rpm,10,10.44,88.46554773359048,85.01691804780391,88.83197415505953,77.91207375197685,-0.984225297687118,C:\Users\admin\Documents\Codex\2026-07-13\yi-j\work\hpdi_followup_v3\wav\FR_0716_CYL_1000.wav,76.77720796331336,73.32857827752679
FR_0716_CYL_1000,2026-07-16,换26号嵌套油缸 + 老控制器,0716嵌套油缸,1000,1000rpm,11,11.22,87.01420317646202,85.98488448038152,87.36871858788746,76.31117469552402,1.4838264205363636,C:\Users\admin\Documents\Codex\2026-07-13\yi-j\work\hpdi_followup_v3\wav\FR_0716_CYL_1000.wav,75.3258634061849,74.2965447101044
FR_0716_CYL_1000,2026-07-16,换26号嵌套油缸 + 老控制器,0716嵌套油缸,1000,1000rpm,12,12.68,87.2960878774333,83.20148327252988,87.65032253944702,76.58947646635065,-0.7746446637507383,C:\Users\admin\Documents\Codex\2026-07-13\yi-j\work\hpdi_followup_v3\wav\FR_0716_CYL_1000.wav,75.60774810715617,71.51314350225276
FR_0716_CYL_1000,2026-07-16,换26号嵌套油缸 + 老控制器,0716嵌套油缸,1000,1000rpm,13,13.44,87.98248266919612,86.78381976664348,88.24702647080176,75.96255876700178,-0.09567383285632403,C:\Users\admin\Documents\Codex\2026-07-13\yi-j\work\hpdi_followup_v3\wav\FR_0716_CYL_1000.wav,76.29414289891899,75.09547999636635
FR_0716_CYL_1000,2026-07-16,换26号嵌套油缸 + 老控制器,0716嵌套油缸,1000,1000rpm,14,14.9,88.09413040812105,85.13082712625133,88.36536576665807,76.18607381634922,-0.7892121647571635,C:\Users\admin\Documents\Codex\2026-07-13\yi-j\work\hpdi_followup_v3\wav\FR_0716_CYL_1000.wav,76.40579063784392,73.44248735597421
FR_0716_CYL_1000,2026-07-16,换26号嵌套油缸 + 老控制器,0716嵌套油缸,1000,1000rpm,15,15.84,93.31205283718651,92.14792651793468,93.39542311084989,76.18607381634922,0.8511059370057694,C:\Users\admin\Documents\Codex\2026-07-13\yi-j\work\hpdi_followup_v3\wav\FR_0716_CYL_1000.wav,81.62371306690939,80.45958674765755
FR_0716_CYL_1000,2026-07-16,换26号嵌套油缸 + 老控制器,0716嵌套油缸,1000,1000rpm,16,16.88,89.58292277408027,87.08861055763276,89.8633945789344,77.82496234429469,0.047199425334749634,C:\Users\admin\Documents\Codex\2026-07-13\yi-j\work\hpdi_followup_v3\wav\FR_0716_CYL_1000.wav,77.89458300380315,75.40027078735564
FR_0716_CYL_1000,2026-07-16,换26号嵌套油缸 + 老控制器,0716嵌套油缸,1000,1000rpm,17,18.04,87.5375931199622,84.8040393749126,87.87082744056931,76.55492973416796,-1.9797940283345952,C:\Users\admin\Documents\Codex\2026-07-13\yi-j\work\hpdi_followup_v3\wav\FR_0716_CYL_1000.wav,75.84925334968507,73.11569960463548
FR_0716_CYL_1000,2026-07-16,换26号嵌套油缸 + 老控制器,0716嵌套油缸,1000,1000rpm,18,20.18,88.23183008256585,85.19319487619391,88.43293805404858,74.989221830595,-2.323671571142075,C:\Users\admin\Documents\Codex\2026-07-13\yi-j\work\hpdi_followup_v3\wav\FR_0716_CYL_1000.wav,76.54349031228872,73.50485510591679
FR_0716_CYL_1000,2026-07-16,换26号嵌套油缸 + 老控制器,0716嵌套油缸,1000,1000rpm,19,22.4,87.21305116186264,84.9208291358265,87.53246256336826,76.03939667477276,-0.5893799780461961,C:\Users\admin\Documents\Codex\2026-07-13\yi-j\work\hpdi_followup_v3\wav\FR_0716_CYL_1000.wav,75.52471139158551,73.23248936554937
FR_0716_CYL_1000,2026-07-16,换26号嵌套油缸 + 老控制器,0716嵌套油缸,1000,1000rpm,20,24.06,81.63104612368048,67.21190690157698,82.4908170525434,75.03400574422864,4.4368688172919875,C:\Users\admin\Documents\Codex\2026-07-13\yi-j\work\hpdi_followup_v3\wav\FR_0716_CYL_1000.wav,69.94270635340335,55.523567131299856
FR_0716_CYL_1000,2026-07-16,换26号嵌套油缸 + 老控制器,0716嵌套油缸,1000,1000rpm,21,24.64,87.858006414496,84.30986613589138,88.26067361027928,77.73251488683889,-0.7422537713373139,C:\Users\admin\Documents\Codex\2026-07-13\yi-j\work\hpdi_followup_v3\wav\FR_0716_CYL_1000.wav,76.16966664421888,72.62152636561426
FR_0716_CYL_1000,2026-07-16,换26号嵌套油缸 + 老控制器,0716嵌套油缸,1000,1000rpm,22,25.4,88.63179908697269,85.87863898867818,88.96378488694685,77.63220131286005,-0.3851704587273268,C:\Users\admin\Documents\Codex\2026-07-13\yi-j\work\hpdi_followup_v3\wav\FR_0716_CYL_1000.wav,76.94345931669557,74.19029921840105
FR_0716_CYL_1000,2026-07-16,换26号嵌套油缸 + 老控制器,0716嵌套油缸,1000,1000rpm,23,26.76,89.28650992676592,86.92753988225462,89.6063803745308,78.11932481704662,-1.3993752857445116,C:\Users\admin\Documents\Codex\2026-07-13\yi-j\work\hpdi_followup_v3\wav\FR_0716_CYL_1000.wav,77.59817015648879,75.2392001119775
FR_0716_CYL_1000,2026-07-16,换26号嵌套油缸 + 老控制器,0716嵌套油缸,1000,1000rpm,24,27.68,91.11075522548214,91.01431171859929,91.32354862762287,78.11932481704662,1.5250463196261599,C:\Users\admin\Documents\Codex\2026-07-13\yi-j\work\hpdi_followup_v3\wav\FR_0716_CYL_1000.wav,79.42241545520501,79.32597194832216
FR_0716_CYL_1000,2026-07-16,换26号嵌套油缸 + 老控制器,0716嵌套油缸,1000,1000rpm,25,28.74,90.29558313783106,87.53090321266562,90.55807086585702,78.24073493903742,-0.5417254886427827,C:\Users\admin\Documents\Codex\2026-07-13\yi-j\work\hpdi_followup_v3\wav\FR_0716_CYL_1000.wav,78.60724336755393,75.8425634423885
FR_0716_CYL_1000,2026-07-16,换26号嵌套油缸 + 老控制器,0716嵌套油缸,1000,1000rpm,26,29.9,88.15687300922951,85.32839967281049,88.35549820703017,74.85906442191691,-3.279573829139075,C:\Users\admin\Documents\Codex\2026-07-13\yi-j\work\hpdi_followup_v3\wav\FR_0716_CYL_1000.wav,76.46853323895239,73.64005990253337
FR_0716_CYL_1000,2026-07-16,换26号嵌套油缸 + 老控制器,0716嵌套油缸,1000,1000rpm,27,31.94,91.43549281560698,88.10874957622403,91.57867540376262,76.68833977027712,-1.666042868824551,C:\Users\admin\Documents\Codex\2026-07-13\yi-j\work\hpdi_followup_v3\wav\FR_0716_CYL_1000.wav,79.74715304532985,76.4204098059469
FR_0716_CYL_1000,2026-07-16,换26号嵌套油缸 + 老控制器,0716嵌套油缸,1000,1000rpm,28,32.7,89.26347086685533,86.79397186817239,89.56816003636547,77.87743314600328,-1.4265751828288735,C:\Users\admin\Documents\Codex\2026-07-13\yi-j\work\hpdi_followup_v3\wav\FR_0716_CYL_1000.wav,77.5751310965782,75.10563209789527
FR_0716_CYL_1000,2026-07-16,换26号嵌套油缸 + 老控制器,0716嵌套油缸,1000,1000rpm,29,33.96,89.46400138345382,86.10674385507392,89.66112621741156,76.13250689588241,-2.5334217247725874,C:\Users\admin\Documents\Codex\2026-07-13\yi-j\work\hpdi_followup_v3\wav\FR_0716_CYL_1000.wav,77.7756616131767,74.41840408479679
FR_0716_CYL_1000,2026-07-16,换26号嵌套油缸 + 老控制器,0716嵌套油缸,1000,1000rpm,30,35.74,81.44270184008974,66.40380757730789,82.24564590596785,74.51936743034517,4.452928367842759,C:\Users\admin\Documents\Codex\2026-07-13\yi-j\work\hpdi_followup_v3\wav\FR_0716_CYL_1000.wav,69.75436206981261,54.71546780703076
FR_0716_CYL_1000,2026-07-16,换26号嵌套油缸 + 老控制器,0716嵌套油缸,1000,1000rpm,31,36.1,88.58666699881431,86.30706112364878,88.95386065900057,78.04266596577885,-1.5299663681670346,C:\Users\admin\Documents\Codex\2026-07-13\yi-j\work\hpdi_followup_v3\wav\FR_0716_CYL_1000.wav,76.89832722853718,74.61872135337165
FR_0716_CYL_1000,2026-07-16,换26号嵌套油缸 + 老控制器,0716嵌套油缸,1000,1000rpm,32,36.88,83.6895700170409,83.55932045425193,84.82105580051389,78.42623682085663,0.6830047574407558,C:\Users\admin\Documents\Codex\2026-07-13\yi-j\work\hpdi_followup_v3\wav\FR_0716_CYL_1000.wav,72.00123024676377,71.8709806839748
FR_0716_CYL_1000,2026-07-16,换26号嵌套油缸 + 老控制器,0716嵌套油缸,1000,1000rpm,33,38.2,89.59987548330636,85.8637651751369,89.88979501056473,77.99057319882692,-1.9772769462879012,C:\Users\admin\Documents\Codex\2026-07-13\yi-j\work\hpdi_followup_v3\wav\FR_0716_CYL_1000.wav,77.91153571302924,74.17542540485978
FR_0716_CYL_1000,2026-07-16,换26号嵌套油缸 + 老控制器,0716嵌套油缸,1000,1000rpm,34,39.0,86.1419273293555,84.54608997507026,86.6715597477496,77.27133693990812,-0.12273167932485762,C:\Users\admin\Documents\Codex\2026-07-13\yi-j\work\hpdi_followup_v3\wav\FR_0716_CYL_1000.wav,74.45358755907837,72.85775020479313
FR_0716_CYL_1000,2026-07-16,换26号嵌套油缸 + 老控制器,0716嵌套油缸,1000,1000rpm,35,39.82,81.9578228052961,66.94147073957588,82.81881600254484,75.36758336255406,2.7771731346331308,C:\Users\admin\Documents\Codex\2026-07-13\yi-j\work\hpdi_followup_v3\wav\FR_0716_CYL_1000.wav,70.26948303501898,55.25313096929875
FR_0716_CYL_1000,2026-07-16,换26号嵌套油缸 + 老控制器,0716嵌套油缸,1000,1000rpm,36,40.44,88.29538182236041,85.0927635370141,88.67319615348042,77.88059956027158,-1.6215800393413282,C:\Users\admin\Documents\Codex\2026-07-13\yi-j\work\hpdi_followup_v3\wav\FR_0716_CYL_1000.wav,76.60704205208329,73.40442376673697
FR_0716_CYL_1000,2026-07-16,换26号嵌套油缸 + 老控制器,0716嵌套油缸,1000,1000rpm,37,41.2,90.28776929000074,87.6003208997524,90.46867908915195,76.57531598599763,-1.194005099686919,C:\Users\admin\Documents\Codex\2026-07-13\yi-j\work\hpdi_followup_v3\wav\FR_0716_CYL_1000.wav,78.59942951972361,75.91198112947528
FR_0716_CYL_1000,2026-07-16,换26号嵌套油缸 + 老控制器,0716嵌套油缸,1000,1000rpm,38,42.38,92.33969413837744,90.17889087235264,92.48099914278318,77.53427052170633,-0.22745351891278176,C:\Users\admin\Documents\Codex\2026-07-13\yi-j\work\hpdi_followup_v3\wav\FR_0716_CYL_1000.wav,80.65135436810031,78.49055110207551
FR_0716_CYL_1000,2026-07-16,换26号嵌套油缸 + 老控制器,0716嵌套油缸,1000,1000rpm,39,43.26,86.46024852937411,85.52741913467347,86.95803112547583,77.30407083716838,0.5430608700578539,C:\Users\admin\Documents\Codex\2026-07-13\yi-j\work\hpdi_followup_v3\wav\FR_0716_CYL_1000.wav,74.77190875909699,73.83907936439634
FR_0716_CYL_1000,2026-07-16,换26号嵌套油缸 + 老控制器,0716嵌套油缸,1000,1000rpm,40,44.4,90.40197569342794,86.7078637302506,90.57260817089146,76.43034511688572,-2.0296980669508926,C:\Users\admin\Documents\Codex\2026-07-13\yi-j\work\hpdi_followup_v3\wav\FR_0716_CYL_1000.wav,78.71363592315082,75.01952395997347
FR_0716_CYL_1000,2026-07-16,换26号嵌套油缸 + 老控制器,0716嵌套油缸,1000,1000rpm,41,45.3,88.5537365942173,86.70799549168254,88.74573152393441,75.10514219693749,-0.9464684228907743,C:\Users\admin\Documents\Codex\2026-07-13\yi-j\work\hpdi_followup_v3\wav\FR_0716_CYL_1000.wav,76.86539682394017,75.01965572140541
FR_0716_CYL_1000,2026-07-16,换26号嵌套油缸 + 老控制器,0716嵌套油缸,1000,1000rpm,42,46.4,82.60260422915569,76.3534737842312,83.42665463454964,75.80283710273835,1.9116373475112525,C:\Users\admin\Documents\Codex\2026-07-13\yi-j\work\hpdi_followup_v3\wav\FR_0716_CYL_1000.wav,70.91426445887856,64.66513401395407
FR_0716_CYL_1000,2026-07-16,换26号嵌套油缸 + 老控制器,0716嵌套油缸,1000,1000rpm,43,47.66,88.33448786962823,85.01370525823816,88.48253139661902,73.73477102281036,-1.0575818518596023,C:\Users\admin\Documents\Codex\2026-07-13\yi-j\work\hpdi_followup_v3\wav\FR_0716_CYL_1000.wav,76.64614809935111,73.32536548796104
FR_0716_CYL_1000,2026-07-16,换26号嵌套油缸 + 老控制器,0716嵌套油缸,1000,1000rpm,44,49.74,80.7590496315228,79.0338999634875,81.26581593394033,71.68513055846887,1.0494403699693464,C:\Users\admin\Documents\Codex\2026-07-13\yi-j\work\hpdi_followup_v3\wav\FR_0716_CYL_1000.wav,69.07070986124567,67.34556019321037
FR_0716_CYL_1000,2026-07-16,换26号嵌套油缸 + 老控制器,0716嵌套油缸,1000,1000rpm,45,51.1,83.22528530144625,80.19264595377847,83.22528530144625,-282.7858061972788,-0.9597891882236311,C:\Users\admin\Documents\Codex\2026-07-13\yi-j\work\hpdi_followup_v3\wav\FR_0716_CYL_1000.wav,71.53694553116912,68.50430618350134
FR_0716_CYL_1125,2026-07-16,换26号嵌套油缸 + 老控制器,0716嵌套油缸,1125,1125rpm,1,0.78,89.28849659186001,84.16634342990409,89.28849659186001,-282.7858061972788,-2.9583304424959316,C:\Users\admin\Documents\Codex\2026-07-13\yi-j\work\hpdi_followup_v3\wav\FR_0716_CYL_1125.wav,78.21045498485542,73.0883018228995
FR_0716_CYL_1125,2026-07-16,换26号嵌套油缸 + 老控制器,0716嵌套油缸,1125,1125rpm,2,1.6,87.24141300701991,85.9647412366236,87.48323555129618,74.82001005886431,-0.19248721696699533,C:\Users\admin\Documents\Codex\2026-07-13\yi-j\work\hpdi_followup_v3\wav\FR_0716_CYL_1125.wav,76.16337140001532,74.886699629619
FR_0716_CYL_1125,2026-07-16,换26号嵌套油缸 + 老控制器,0716嵌套油缸,1125,1125rpm,3,2.64,87.64584882111654,82.91305699904461,87.9852754711946,76.74628369744835,-1.6648143801364235,C:\Users\admin\Documents\Codex\2026-07-13\yi-j\work\hpdi_followup_v3\wav\FR_0716_CYL_1125.wav,76.56780721411195,71.83501539204002
FR_0716_CYL_1125,2026-07-16,换26号嵌套油缸 + 老控制器,0716嵌套油缸,1125,1125rpm,4,3.28,88.6894322242822,85.61279744817398,89.00779401863488,77.50095180611234,-1.456245252042926,C:\Users\admin\Documents\Codex\2026-07-13\yi-j\work\hpdi_followup_v3\wav\FR_0716_CYL_1125.wav,77.6113906172776,74.53475584116939
FR_0716_CYL_1125,2026-07-16,换26号嵌套油缸 + 老控制器,0716嵌套油缸,1125,1125rpm,5,4.44,89.31606927049249,85.33796432036823,89.56493244470302,77.02285828066587,-1.6342258054869099,C:\Users\admin\Documents\Codex\2026-07-13\yi-j\work\hpdi_followup_v3\wav\FR_0716_CYL_1125.wav,78.2380276634879,74.25992271336364
FR_0716_CYL_1125,2026-07-16,换26号嵌套油缸 + 老控制器,0716嵌套油缸,1125,1125rpm,6,5.1,89.13288093447484,84.81143472031334,89.42134284338293,77.50095180611234,0.5799569044521782,C:\Users\admin\Documents\Codex\2026-07-13\yi-j\work\hpdi_followup_v3\wav\FR_0716_CYL_1125.wav,78.05483932747025,73.73339311330875
FR_0716_CYL_1125,2026-07-16,换26号嵌套油缸 + 老控制器,0716嵌套油缸,1125,1125rpm,7,6.26,90.27116518142635,86.6046568380333,90.44769684594769,76.4501130437823,-2.466980980816384,C:\Users\admin\Documents\Codex\2026-07-13\yi-j\work\hpdi_followup_v3\wav\FR_0716_CYL_1125.wav,79.19312357442176,75.52661523102871
FR_0716_CYL_1125,2026-07-16,换26号嵌套油缸 + 老控制器,0716嵌套油缸,1125,1125rpm,8,7.06,89.43726704939994,87.55021121693929,89.63280225192726,76.0698079078812,0.37173799619212744,C:\Users\admin\Documents\Codex\2026-07-13\yi-j\work\hpdi_followup_v3\wav\FR_0716_CYL_1125.wav,78.35922544239534,76.4721696099347
FR_0716_CYL_1125,2026-07-16,换26号嵌套油缸 + 老控制器,0716嵌套油缸,1125,1125rpm,9,8.18,89.13374845364487,83.23739344923612,89.36396551686127,76.49289744191378,-2.535938754319467,C:\Users\admin\Documents\Codex\2026-07-13\yi-j\work\hpdi_followup_v3\wav\FR_0716_CYL_1125.wav,78.05570684664028,72.15935184223153
FR_0716_CYL_1125,2026-07-16,换26号嵌套油缸 + 老控制器,0716嵌套油缸,1125,1125rpm,10,8.88,87.93914340409863,85.63477574376181,88.3113778694499,77.45691260882376,0.3927425700912224,C:\Users\admin\Documents\Codex\2026-07-13\yi-j\work\hpdi_followup_v3\wav\FR_0716_CYL_1125.wav,76.86110179709404,74.55673413675721
FR_0716_CYL_1125,2026-07-16,换26号嵌套油缸 + 老控制器,0716嵌套油缸,1125,1125rpm,11,10.1,90.1937293999754,85.55643808804922,90.37066839500369,76.38289170939814,-2.239613679564524,C:\Users\admin\Documents\Codex\2026-07-13\yi-j\work\hpdi_followup_v3\wav\FR_0716_CYL_1125.wav,79.1156877929708,74.47839648104463
FR_0716_CYL_1125,2026-07-16,换26号嵌套油缸 + 老控制器,0716嵌套油缸,1125,1125rpm,12,10.92,87.73399489131397,86.66834614755292,88.00905339173053,75.88865757657256,0.4437250164267681,C:\Users\admin\Documents\Codex\2026-07-13\yi-j\work\hpdi_followup_v3\wav\FR_0716_CYL_1125.wav,76.65595328430938,75.59030454054833
FR_0716_CYL_1125,2026-07-16,换26号嵌套油缸 + 老控制器,0716嵌套油缸,1125,1125rpm,13,12.14,87.86047072554744,82.44205317429484,88.16271943417954,76.43827293400422,-3.0759096499548484,C:\Users\admin\Documents\Codex\2026-07-13\yi-j\work\hpdi_followup_v3\wav\FR_0716_CYL_1125.wav,76.78242911854285,71.36401156729025
FR_0716_CYL_1125,2026-07-16,换26号嵌套油缸 + 老控制器,0716嵌套油缸,1125,1125rpm,14,12.82,89.12816310147113,86.77486401990491,89.35445982958277,76.41074240547896,0.7289604446935805,C:\Users\admin\Documents\Codex\2026-07-13\yi-j\work\hpdi_followup_v3\wav\FR_0716_CYL_1125.wav,78.05012149446654,75.69682241290032
FR_0716_CYL_1125,2026-07-16,换26号嵌套油缸 + 老控制器,0716嵌套油缸,1125,1125rpm,15,13.66,79.433738283029,64.79101092232193,80.45920567577016,73.68793173848731,7.338056332134158,C:\Users\admin\Documents\Codex\2026-07-13\yi-j\work\hpdi_followup_v3\wav\FR_0716_CYL_1125.wav,68.35569667602441,53.71296931531734
FR_0716_CYL_1125,2026-07-16,换26号嵌套油缸 + 老控制器,0716嵌套油缸,1125,1125rpm,16,14.18,85.28757787467049,78.87158344189612,85.95282502035596,77.47643361010185,-0.7229062792561507,C:\Users\admin\Documents\Codex\2026-07-13\yi-j\work\hpdi_followup_v3\wav\FR_0716_CYL_1125.wav,74.2095362676659,67.79354183489153
FR_0716_CYL_1125,2026-07-16,换26号嵌套油缸 + 老控制器,0716嵌套油缸,1125,1125rpm,17,14.84,90.41267575028806,87.63252116878867,90.55209136402217,75.54784106970988,2.0025594429878737,C:\Users\admin\Documents\Codex\2026-07-13\yi-j\work\hpdi_followup_v3\wav\FR_0716_CYL_1125.wav,79.33463414328347,76.55447956178408
FR_0716_CYL_1125,2026-07-16,换26号嵌套油缸 + 老控制器,0716嵌套油缸,1125,1125rpm,18,15.9,90.31229203273776,87.04786465701815,90.46877201186385,75.95751162294434,-1.5750109207185758,C:\Users\admin\Documents\Codex\2026-07-13\yi-j\work\hpdi_followup_v3\wav\FR_0716_CYL_1125.wav,79.23425042573317,75.96982305001356
FR_0716_CYL_1125,2026-07-16,换26号嵌套油缸 + 老控制器,0716嵌套油缸,1125,1125rpm,19,16.7,87.02822612436412,85.58428292333983,87.37302132848114,76.19953330080946,-0.5892919695299561,C:\Users\admin\Documents\Codex\2026-07-13\yi-j\work\hpdi_followup_v3\wav\FR_0716_CYL_1125.wav,75.95018451735953,74.50624131633523
FR_0716_CYL_1125,2026-07-16,换26号嵌套油缸 + 老控制器,0716嵌套油缸,1125,1125rpm,20,17.7,91.80620522310679,87.69081732855699,91.92103047515735,76.086275306128,-2.056641533070742,C:\Users\admin\Documents\Codex\2026-07-13\yi-j\work\hpdi_followup_v3\wav\FR_0716_CYL_1125.wav,80.7281636161022,76.6127757215524
FR_0716_CYL_1125,2026-07-16,换26号嵌套油缸 + 老控制器,0716嵌套油缸,1125,1125rpm,21,18.56,92.53943890648719,91.84660924221518,92.70687871302283,78.48417180994174,0.31773650733603276,C:\Users\admin\Documents\Codex\2026-07-13\yi-j\work\hpdi_followup_v3\wav\FR_0716_CYL_1125.wav,81.4613972994826,80.76856763521059
FR_0716_CYL_1125,2026-07-16,换26号嵌套油缸 + 老控制器,0716嵌套油缸,1125,1125rpm,22,19.5,91.2747111530542,87.81028646364373,91.40225212763016,76.0172919029227,-3.3672278347713096,C:\Users\admin\Documents\Codex\2026-07-13\yi-j\work\hpdi_followup_v3\wav\FR_0716_CYL_1125.wav,80.1966695460496,76.73224485663914
FR_0716_CYL_1125,2026-07-16,换26号嵌套油缸 + 老控制器,0716嵌套油缸,1125,1125rpm,23,20.54,87.74491141759721,84.06777344833,88.05336177749217,76.41405905794691,-2.5920758438062492,C:\Users\admin\Documents\Codex\2026-07-13\yi-j\work\hpdi_followup_v3\wav\FR_0716_CYL_1125.wav,76.66686981059262,72.98973184132541
FR_0716_CYL_1125,2026-07-16,换26号嵌套油缸 + 老控制器,0716嵌套油缸,1125,1125rpm,24,21.36,84.29480991601748,84.37136608152846,84.63012116263954,73.34018227552832,1.4921322798312637,C:\Users\admin\Documents\Codex\2026-07-13\yi-j\work\hpdi_followup_v3\wav\FR_0716_CYL_1125.wav,73.21676830901289,73.29332447452387
FR_0716_CYL_1125,2026-07-16,换26号嵌套油缸 + 老控制器,0716嵌套油缸,1125,1125rpm,25,22.36,90.296125863004,85.5846366528009,90.40915156051113,74.50669011934787,-2.496100712297636,C:\Users\admin\Documents\Codex\2026-07-13\yi-j\work\hpdi_followup_v3\wav\FR_0716_CYL_1125.wav,79.2180842559994,74.5065950457963
FR_0716_CYL_1125,2026-07-16,换26号嵌套油缸 + 老控制器,0716嵌套油缸,1125,1125rpm,26,23.06,83.24335760891339,79.26861120231968,84.03829941736572,76.27239991931047,0.21595326355561184,C:\Users\admin\Documents\Codex\2026-07-13\yi-j\work\hpdi_followup_v3\wav\FR_0716_CYL_1125.wav,72.16531600190879,68.19056959531508
FR_0716_CYL_1125,2026-07-16,换26号嵌套油缸 + 老控制器,0716嵌套油缸,1125,1125rpm,27,24.2,88.22782216501207,84.84017947253948,88.44807473707907,75.38978063675441,-1.4133714767227445,C:\Users\admin\Documents\Codex\2026-07-13\yi-j\work\hpdi_followup_v3\wav\FR_0716_CYL_1125.wav,77.14978055800748,73.76213786553488
FR_0716_CYL_1125,2026-07-16,换26号嵌套油缸 + 老控制器,0716嵌套油缸,1125,1125rpm,28,25.02,87.8633470263976,86.04100335772051,88.0757379222912,74.86349111009433,-1.0348995635672864,C:\Users\admin\Documents\Codex\2026-07-13\yi-j\work\hpdi_followup_v3\wav\FR_0716_CYL_1125.wav,76.78530541939301,74.96296175071592
FR_0716_CYL_1125,2026-07-16,换26号嵌套油缸 + 老控制器,0716嵌套油缸,1125,1125rpm,29,26.1,88.55084260258631,84.56865271232877,88.76746895239629,75.6388756958778,-1.1372032317662857,C:\Users\admin\Documents\Codex\2026-07-13\yi-j\work\hpdi_followup_v3\wav\FR_0716_CYL_1125.wav,77.47280099558172,73.49061110532418
FR_0716_CYL_1125,2026-07-16,换26号嵌套油缸 + 老控制器,0716嵌套油缸,1125,1125rpm,30,26.96,91.82702679513753,91.29283221353202,91.96760490123577,76.99883921518894,1.522426593120862,C:\Users\admin\Documents\Codex\2026-07-13\yi-j\work\hpdi_followup_v3\wav\FR_0716_CYL_1125.wav,80.74898518813293,80.21479060652743
FR_0716_CYL_1125,2026-07-16,换26号嵌套油缸 + 老控制器,0716嵌套油缸,1125,1125rpm,31,27.92,91.44873956108518,87.86534188680946,91.56380768362123,75.7381078125626,-2.5658391424020017,C:\Users\admin\Documents\Codex\2026-07-13\yi-j\work\hpdi_followup_v3\wav\FR_0716_CYL_1125.wav,80.37069795408058,76.78730027980487
FR_0716_CYL_1125,2026-07-16,换26号嵌套油缸 + 老控制器,0716嵌套油缸,1125,1125rpm,32,28.94,88.42231791422378,84.31688108116911,88.72028810658401,76.93603990162637,-1.634939462244425,C:\Users\admin\Documents\Codex\2026-07-13\yi-j\work\hpdi_followup_v3\wav\FR_0716_CYL_1125.wav,77.34427630721919,73.23883947416452
FR_0716_CYL_1125,2026-07-16,换26号嵌套油缸 + 老控制器,0716嵌套油缸,1125,1125rpm,33,29.76,85.68304566715173,83.69092595317214,85.94828407784738,73.6748608669631,1.3533478020203482,C:\Users\admin\Documents\Codex\2026-07-13\yi-j\work\hpdi_followup_v3\wav\FR_0716_CYL_1125.wav,74.60500406014714,72.61288434616755
FR_0716_CYL_1125,2026-07-16,换26号嵌套油缸 + 老控制器,0716嵌套油缸,1125,1125rpm,34,30.78,89.67843899647886,85.85639166926262,89.79954807236555,74.19305804407968,-2.042744448726822,C:\Users\admin\Documents\Codex\2026-07-13\yi-j\work\hpdi_followup_v3\wav\FR_0716_CYL_1125.wav,78.60039738947427,74.77835006225803
FR_0716_CYL_1125,2026-07-16,换26号嵌套油缸 + 老控制器,0716嵌套油缸,1125,1125rpm,35,31.6,86.59860454918383,85.05297152675939,86.81970518652537,73.77768070195515,-0.11340407461469226,C:\Users\admin\Documents\Codex\2026-07-13\yi-j\work\hpdi_followup_v3\wav\FR_0716_CYL_1125.wav,75.52056294217924,73.9749299197548
FR_0716_CYL_1125,2026-07-16,换26号嵌套油缸 + 老控制器,0716嵌套油缸,1125,1125rpm,36,32.6,89.18802627843678,85.13644750793972,89.34352248180265,74.80536113765244,-1.9880314237953627,C:\Users\admin\Documents\Codex\2026-07-13\yi-j\work\hpdi_followup_v3\wav\FR_0716_CYL_1125.wav,78.10998467143219,74.05840590093513
FR_0716_CYL_1125,2026-07-16,换26号嵌套油缸 + 老控制器,0716嵌套油缸,1125,1125rpm,37,33.46,91.8003376516314,90.66962639577412,91.9291739334721,76.58745375665995,-0.9934951116781718,C:\Users\admin\Documents\Codex\2026-07-13\yi-j\work\hpdi_followup_v3\wav\FR_0716_CYL_1125.wav,80.7222960446268,79.59158478876952
FR_0716_CYL_1125,2026-07-16,换26号嵌套油缸 + 老控制器,0716嵌套油缸,1125,1125rpm,38,34.4,91.82057304154998,88.86001088884724,91.90870739119985,74.9383236685544,-2.6446754561723047,C:\Users\admin\Documents\Codex\2026-07-13\yi-j\work\hpdi_followup_v3\wav\FR_0716_CYL_1125.wav,80.74253143454538,77.78196928184265
FR_0716_CYL_1125,2026-07-16,换26号嵌套油缸 + 老控制器,0716嵌套油缸,1125,1125rpm,39,35.44,87.23371089349429,83.50063245618534,87.56399906442557,76.21098863881389,-1.8043574908579707,C:\Users\admin\Documents\Codex\2026-07-13\yi-j\work\hpdi_followup_v3\wav\FR_0716_CYL_1125.wav,76.1556692864897,72.42259084918075
FR_0716_CYL_1125,2026-07-16,换26号嵌套油缸 + 老控制器,0716嵌套油缸,1125,1125rpm,40,36.24,86.57209899829002,85.14944819480456,86.81923438188679,74.24775882927685,0.752990165345576,C:\Users\admin\Documents\Codex\2026-07-13\yi-j\work\hpdi_followup_v3\wav\FR_0716_CYL_1125.wav,75.49405739128542,74.07140658779997
FR_0716_CYL_1125,2026-07-16,换26号嵌套油缸 + 老控制器,0716嵌套油缸,1125,1125rpm,41,37.28,88.85700688211037,85.8752091050193,89.01714823779916,74.60451549480368,-3.3215417620273584,C:\Users\admin\Documents\Codex\2026-07-13\yi-j\work\hpdi_followup_v3\wav\FR_0716_CYL_1125.wav,77.77896527510578,74.7971674980147
FR_0716_CYL_1125,2026-07-16,换26号嵌套油缸 + 老控制器,0716嵌套油缸,1125,1125rpm,42,39.08,90.02978374181858,85.90001418423667,90.18332345992408,75.59114405039463,-2.03493794807677,C:\Users\admin\Documents\Codex\2026-07-13\yi-j\work\hpdi_followup_v3\wav\FR_0716_CYL_1125.wav,78.95174213481398,74.82197257723207
FR_0716_CYL_1125,2026-07-16,换26号嵌套油缸 + 老控制器,0716嵌套油缸,1125,1125rpm,43,39.9,83.043524579631,82.72335314520126,83.81300393435387,75.91807003454859,2.8910257100824097,C:\Users\admin\Documents\Codex\2026-07-13\yi-j\work\hpdi_followup_v3\wav\FR_0716_CYL_1125.wav,71.9654829726264,71.64531153819667
FR_0716_CYL_1125,2026-07-16,换26号嵌套油缸 + 老控制器,0716嵌套油缸,1125,1125rpm,44,41.02,87.70847406739951,82.63387081906694,88.0294853007453,76.55732748345535,-2.0083546733326187,C:\Users\admin\Documents\Codex\2026-07-13\yi-j\work\hpdi_followup_v3\wav\FR_0716_CYL_1125.wav,76.63043246039491,71.55582921206235
FR_0716_CYL_1125,2026-07-16,换26号嵌套油缸 + 老控制器,0716嵌套油缸,1125,1125rpm,45,41.7,86.45335990726997,84.71156240544317,86.96177055362112,77.39434809474494,-2.1907985682027054,C:\Users\admin\Documents\Codex\2026-07-13\yi-j\work\hpdi_followup_v3\wav\FR_0716_CYL_1125.wav,75.37531830026538,73.63352079843858
FR_0716_CYL_1125,2026-07-16,换26号嵌套油缸 + 老控制器,0716嵌套油缸,1125,1125rpm,46,42.6,76.97901397353237,64.29833312618322,78.8159085384232,74.19278456197267,9.06098822494365,C:\Users\admin\Documents\Codex\2026-07-13\yi-j\work\hpdi_followup_v3\wav\FR_0716_CYL_1125.wav,65.90097236652778,53.22029151917863
FR_0716_CYL_1125,2026-07-16,换26号嵌套油缸 + 老控制器,0716嵌套油缸,1125,1125rpm,47,42.96,86.17310298173926,82.77430552878096,86.59289276923464,76.23716402726706,-1.543490181986435,C:\Users\admin\Documents\Codex\2026-07-13\yi-j\work\hpdi_followup_v3\wav\FR_0716_CYL_1125.wav,75.09506137473467,71.69626392177636
FR_0716_CYL_1125,2026-07-16,换26号嵌套油缸 + 老控制器,0716嵌套油缸,1125,1125rpm,48,43.74,88.16254162048054,86.81549757982856,88.43079932362723,76.20503976780702,-0.14577153507557483,C:\Users\admin\Documents\Codex\2026-07-13\yi-j\work\hpdi_followup_v3\wav\FR_0716_CYL_1125.wav,77.08450001347595,75.73745597282397
FR_0716_CYL_1125,2026-07-16,换26号嵌套油缸 + 老控制器,0716嵌套油缸,1125,1125rpm,49,44.44,79.24669367094889,64.83046072897736,80.46995479253616,74.37001967758069,4.152719209656247,C:\Users\admin\Documents\Codex\2026-07-13\yi-j\work\hpdi_followup_v3\wav\FR_0716_CYL_1125.wav,68.1686520639443,53.752419121972764
FR_0716_CYL_1125,2026-07-16,换26号嵌套油缸 + 老控制器,0716嵌套油缸,1125,1125rpm,50,44.96,89.46041952231954,83.47798179354453,89.75308680354638,77.89347352502915,-2.7515835172608725,C:\Users\admin\Documents\Codex\2026-07-13\yi-j\work\hpdi_followup_v3\wav\FR_0716_CYL_1125.wav,78.38237791531495,72.39994018653994
FR_0716_CYL_1125,2026-07-16,换26号嵌套油缸 + 老控制器,0716嵌套油缸,1125,1125rpm,51,45.64,88.56677172212113,84.53039399608255,88.9196403966709,77.842688564616,-0.8749871992302971,C:\Users\admin\Documents\Codex\2026-07-13\yi-j\work\hpdi_followup_v3\wav\FR_0716_CYL_1125.wav,77.48873011511654,73.45235238907796
FR_0716_CYL_1125,2026-07-16,换26号嵌套油缸 + 老控制器,0716嵌套油缸,1125,1125rpm,52,47.0,87.43869756812734,84.13798676362217,87.43869756812734,-282.7858061972788,-1.882653844861892,C:\Users\admin\Documents\Codex\2026-07-13\yi-j\work\hpdi_followup_v3\wav\FR_0716_CYL_1125.wav,76.36065596112275,73.05994515661757
FR_0716_SHUTTLE_900_R1,2026-07-16,换26号嵌套油缸 + 西港梭阀 + 老控制器,0716西港梭阀R1,900,900rpm-1,1,0.72,76.60838581657845,73.2189147341422,76.60838581657845,-282.7858061972788,16.494207125038898,C:\Users\admin\Documents\Codex\2026-07-13\yi-j\work\hpdi_followup_v3\wav\FR_0716_SHUTTLE_900_R1.wav,76.30123583181563,72.91176474937939
FR_0716_SHUTTLE_900_R1,2026-07-16,换26号嵌套油缸 + 西港梭阀 + 老控制器,0716西港梭阀R1,900,900rpm-1,2,1.56,79.06328517643371,75.00238500713385,79.25179572048361,65.53339473657033,15.17080506222075,C:\Users\admin\Documents\Codex\2026-07-13\yi-j\work\hpdi_followup_v3\wav\FR_0716_SHUTTLE_900_R1.wav,78.7561351916709,74.69523502237104
FR_0716_SHUTTLE_900_R1,2026-07-16,换26号嵌套油缸 + 西港梭阀 + 老控制器,0716西港梭阀R1,900,900rpm-1,3,3.16,72.3675978584559,69.16131195335876,72.8817450006078,63.360238457399866,20.781785199090056,C:\Users\admin\Documents\Codex\2026-07-13\yi-j\work\hpdi_followup_v3\wav\FR_0716_SHUTTLE_900_R1.wav,72.06044787369308,68.85416196859595
FR_0716_SHUTTLE_900_R1,2026-07-16,换26号嵌套油缸 + 西港梭阀 + 老控制器,0716西港梭阀R1,900,900rpm-1,4,4.0,76.29927018772938,73.24607161405336,76.51458355489747,63.360238457399866,16.653685768032602,C:\Users\admin\Documents\Codex\2026-07-13\yi-j\work\hpdi_followup_v3\wav\FR_0716_SHUTTLE_900_R1.wav,75.99212020296656,72.93892162929055
FR_0716_SHUTTLE_900_R1,2026-07-16,换26号嵌套油缸 + 西港梭阀 + 老控制器,0716西港梭阀R1,900,900rpm-1,5,5.28,81.10902755052072,77.26493329531733,81.22980454469995,65.61155505332407,12.415241165439067,C:\Users\admin\Documents\Codex\2026-07-13\yi-j\work\hpdi_followup_v3\wav\FR_0716_SHUTTLE_900_R1.wav,80.8018775657579,76.95778331055452
FR_0716_SHUTTLE_900_R1,2026-07-16,换26号嵌套油缸 + 西港梭阀 + 老控制器,0716西港梭阀R1,900,900rpm-1,6,6.16,74.92800338158085,74.35752014735701,75.49054491709168,66.3360126379014,17.907995184789268,C:\Users\admin\Documents\Codex\2026-07-13\yi-j\work\hpdi_followup_v3\wav\FR_0716_SHUTTLE_900_R1.wav,74.62085339681803,74.05037016259419
FR_0716_SHUTTLE_900_R1,2026-07-16,换26号嵌套油缸 + 西港梭阀 + 老控制器,0716西港梭阀R1,900,900rpm-1,7,7.4,80.74148069993115,76.58957186537762,80.8515699872627,64.83624911022545,12.202337105274232,C:\Users\admin\Documents\Codex\2026-07-13\yi-j\work\hpdi_followup_v3\wav\FR_0716_SHUTTLE_900_R1.wav,80.43433071516833,76.2824218806148
FR_0716_SHUTTLE_900_R1,2026-07-16,换26号嵌套油缸 + 西港梭阀 + 老控制器,0716西港梭阀R1,900,900rpm-1,8,8.28,74.84901813918701,73.19231984148195,75.64272175172553,67.87065267524639,17.34127772901234,C:\Users\admin\Documents\Codex\2026-07-13\yi-j\work\hpdi_followup_v3\wav\FR_0716_SHUTTLE_900_R1.wav,74.5418681544242,72.88516985671913
FR_0716_SHUTTLE_900_R1,2026-07-16,换26号嵌套油缸 + 西港梭阀 + 老控制器,0716西港梭阀R1,900,900rpm-1,9,9.64,77.3716209277679,75.10999799691805,77.68391754667027,66.09653461243951,15.832662472470801,C:\Users\admin\Documents\Codex\2026-07-13\yi-j\work\hpdi_followup_v3\wav\FR_0716_SHUTTLE_900_R1.wav,77.06447094300509,74.80284801215524
FR_0716_SHUTTLE_900_R1,2026-07-16,换26号嵌套油缸 + 西港梭阀 + 老控制器,0716西港梭阀R1,900,900rpm-1,10,10.54,71.90554195350894,70.69531383773565,72.77517720675591,65.36314110281413,20.804988772473543,C:\Users\admin\Documents\Codex\2026-07-13\yi-j\work\hpdi_followup_v3\wav\FR_0716_SHUTTLE_900_R1.wav,71.59839196874613,70.38816385297284
FR_0716_SHUTTLE_900_R1,2026-07-16,换26号嵌套油缸 + 西港梭阀 + 老控制器,0716西港梭阀R1,900,900rpm-1,11,11.98,75.09059175372643,72.63928531902687,75.52190046270601,65.27806988799917,17.931644819671895,C:\Users\admin\Documents\Codex\2026-07-13\yi-j\work\hpdi_followup_v3\wav\FR_0716_SHUTTLE_900_R1.wav,74.78344176896361,72.33213533426405
FR_0716_SHUTTLE_900_R1,2026-07-16,换26号嵌套油缸 + 西港梭阀 + 老控制器,0716西港梭阀R1,900,900rpm-1,12,12.86,73.50818131885654,71.52806841465264,74.03739187730912,64.63391511772677,19.43594273641608,C:\Users\admin\Documents\Codex\2026-07-13\yi-j\work\hpdi_followup_v3\wav\FR_0716_SHUTTLE_900_R1.wav,73.20103133409373,71.22091842988982
FR_0716_SHUTTLE_900_R1,2026-07-16,换26号嵌套油缸 + 西港梭阀 + 老控制器,0716西港梭阀R1,900,900rpm-1,13,14.32,72.77913902566021,70.40767713402577,73.54531965649991,65.63332850926926,20.14872386931095,C:\Users\admin\Documents\Codex\2026-07-13\yi-j\work\hpdi_followup_v3\wav\FR_0716_SHUTTLE_900_R1.wav,72.4719890408974,70.10052714926296
FR_0716_SHUTTLE_900_R1,2026-07-16,换26号嵌套油缸 + 西港梭阀 + 老控制器,0716西港梭阀R1,900,900rpm-1,14,15.18,74.72818580269538,72.41217715744801,75.15576987235076,64.87610381996842,18.176773363040304,C:\Users\admin\Documents\Codex\2026-07-13\yi-j\work\hpdi_followup_v3\wav\FR_0716_SHUTTLE_900_R1.wav,74.42103581793256,72.1050271726852
FR_0716_SHUTTLE_900_R1,2026-07-16,换26号嵌套油缸 + 西港梭阀 + 老控制器,0716西港梭阀R1,900,900rpm-1,15,16.08,69.42889466563786,55.646156953438684,70.11254120695412,61.74567412896624,23.565833898522804,C:\Users\admin\Documents\Codex\2026-07-13\yi-j\work\hpdi_followup_v3\wav\FR_0716_SHUTTLE_900_R1.wav,69.12174468087504,55.33900696867587
FR_0716_SHUTTLE_900_R1,2026-07-16,换26号嵌套油缸 + 西港梭阀 + 老控制器,0716西港梭阀R1,900,900rpm-1,16,16.66,72.37525174554456,69.48810692515964,72.97494187003466,64.07997242841402,20.663113809838443,C:\Users\admin\Documents\Codex\2026-07-13\yi-j\work\hpdi_followup_v3\wav\FR_0716_SHUTTLE_900_R1.wav,72.06810176078174,69.18095694039683
FR_0716_SHUTTLE_900_R1,2026-07-16,换26号嵌套油缸 + 西港梭阀 + 老控制器,0716西港梭阀R1,900,900rpm-1,17,17.64,73.82844902673028,72.6212656671423,74.19153569847768,63.2335170557017,20.077681398291936,C:\Users\admin\Documents\Codex\2026-07-13\yi-j\work\hpdi_followup_v3\wav\FR_0716_SHUTTLE_900_R1.wav,73.52129904196747,72.31411568237948
FR_0716_SHUTTLE_900_R1,2026-07-16,换26号嵌套油缸 + 西港梭阀 + 老控制器,0716西港梭阀R1,900,900rpm-1,18,18.78,80.795238790204,78.025567009795,80.88585357611137,64.03477253436589,13.214336168934924,C:\Users\admin\Documents\Codex\2026-07-13\yi-j\work\hpdi_followup_v3\wav\FR_0716_SHUTTLE_900_R1.wav,80.48808880544118,77.71841702503218
FR_0716_SHUTTLE_900_R1,2026-07-16,换26号嵌套油缸 + 西港梭阀 + 老控制器,0716西港梭阀R1,900,900rpm-1,19,19.8,82.45925899394152,81.85769456984401,82.5426547754283,65.33462132441174,11.548893397898468,C:\Users\admin\Documents\Codex\2026-07-13\yi-j\work\hpdi_followup_v3\wav\FR_0716_SHUTTLE_900_R1.wav,82.1521090091787,81.5505445850812
FR_0716_SHUTTLE_900_R1,2026-07-16,换26号嵌套油缸 + 西港梭阀 + 老控制器,0716西港梭阀R1,900,900rpm-1,20,20.96,78.94705524342132,76.60331641233627,79.30023454414443,68.22695086482429,13.832554477407008,C:\Users\admin\Documents\Codex\2026-07-13\yi-j\work\hpdi_followup_v3\wav\FR_0716_SHUTTLE_900_R1.wav,78.6399052586585,76.29616642757345
FR_0716_SHUTTLE_900_R1,2026-07-16,换26号嵌套油缸 + 西港梭阀 + 老控制器,0716西港梭阀R1,900,900rpm-1,21,22.2,78.24207346908035,75.22041183192061,78.48998600198613,65.93176109150072,15.19042008709318,C:\Users\admin\Documents\Codex\2026-07-13\yi-j\work\hpdi_followup_v3\wav\FR_0716_SHUTTLE_900_R1.wav,77.93492348431754,74.9132618471578
FR_0716_SHUTTLE_900_R1,2026-07-16,换26号嵌套油缸 + 西港梭阀 + 老控制器,0716西港梭阀R1,900,900rpm-1,22,23.1,72.41467082603023,72.81087575203138,73.18714461863122,65.30762559630173,20.75145083435097,C:\Users\admin\Documents\Codex\2026-07-13\yi-j\work\hpdi_followup_v3\wav\FR_0716_SHUTTLE_900_R1.wav,72.10752084126742,72.50372576726856
FR_0716_SHUTTLE_900_R1,2026-07-16,换26号嵌套油缸 + 西港梭阀 + 老控制器,0716西港梭阀R1,900,900rpm-1,23,24.34,79.89758954264965,76.97870197081673,80.04723594667291,65.34544733316764,13.874786229891942,C:\Users\admin\Documents\Codex\2026-07-13\yi-j\work\hpdi_followup_v3\wav\FR_0716_SHUTTLE_900_R1.wav,79.59043955788684,76.67155198605391
FR_0716_SHUTTLE_900_R1,2026-07-16,换26号嵌套油缸 + 西港梭阀 + 老控制器,0716西港梭阀R1,900,900rpm-1,24,25.24,71.6983854040904,71.84400808441467,73.17943745254237,67.78779598272689,19.79451250555575,C:\Users\admin\Documents\Codex\2026-07-13\yi-j\work\hpdi_followup_v3\wav\FR_0716_SHUTTLE_900_R1.wav,71.39123541932759,71.53685809965185
FR_0716_SHUTTLE_900_R1,2026-07-16,换26号嵌套油缸 + 西港梭阀 + 老控制器,0716西港梭阀R1,900,900rpm-1,25,26.56,77.48331678440864,74.73748382335322,77.81599728942538,66.49314923297335,15.73544885962325,C:\Users\admin\Documents\Codex\2026-07-13\yi-j\work\hpdi_followup_v3\wav\FR_0716_SHUTTLE_900_R1.wav,77.17616679964583,74.4303338385904
FR_0716_SHUTTLE_900_R1,2026-07-16,换26号嵌套油缸 + 西港梭阀 + 老控制器,0716西港梭阀R1,900,900rpm-1,26,27.44,75.72132444605586,73.55693031975812,76.08621568168361,65.14883860978313,17.46947205071171,C:\Users\admin\Documents\Codex\2026-07-13\yi-j\work\hpdi_followup_v3\wav\FR_0716_SHUTTLE_900_R1.wav,75.41417446129304,73.24978033499531
FR_0716_SHUTTLE_900_R1,2026-07-16,换26号嵌套油缸 + 西港梭阀 + 老控制器,0716西港梭阀R1,900,900rpm-1,27,28.92,72.81744916019551,70.9257849619542,73.54162955684127,65.40519423009766,20.71988033783433,C:\Users\admin\Documents\Codex\2026-07-13\yi-j\work\hpdi_followup_v3\wav\FR_0716_SHUTTLE_900_R1.wav,72.51029917543269,70.61863497719138
FR_0716_SHUTTLE_900_R1,2026-07-16,换26号嵌套油缸 + 西港梭阀 + 老控制器,0716西港梭阀R1,900,900rpm-1,28,29.78,72.20131313354551,72.70362606626365,73.00911434257151,65.3066743732239,20.897536828061767,C:\Users\admin\Documents\Codex\2026-07-13\yi-j\work\hpdi_followup_v3\wav\FR_0716_SHUTTLE_900_R1.wav,71.8941631487827,72.39647608150084
FR_0716_SHUTTLE_900_R1,2026-07-16,换26号嵌套油缸 + 西港梭阀 + 老控制器,0716西港梭阀R1,900,900rpm-1,29,30.78,68.46893948103282,54.0590448203266,69.40152844356228,62.262634562145465,25.466800019212307,C:\Users\admin\Documents\Codex\2026-07-13\yi-j\work\hpdi_followup_v3\wav\FR_0716_SHUTTLE_900_R1.wav,68.16178949627,53.75189483556378
FR_0716_SHUTTLE_900_R1,2026-07-16,换26号嵌套油缸 + 西港梭阀 + 老控制器,0716西港梭阀R1,900,900rpm-1,30,31.22,76.73201982070671,73.67022722346147,77.05043918378085,65.54435379353349,16.500661041803927,C:\Users\admin\Documents\Codex\2026-07-13\yi-j\work\hpdi_followup_v3\wav\FR_0716_SHUTTLE_900_R1.wav,76.4248698359439,73.36307723869865
FR_0716_SHUTTLE_900_R1,2026-07-16,换26号嵌套油缸 + 西港梭阀 + 老控制器,0716西港梭阀R1,900,900rpm-1,31,32.12,71.50538690249726,71.03554319601166,72.31616891854779,64.62828088952307,21.390129449012264,C:\Users\admin\Documents\Codex\2026-07-13\yi-j\work\hpdi_followup_v3\wav\FR_0716_SHUTTLE_900_R1.wav,71.19823691773445,70.72839321124884
FR_0716_SHUTTLE_900_R1,2026-07-16,换26号嵌套油缸 + 西港梭阀 + 老控制器,0716西港梭阀R1,900,900rpm-1,32,33.56,75.15235718597657,73.1655753095747,75.28675619907474,60.12584767408931,17.888256508279717,C:\Users\admin\Documents\Codex\2026-07-13\yi-j\work\hpdi_followup_v3\wav\FR_0716_SHUTTLE_900_R1.wav,74.84520720121375,72.85842532481189
FR_0716_SHUTTLE_900_R2,2026-07-16,换26号嵌套油缸 + 西港梭阀 + 老控制器,0716西港梭阀R2,900,900rpm-2,1,0.4,89.98245846926446,87.5411486708822,89.98245846926446,-282.7858061972788,4.6649336789548705,C:\Users\admin\Documents\Codex\2026-07-13\yi-j\work\hpdi_followup_v3\wav\FR_0716_SHUTTLE_900_R2.wav,88.99261546114852,86.55130566276625
FR_0716_SHUTTLE_900_R2,2026-07-16,换26号嵌套油缸 + 西港梭阀 + 老控制器,0716西港梭阀R2,900,900rpm-2,2,1.38,83.70548065991179,81.67697804630123,83.91878822740384,70.72479048623313,8.722799513513024,C:\Users\admin\Documents\Codex\2026-07-13\yi-j\work\hpdi_followup_v3\wav\FR_0716_SHUTTLE_900_R2.wav,82.71563765179584,80.68713503818529
FR_0716_SHUTTLE_900_R2,2026-07-16,换26号嵌套油缸 + 西港梭阀 + 老控制器,0716西港梭阀R2,900,900rpm-2,3,2.86,76.15904533857213,74.11537643180698,76.99812667380125,69.44553620060282,15.184158816257128,C:\Users\admin\Documents\Codex\2026-07-13\yi-j\work\hpdi_followup_v3\wav\FR_0716_SHUTTLE_900_R2.wav,75.16920233045619,73.12553342369104
FR_0716_SHUTTLE_900_R2,2026-07-16,换26号嵌套油缸 + 西港梭阀 + 老控制器,0716西港梭阀R2,900,900rpm-2,4,3.66,80.3177159686148,75.2400478112554,80.55768296079549,67.86192388570109,12.07680590707313,C:\Users\admin\Documents\Codex\2026-07-13\yi-j\work\hpdi_followup_v3\wav\FR_0716_SHUTTLE_900_R2.wav,79.32787296049887,74.25020480313945
FR_0716_SHUTTLE_900_R2,2026-07-16,换26号嵌套油缸 + 西港梭阀 + 老控制器,0716西港梭阀R2,900,900rpm-2,5,3.98,71.67466183467491,58.12031069889545,73.02717939957518,67.30204301177488,19.07198198325743,C:\Users\admin\Documents\Codex\2026-07-13\yi-j\work\hpdi_followup_v3\wav\FR_0716_SHUTTLE_900_R2.wav,70.68481882655897,57.13046769077951
FR_0716_SHUTTLE_900_R2,2026-07-16,换26号嵌套油缸 + 西港梭阀 + 老控制器,0716西港梭阀R2,900,900rpm-2,6,5.28,75.26004502067043,72.87734490978141,75.84094051777828,66.81686670424016,15.840438895785208,C:\Users\admin\Documents\Codex\2026-07-13\yi-j\work\hpdi_followup_v3\wav\FR_0716_SHUTTLE_900_R2.wav,74.27020201255449,71.88750190166547
FR_0716_SHUTTLE_900_R2,2026-07-16,换26号嵌套油缸 + 西港梭阀 + 老控制器,0716西港梭阀R2,900,900rpm-2,7,6.08,80.42314120226467,75.52174309878545,80.59707387783763,66.5363664463223,12.531149694171756,C:\Users\admin\Documents\Codex\2026-07-13\yi-j\work\hpdi_followup_v3\wav\FR_0716_SHUTTLE_900_R2.wav,79.43329819414873,74.53190009066951
FR_0716_SHUTTLE_900_R2,2026-07-16,换26号嵌套油缸 + 西港梭阀 + 老控制器,0716西港梭阀R2,900,900rpm-2,8,6.92,72.39494830482653,66.07922923336635,72.7508809771299,61.70996547092143,20.073022368270088,C:\Users\admin\Documents\Codex\2026-07-13\yi-j\work\hpdi_followup_v3\wav\FR_0716_SHUTTLE_900_R2.wav,71.40510529671059,65.08938622525041
FR_0716_SHUTTLE_900_R2,2026-07-16,换26号嵌套油缸 + 西港梭阀 + 老控制器,0716西港梭阀R2,900,900rpm-2,9,7.72,75.06098001385604,74.0678231521168,75.23476666305568,61.17048407698154,17.910762768546917,C:\Users\admin\Documents\Codex\2026-07-13\yi-j\work\hpdi_followup_v3\wav\FR_0716_SHUTTLE_900_R2.wav,74.0711370057401,73.07798014400086
FR_0716_SHUTTLE_900_R2,2026-07-16,换26号嵌套油缸 + 西港梭阀 + 老控制器,0716西港梭阀R2,900,900rpm-2,10,10.22,83.11726612095825,79.13484190315936,83.19083699565883,65.44331956990956,10.030067809367267,C:\Users\admin\Documents\Codex\2026-07-13\yi-j\work\hpdi_followup_v3\wav\FR_0716_SHUTTLE_900_R2.wav,82.12742311284231,78.14499889504341
FR_0716_SHUTTLE_900_R2,2026-07-16,换26号嵌套油缸 + 西港梭阀 + 老控制器,0716西港梭阀R2,900,900rpm-2,11,11.26,80.53807214012059,83.1670253358955,80.58068480805599,60.47694004025593,12.688188469373074,C:\Users\admin\Documents\Codex\2026-07-13\yi-j\work\hpdi_followup_v3\wav\FR_0716_SHUTTLE_900_R2.wav,79.54822913200465,82.17718232777956
FR_0716_SHUTTLE_900_R2,2026-07-16,换26号嵌套油缸 + 西港梭阀 + 老控制器,0716西港梭阀R2,900,900rpm-2,12,15.22,83.7540992165206,82.03437685027804,83.81715962980518,65.40539258910924,9.414413714613566,C:\Users\admin\Documents\Codex\2026-07-13\yi-j\work\hpdi_followup_v3\wav\FR_0716_SHUTTLE_900_R2.wav,82.76425620840466,81.0445338421621
FR_0716_SHUTTLE_900_R2,2026-07-16,换26号嵌套油缸 + 西港梭阀 + 老控制器,0716西港梭阀R2,900,900rpm-2,13,16.08,74.373292399344,74.97699093474625,75.4461705258278,68.8484301114994,16.576076341648804,C:\Users\admin\Documents\Codex\2026-07-13\yi-j\work\hpdi_followup_v3\wav\FR_0716_SHUTTLE_900_R2.wav,73.38344939122805,73.98714792663031
FR_0716_SHUTTLE_900_R2,2026-07-16,换26号嵌套油缸 + 西港梭阀 + 老控制器,0716西港梭阀R2,900,900rpm-2,14,17.32,81.5141530863806,77.81617899910282,81.54489211530783,60.02858998957212,9.638928855043932,C:\Users\admin\Documents\Codex\2026-07-13\yi-j\work\hpdi_followup_v3\wav\FR_0716_SHUTTLE_900_R2.wav,80.52431007826466,76.82633599098688
FR_0716_SHUTTLE_1000,2026-07-16,换26号嵌套油缸 + 西港梭阀 + 老控制器,0716西港梭阀,1000,1000rpm,1,1.5,79.52241242790643,76.35066936982753,79.67566421999372,65.07547615430651,13.63673922871278,C:\Users\admin\Documents\Codex\2026-07-13\yi-j\work\hpdi_followup_v3\wav\FR_0716_SHUTTLE_1000.wav,77.63665118420667,74.46490812612777
FR_0716_SHUTTLE_1000,2026-07-16,换26号嵌套油缸 + 西港梭阀 + 老控制器,0716西港梭阀,1000,1000rpm,2,3.62,83.58549179124394,80.42333055663333,83.67482962831518,66.76274850647687,9.636596896167326,C:\Users\admin\Documents\Codex\2026-07-13\yi-j\work\hpdi_followup_v3\wav\FR_0716_SHUTTLE_1000.wav,81.69973054754418,78.53756931293357
FR_0716_SHUTTLE_1000,2026-07-16,换26号嵌套油缸 + 西港梭阀 + 老控制器,0716西港梭阀,1000,1000rpm,3,4.56,85.49668247068283,84.68025141365611,85.62212270038285,70.16607884312268,9.070920614997931,C:\Users\admin\Documents\Codex\2026-07-13\yi-j\work\hpdi_followup_v3\wav\FR_0716_SHUTTLE_1000.wav,83.61092122698307,82.79449016995635
FR_0716_SHUTTLE_1000,2026-07-16,换26号嵌套油缸 + 西港梭阀 + 老控制器,0716西港梭阀,1000,1000rpm,4,5.6,84.44714595813473,81.89796695149597,84.59795125033327,69.92908950506872,8.223030332802026,C:\Users\admin\Documents\Codex\2026-07-13\yi-j\work\hpdi_followup_v3\wav\FR_0716_SHUTTLE_1000.wav,82.56138471443496,80.01220570779621
FR_0716_SHUTTLE_1000,2026-07-16,换26号嵌套油缸 + 西港梭阀 + 老控制器,0716西港梭阀,1000,1000rpm,5,6.74,82.78451028218578,78.67312089800717,82.98947760128712,69.62640009231859,10.789399350869331,C:\Users\admin\Documents\Codex\2026-07-13\yi-j\work\hpdi_followup_v3\wav\FR_0716_SHUTTLE_1000.wav,80.89874903848602,76.78735965430741
FR_0716_SHUTTLE_1000,2026-07-16,换26号嵌套油缸 + 西港梭阀 + 老控制器,0716西港梭阀,1000,1000rpm,6,7.54,78.74739426261888,77.08235773048517,79.1191064564054,68.25880086347428,14.429192034658016,C:\Users\admin\Documents\Codex\2026-07-13\yi-j\work\hpdi_followup_v3\wav\FR_0716_SHUTTLE_1000.wav,76.86163301891912,75.19659648678541
FR_0716_SHUTTLE_1000,2026-07-16,换26号嵌套油缸 + 西港梭阀 + 老控制器,0716西港梭阀,1000,1000rpm,7,8.78,82.34896842455208,79.45384816176086,82.45550151868956,66.29934615257935,11.370658720071205,C:\Users\admin\Documents\Codex\2026-07-13\yi-j\work\hpdi_followup_v3\wav\FR_0716_SHUTTLE_1000.wav,80.46320718085232,77.5680869180611
FR_0716_SHUTTLE_1000,2026-07-16,换26号嵌套油缸 + 西港梭阀 + 老控制器,0716西港梭阀,1000,1000rpm,8,10.82,82.64112644441349,79.60418871457301,82.76942259370618,67.40972553858214,11.073613118820568,C:\Users\admin\Documents\Codex\2026-07-13\yi-j\work\hpdi_followup_v3\wav\FR_0716_SHUTTLE_1000.wav,80.75536520071373,77.71842747087325
FR_0716_SHUTTLE_1000,2026-07-16,换26号嵌套油缸 + 西港梭阀 + 老控制器,0716西港梭阀,1000,1000rpm,9,11.58,78.02580973343802,75.97120357603893,78.48535755519491,68.50307358461001,15.166271583788546,C:\Users\admin\Documents\Codex\2026-07-13\yi-j\work\hpdi_followup_v3\wav\FR_0716_SHUTTLE_1000.wav,76.14004848973826,74.08544233233917
FR_0716_SHUTTLE_1000,2026-07-16,换26号嵌套油缸 + 西港梭阀 + 老控制器,0716西港梭阀,1000,1000rpm,10,12.84,80.27087201531151,77.95962747015753,80.49776843215328,67.56524739844431,12.53661444800904,C:\Users\admin\Documents\Codex\2026-07-13\yi-j\work\hpdi_followup_v3\wav\FR_0716_SHUTTLE_1000.wav,78.38511077161175,76.07386622645777
FR_0716_SHUTTLE_1000,2026-07-16,换26号嵌套油缸 + 西港梭阀 + 老控制器,0716西港梭阀,1000,1000rpm,11,13.78,84.614680661678,84.4579553691398,84.70354830597113,67.7687838198577,8.84694633601433,C:\Users\admin\Documents\Codex\2026-07-13\yi-j\work\hpdi_followup_v3\wav\FR_0716_SHUTTLE_1000.wav,82.72891941797823,82.57219412544003
FR_0716_SHUTTLE_1000,2026-07-16,换26号嵌套油缸 + 西港梭阀 + 老控制器,0716西港梭阀,1000,1000rpm,12,14.36,72.40075770779647,58.04268345611655,73.81948613152574,68.27056528104839,18.920281976115696,C:\Users\admin\Documents\Codex\2026-07-13\yi-j\work\hpdi_followup_v3\wav\FR_0716_SHUTTLE_1000.wav,70.51499646409671,56.15692221241679
FR_0716_SHUTTLE_1000,2026-07-16,换26号嵌套油缸 + 西港梭阀 + 老控制器,0716西港梭阀,1000,1000rpm,13,14.84,82.42063578381108,80.59649843096511,82.60970140176752,68.90379400853581,11.370695310837643,C:\Users\admin\Documents\Codex\2026-07-13\yi-j\work\hpdi_followup_v3\wav\FR_0716_SHUTTLE_1000.wav,80.53487454011132,78.71073718726535
FR_0716_SHUTTLE_1000,2026-07-16,换26号嵌套油缸 + 西港梭阀 + 老控制器,0716西港梭阀,1000,1000rpm,14,15.64,70.50442472265513,55.261952686201035,72.04463147034295,66.79521088177052,22.9089590156091,C:\Users\admin\Documents\Codex\2026-07-13\yi-j\work\hpdi_followup_v3\wav\FR_0716_SHUTTLE_1000.wav,68.61866347895537,53.37619144250127
FR_0716_SHUTTLE_1000,2026-07-16,换26号嵌套油缸 + 西港梭阀 + 老控制器,0716西港梭阀,1000,1000rpm,15,15.98,82.0013797398032,79.66905637344502,82.13041244917682,66.79521088177052,10.45645048231449,C:\Users\admin\Documents\Codex\2026-07-13\yi-j\work\hpdi_followup_v3\wav\FR_0716_SHUTTLE_1000.wav,80.11561849610344,77.78329512974526
FR_0716_SHUTTLE_1000,2026-07-16,换26号嵌套油缸 + 西港梭阀 + 老控制器,0716西港梭阀,1000,1000rpm,16,17.92,85.19215061849266,82.76916516293524,85.2545195293539,66.79521088177052,8.581601430508794,C:\Users\admin\Documents\Codex\2026-07-13\yi-j\work\hpdi_followup_v3\wav\FR_0716_SHUTTLE_1000.wav,83.3063893747929,80.88340391923548
FR_0716_SHUTTLE_1000,2026-07-16,换26号嵌套油缸 + 西港梭阀 + 老控制器,0716西港梭阀,1000,1000rpm,17,18.8,79.13168219992663,78.38806561545047,79.45283268095524,67.98248956406452,14.312803471130557,C:\Users\admin\Documents\Codex\2026-07-13\yi-j\work\hpdi_followup_v3\wav\FR_0716_SHUTTLE_1000.wav,77.24592095622687,76.50230437175071
FR_0716_SHUTTLE_1000,2026-07-16,换26号嵌套油缸 + 西港梭阀 + 老控制器,0716西港梭阀,1000,1000rpm,18,19.94,81.25847181237589,78.70489937555496,81.39276619523321,66.22852739667653,12.262753005460588,C:\Users\admin\Documents\Codex\2026-07-13\yi-j\work\hpdi_followup_v3\wav\FR_0716_SHUTTLE_1000.wav,79.37271056867613,76.8191381318552
FR_0716_SHUTTLE_1000,2026-07-16,换26号嵌套油缸 + 西港梭阀 + 老控制器,0716西港梭阀,1000,1000rpm,19,22.06,82.27825279271019,79.13447902883408,82.37254543625882,65.69241941935343,11.350038222477906,C:\Users\admin\Documents\Codex\2026-07-13\yi-j\work\hpdi_followup_v3\wav\FR_0716_SHUTTLE_1000.wav,80.39249154901043,77.24871778513432
FR_0716_SHUTTLE_1000,2026-07-16,换26号嵌套油缸 + 西港梭阀 + 老控制器,0716西港梭阀,1000,1000rpm,20,22.86,75.34476102335974,75.02988998579505,76.02451125413606,67.63471881367954,17.038982295886495,C:\Users\admin\Documents\Codex\2026-07-13\yi-j\work\hpdi_followup_v3\wav\FR_0716_SHUTTLE_1000.wav,73.45899977965998,73.14412874209529
FR_0716_SHUTTLE_1000,2026-07-16,换26号嵌套油缸 + 西港梭阀 + 老控制器,0716西港梭阀,1000,1000rpm,21,24.2,78.20695719274863,75.52558513205511,78.56162929148566,67.5059271748734,15.083597296547772,C:\Users\admin\Documents\Codex\2026-07-13\yi-j\work\hpdi_followup_v3\wav\FR_0716_SHUTTLE_1000.wav,76.32119594904887,73.63982388835535
FR_0716_SHUTTLE_1000,2026-07-16,换26号嵌套油缸 + 西港梭阀 + 老控制器,0716西港梭阀,1000,1000rpm,22,24.94,79.28357674687221,75.24747003017792,79.51200276878254,66.60790300369177,13.553853492521213,C:\Users\admin\Documents\Codex\2026-07-13\yi-j\work\hpdi_followup_v3\wav\FR_0716_SHUTTLE_1000.wav,77.39781550317245,73.36170878647816
FR_0716_SHUTTLE_1000,2026-07-16,换26号嵌套油缸 + 西港梭阀 + 老控制器,0716西港梭阀,1000,1000rpm,23,26.42,77.50355496333648,74.27382105835309,77.84698983289898,66.65700470455317,14.889818237786493,C:\Users\admin\Documents\Codex\2026-07-13\yi-j\work\hpdi_followup_v3\wav\FR_0716_SHUTTLE_1000.wav,75.61779371963672,72.38805981465333
FR_0716_SHUTTLE_1000,2026-07-16,换26号嵌套油缸 + 西港梭阀 + 老控制器,0716西港梭阀,1000,1000rpm,24,27.2,75.92870938627182,74.30695979880906,76.34138474101653,65.91492304569702,16.988844814757154,C:\Users\admin\Documents\Codex\2026-07-13\yi-j\work\hpdi_followup_v3\wav\FR_0716_SHUTTLE_1000.wav,74.04294814257206,72.4211985551093
FR_0716_SHUTTLE_1000,2026-07-16,换26号嵌套油缸 + 西港梭阀 + 老控制器,0716西港梭阀,1000,1000rpm,25,28.66,75.23542687406896,72.28132360884132,75.7961054723387,66.62807843790246,17.780816443488526,C:\Users\admin\Documents\Codex\2026-07-13\yi-j\work\hpdi_followup_v3\wav\FR_0716_SHUTTLE_1000.wav,73.3496656303692,70.39556236514156
FR_0716_SHUTTLE_1000,2026-07-16,换26号嵌套油缸 + 西港梭阀 + 老控制器,0716西港梭阀,1000,1000rpm,26,29.44,72.51499800728412,72.08107868987047,73.19387163696075,64.79890183004937,20.507090304944082,C:\Users\admin\Documents\Codex\2026-07-13\yi-j\work\hpdi_followup_v3\wav\FR_0716_SHUTTLE_1000.wav,70.62923676358436,70.1953174461707
FR_0716_SHUTTLE_1000,2026-07-16,换26号嵌套油缸 + 西港梭阀 + 老控制器,0716西港梭阀,1000,1000rpm,27,30.6,80.97534214842055,78.11658653569596,81.15731236262056,67.28880489194638,12.25918543874235,C:\Users\admin\Documents\Codex\2026-07-13\yi-j\work\hpdi_followup_v3\wav\FR_0716_SHUTTLE_1000.wav,79.08958090472079,76.2308252919962
FR_0716_SHUTTLE_1000,2026-07-16,换26号嵌套油缸 + 西港梭阀 + 老控制器,0716西港梭阀,1000,1000rpm,28,31.34,79.68819617157124,77.49223677147901,79.9571451365266,67.74222026694304,12.269797677251578,C:\Users\admin\Documents\Codex\2026-07-13\yi-j\work\hpdi_followup_v3\wav\FR_0716_SHUTTLE_1000.wav,77.80243492787147,75.60647552777925
FR_0716_SHUTTLE_1000,2026-07-16,换26号嵌套油缸 + 西港梭阀 + 老控制器,0716西港梭阀,1000,1000rpm,29,32.5,83.28977562090762,80.56412523485199,83.38201251620117,66.60717933968903,9.113690909266172,C:\Users\admin\Documents\Codex\2026-07-13\yi-j\work\hpdi_followup_v3\wav\FR_0716_SHUTTLE_1000.wav,81.40401437720786,78.67836399115222
FR_0716_SHUTTLE_1000,2026-07-16,换26号嵌套油缸 + 西港梭阀 + 老控制器,0716西港梭阀,1000,1000rpm,30,33.4,78.61029605603727,77.06729528496666,78.91012602617867,67.15198079985689,14.621035160918339,C:\Users\admin\Documents\Codex\2026-07-13\yi-j\work\hpdi_followup_v3\wav\FR_0716_SHUTTLE_1000.wav,76.72453481233751,75.1815340412669
FR_0716_SHUTTLE_1000,2026-07-16,换26号嵌套油缸 + 西港梭阀 + 老控制器,0716西港梭阀,1000,1000rpm,31,34.54,80.55648522080293,78.47336591684945,80.76491712244047,67.47291676403123,13.517054855589713,C:\Users\admin\Documents\Codex\2026-07-13\yi-j\work\hpdi_followup_v3\wav\FR_0716_SHUTTLE_1000.wav,78.67072397710317,76.58760467314968
FR_0716_SHUTTLE_1000,2026-07-16,换26号嵌套油缸 + 西港梭阀 + 老控制器,0716西港梭阀,1000,1000rpm,32,35.48,83.83588443196786,83.51385619564208,83.97054066999478,68.81780817131585,10.38577444005071,C:\Users\admin\Documents\Codex\2026-07-13\yi-j\work\hpdi_followup_v3\wav\FR_0716_SHUTTLE_1000.wav,81.9501231882681,81.62809495194232
FR_0716_SHUTTLE_1000,2026-07-16,换26号嵌套油缸 + 西港梭阀 + 老控制器,0716西港梭阀,1000,1000rpm,33,36.52,82.71398794016918,79.77777872777716,82.87984456714457,68.61666534504316,10.983451243116043,C:\Users\admin\Documents\Codex\2026-07-13\yi-j\work\hpdi_followup_v3\wav\FR_0716_SHUTTLE_1000.wav,80.82822669646941,77.8920174840774
FR_0716_SHUTTLE_1000,2026-07-16,换26号嵌套油缸 + 西港梭阀 + 老控制器,0716西港梭阀,1000,1000rpm,34,37.68,79.05868373912688,76.48566862372513,79.41522390760977,68.38141490673401,14.261585634366643,C:\Users\admin\Documents\Codex\2026-07-13\yi-j\work\hpdi_followup_v3\wav\FR_0716_SHUTTLE_1000.wav,77.17292249542712,74.59990738002537
FR_0716_SHUTTLE_1000,2026-07-16,换26号嵌套油缸 + 西港梭阀 + 老控制器,0716西港梭阀,1000,1000rpm,35,38.44,78.1843068569749,76.87566764782835,78.55618589492187,67.69774697682088,14.305772002902359,C:\Users\admin\Documents\Codex\2026-07-13\yi-j\work\hpdi_followup_v3\wav\FR_0716_SHUTTLE_1000.wav,76.29854561327514,74.98990640412859
FR_0716_SHUTTLE_1000,2026-07-16,换26号嵌套油缸 + 西港梭阀 + 老控制器,0716西港梭阀,1000,1000rpm,36,39.6,80.99496138380707,78.66299502341589,81.09034487609824,64.4596294966891,12.283469526562385,C:\Users\admin\Documents\Codex\2026-07-13\yi-j\work\hpdi_followup_v3\wav\FR_0716_SHUTTLE_1000.wav,79.1092001401073,76.77723377971613
FR_0716_SHUTTLE_1000,2026-07-16,换26号嵌套油缸 + 西港梭阀 + 老控制器,0716西港梭阀,1000,1000rpm,37,41.64,83.51041148007427,81.44740109116225,83.59052604857663,66.20980220858885,10.351284823045734,C:\Users\admin\Documents\Codex\2026-07-13\yi-j\work\hpdi_followup_v3\wav\FR_0716_SHUTTLE_1000.wav,81.6246502363745,79.56163984746249
FR_0716_SHUTTLE_1000,2026-07-16,换26号嵌套油缸 + 西港梭阀 + 老控制器,0716西港梭阀,1000,1000rpm,38,42.42,75.3229701428263,75.26590670065394,76.08127588999787,68.12823885244501,16.507169407450025,C:\Users\admin\Documents\Codex\2026-07-13\yi-j\work\hpdi_followup_v3\wav\FR_0716_SHUTTLE_1000.wav,73.43720889912655,73.38014545695418
FR_0716_SHUTTLE_1000,2026-07-16,换26号嵌套油缸 + 西港梭阀 + 老控制器,0716西港梭阀,1000,1000rpm,39,43.76,77.02673261086514,74.2248016312522,77.46488550334325,67.2860644749441,16.151456064996403,C:\Users\admin\Documents\Codex\2026-07-13\yi-j\work\hpdi_followup_v3\wav\FR_0716_SHUTTLE_1000.wav,75.14097136716538,72.33904038755244
FR_0716_SHUTTLE_1000,2026-07-16,换26号嵌套油缸 + 西港梭阀 + 老控制器,0716西港梭阀,1000,1000rpm,40,44.5,80.30965364122298,76.18202299732415,80.5117373751187,67.08855776788869,12.599019392447122,C:\Users\admin\Documents\Codex\2026-07-13\yi-j\work\hpdi_followup_v3\wav\FR_0716_SHUTTLE_1000.wav,78.42389239752322,74.29626175362439
FR_0716_SHUTTLE_1000,2026-07-16,换26号嵌套油缸 + 西港梭阀 + 老控制器,0716西港梭阀,1000,1000rpm,41,45.32,68.75049722395923,54.89836852206838,70.31504514205332,65.12227596058314,22.638260466474563,C:\Users\admin\Documents\Codex\2026-07-13\yi-j\work\hpdi_followup_v3\wav\FR_0716_SHUTTLE_1000.wav,66.86473598025947,53.01260727836862
FR_0716_SHUTTLE_1000,2026-07-16,换26号嵌套油缸 + 西港梭阀 + 老控制器,0716西港梭阀,1000,1000rpm,42,45.86,79.52248308691557,75.16286456908864,79.78855789436079,67.52839414402683,13.962492734691214,C:\Users\admin\Documents\Codex\2026-07-13\yi-j\work\hpdi_followup_v3\wav\FR_0716_SHUTTLE_1000.wav,77.63672184321581,73.27710332538888
FR_0716_SHUTTLE_1000,2026-07-16,换26号嵌套油缸 + 西港梭阀 + 老控制器,0716西港梭阀,1000,1000rpm,43,46.66,76.06729163775248,73.79694757468818,76.53545332960582,66.62959069760888,16.220815965608004,C:\Users\admin\Documents\Codex\2026-07-13\yi-j\work\hpdi_followup_v3\wav\FR_0716_SHUTTLE_1000.wav,74.18153039405271,71.91118633098841
FR_0716_SHUTTLE_1000,2026-07-16,换26号嵌套油缸 + 西港梭阀 + 老控制器,0716西港梭阀,1000,1000rpm,44,48.1,77.11516514311487,73.85625362309426,77.46765089733398,66.38617256874322,16.21584609563444,C:\Users\admin\Documents\Codex\2026-07-13\yi-j\work\hpdi_followup_v3\wav\FR_0716_SHUTTLE_1000.wav,75.2294038994151,71.9704923793945
FR_0716_SHUTTLE_1000,2026-07-16,换26号嵌套油缸 + 西港梭阀 + 老控制器,0716西港梭阀,1000,1000rpm,45,48.86,77.2289103658577,74.22115096097134,77.55594849151252,66.16159624508526,15.54268860700654,C:\Users\admin\Documents\Codex\2026-07-13\yi-j\work\hpdi_followup_v3\wav\FR_0716_SHUTTLE_1000.wav,75.34314912215794,72.33538971727158
FR_0716_SHUTTLE_1000,2026-07-16,换26号嵌套油缸 + 西港梭阀 + 老控制器,0716西港梭阀,1000,1000rpm,46,50.34,76.20455452380271,73.01141985513874,76.66120550837641,66.65288136214203,17.87400294558014,C:\Users\admin\Documents\Codex\2026-07-13\yi-j\work\hpdi_followup_v3\wav\FR_0716_SHUTTLE_1000.wav,74.31879328010295,71.12565861143898
FR_0716_SHUTTLE_1000,2026-07-16,换26号嵌套油缸 + 西港梭阀 + 老控制器,0716西港梭阀,1000,1000rpm,47,51.1,77.48582289983312,75.72412597484734,77.79472783982351,66.16159624508526,16.009308175238623,C:\Users\admin\Documents\Codex\2026-07-13\yi-j\work\hpdi_followup_v3\wav\FR_0716_SHUTTLE_1000.wav,75.60006165613336,73.83836473114758
FR_0716_SHUTTLE_1000,2026-07-16,换26号嵌套油缸 + 西港梭阀 + 老控制器,0716西港梭阀,1000,1000rpm,48,52.46,78.70456886401618,75.71268448223658,78.98147630370639,66.88926134129939,14.692781306788206,C:\Users\admin\Documents\Codex\2026-07-13\yi-j\work\hpdi_followup_v3\wav\FR_0716_SHUTTLE_1000.wav,76.81880762031642,73.82692323853682
FR_0716_SHUTTLE_1000,2026-07-16,换26号嵌套油缸 + 西港梭阀 + 老控制器,0716西港梭阀,1000,1000rpm,49,53.22,77.9136885432496,74.86655958522739,78.23575638045727,66.77734804613738,14.945041821831651,C:\Users\admin\Documents\Codex\2026-07-13\yi-j\work\hpdi_followup_v3\wav\FR_0716_SHUTTLE_1000.wav,76.02792729954984,72.98079834152763
FR_0716_SHUTTLE_1000,2026-07-16,换26号嵌套油缸 + 西港梭阀 + 老控制器,0716西港梭阀,1000,1000rpm,50,54.6,78.13666761626001,75.67594218016953,78.3236959790952,64.57174900002562,14.868369460876522,C:\Users\admin\Documents\Codex\2026-07-13\yi-j\work\hpdi_followup_v3\wav\FR_0716_SHUTTLE_1000.wav,76.25090637256025,73.79018093646977
FR_0716_SHUTTLE_1000,2026-07-16,换26号嵌套油缸 + 西港梭阀 + 老控制器,0716西港梭阀,1000,1000rpm,51,56.5,69.3343306526281,54.55925632349637,70.3412674362217,63.4997013081118,22.64934909908679,C:\Users\admin\Documents\Codex\2026-07-13\yi-j\work\hpdi_followup_v3\wav\FR_0716_SHUTTLE_1000.wav,67.44856940892834,52.67349507979661
FR_0716_SHUTTLE_1000,2026-07-16,换26号嵌套油缸 + 西港梭阀 + 老控制器,0716西港梭阀,1000,1000rpm,52,56.82,81.74910187608747,78.56080297548516,81.88856469742146,66.88576124369976,11.516249984228047,C:\Users\admin\Documents\Codex\2026-07-13\yi-j\work\hpdi_followup_v3\wav\FR_0716_SHUTTLE_1000.wav,79.8633406323877,76.6750417317854
FR_0716_SHUTTLE_1000,2026-07-16,换26号嵌套油缸 + 西港梭阀 + 老控制器,0716西港梭阀,1000,1000rpm,53,57.72,78.14623998904341,77.79447515560287,78.46018794854908,66.89489308863374,14.676243393635538,C:\Users\admin\Documents\Codex\2026-07-13\yi-j\work\hpdi_followup_v3\wav\FR_0716_SHUTTLE_1000.wav,76.26047874534365,75.9087139119031
FR_0716_SHUTTLE_1000,2026-07-16,换26号嵌套油缸 + 西港梭阀 + 老控制器,0716西港梭阀,1000,1000rpm,54,59.16,77.43254423556635,74.44681766352502,77.81651025804229,67.09102644890962,16.144038747882913,C:\Users\admin\Documents\Codex\2026-07-13\yi-j\work\hpdi_followup_v3\wav\FR_0716_SHUTTLE_1000.wav,75.54678299186659,72.56105641982526
FR_0716_SHUTTLE_1000,2026-07-16,换26号嵌套油缸 + 西港梭阀 + 老控制器,0716西港梭阀,1000,1000rpm,55,59.92,77.5963675869103,75.4257576994124,77.8952338259282,66.12358309865714,15.250346230447846,C:\Users\admin\Documents\Codex\2026-07-13\yi-j\work\hpdi_followup_v3\wav\FR_0716_SHUTTLE_1000.wav,75.71060634321054,73.53999645571264
FR_0716_SHUTTLE_1000,2026-07-16,换26号嵌套油缸 + 西港梭阀 + 老控制器,0716西港梭阀,1000,1000rpm,56,61.0,85.7257601369347,83.60001957358763,85.7524536836916,63.62533345444813,8.591751497173473,C:\Users\admin\Documents\Codex\2026-07-13\yi-j\work\hpdi_followup_v3\wav\FR_0716_SHUTTLE_1000.wav,83.83999889323493,81.71425832988787
FR_0716_SHUTTLE_1000,2026-07-16,换26号嵌套油缸 + 西港梭阀 + 老控制器,0716西港梭阀,1000,1000rpm,57,61.86,80.1201881809711,78.24347212904503,80.1201881809711,-282.7858061972788,12.96840323880053,C:\Users\admin\Documents\Codex\2026-07-13\yi-j\work\hpdi_followup_v3\wav\FR_0716_SHUTTLE_1000.wav,78.23442693727134,76.35771088534527
FR_0722_B_HEAT_900,2026-07-22,A样改B样 + 热处理活塞 + 嵌套油缸 + 老控制器,0722热处理活塞+B样,900,900rpm,1,1.5,92.35962130630688,89.9081108978635,92.41479995892067,73.42710764461606,-2.3854752093399547,C:\Users\admin\Documents\Codex\2026-07-13\yi-j\work\hpdi_followup_v3\wav\FR_0722_B_HEAT_900.wav,84.57820024806551,82.12668983962213
FR_0722_B_HEAT_900,2026-07-22,A样改B样 + 热处理活塞 + 嵌套油缸 + 老控制器,0722热处理活塞+B样,900,900rpm,2,2.44,88.81168240541555,85.54681215271182,89.03028260125686,75.94010331190047,0.6789342435980714,C:\Users\admin\Documents\Codex\2026-07-13\yi-j\work\hpdi_followup_v3\wav\FR_0722_B_HEAT_900.wav,81.03026134717419,77.76539109447046
FR_0722_B_HEAT_900,2026-07-22,A样改B样 + 热处理活塞 + 嵌套油缸 + 老控制器,0722热处理活塞+B样,900,900rpm,3,3.42,79.1389113327024,64.34804322104455,80.13637110264833,73.25829322143454,10.131680360000843,C:\Users\admin\Documents\Codex\2026-07-13\yi-j\work\hpdi_followup_v3\wav\FR_0722_B_HEAT_900.wav,71.35749027446104,56.566622162803185
FR_0722_B_HEAT_900,2026-07-22,A样改B样 + 热处理活塞 + 嵌套油缸 + 老控制器,0722热处理活塞+B样,900,900rpm,4,3.94,86.16728499855232,84.13462775430452,86.33120902245103,72.01808776142259,2.042380351620313,C:\Users\admin\Documents\Codex\2026-07-13\yi-j\work\hpdi_followup_v3\wav\FR_0722_B_HEAT_900.wav,78.38586394031095,76.35320669606315
FR_0722_B_HEAT_900,2026-07-22,A样改B样 + 热处理活塞 + 嵌套油缸 + 老控制器,0722热处理活塞+B样,900,900rpm,5,4.78,86.68866699136669,84.63471450091961,86.83480990603601,72.03187788876312,1.8996526125079214,C:\Users\admin\Documents\Codex\2026-07-13\yi-j\work\hpdi_followup_v3\wav\FR_0722_B_HEAT_900.wav,78.90724593312532,76.85329344267825
FR_0722_B_HEAT_900,2026-07-22,A样改B样 + 热处理活塞 + 嵌套油缸 + 老控制器,0722热处理活塞+B样,900,900rpm,6,5.76,79.09233812369106,63.74588794064215,79.84581626398734,71.86738614154805,10.137003431411252,C:\Users\admin\Documents\Codex\2026-07-13\yi-j\work\hpdi_followup_v3\wav\FR_0722_B_HEAT_900.wav,71.3109170654497,55.964466882400785
FR_0722_B_HEAT_900,2026-07-22,A样改B样 + 热处理活塞 + 嵌套油缸 + 老控制器,0722热处理活塞+B样,900,900rpm,7,6.38,87.62007736262727,84.93085858413903,87.74210170656754,72.16785408995169,1.6755929999168764,C:\Users\admin\Documents\Codex\2026-07-13\yi-j\work\hpdi_followup_v3\wav\FR_0722_B_HEAT_900.wav,79.8386563043859,77.14943752589767
FR_0722_B_HEAT_900,2026-07-22,A样改B样 + 热处理活塞 + 嵌套油缸 + 老控制器,0722热处理活塞+B样,900,900rpm,8,7.2,88.57015901837676,85.70502772090012,88.70018322066089,73.39773218604957,1.8818103751652302,C:\Users\admin\Documents\Codex\2026-07-13\yi-j\work\hpdi_followup_v3\wav\FR_0722_B_HEAT_900.wav,80.78873796013539,77.92360666265876
FR_0722_B_HEAT_900,2026-07-22,A样改B样 + 热处理活塞 + 嵌套油缸 + 老控制器,0722热处理活塞+B样,900,900rpm,9,8.28,93.59960789954185,91.0987808728509,93.63539453873605,72.77687954022778,-2.6914390079345836,C:\Users\admin\Documents\Codex\2026-07-13\yi-j\work\hpdi_followup_v3\wav\FR_0722_B_HEAT_900.wav,85.81818684130049,83.31735981460953
FR_0722_B_HEAT_900,2026-07-22,A样改B样 + 热处理活塞 + 嵌套油缸 + 老控制器,0722热处理活塞+B样,900,900rpm,10,9.12,89.01894422088262,84.98027512093026,89.14360443485907,73.66085898798103,-0.1474483221650793,C:\Users\admin\Documents\Codex\2026-07-13\yi-j\work\hpdi_followup_v3\wav\FR_0722_B_HEAT_900.wav,81.23752316264125,77.1988540626889
FR_0722_B_HEAT_900,2026-07-22,A样改B样 + 热处理活塞 + 嵌套油缸 + 老控制器,0722热处理活塞+B样,900,900rpm,11,10.34,91.31683666053836,88.94775937601045,91.36037030481152,71.34902879405824,0.36249483806317073,C:\Users\admin\Documents\Codex\2026-07-13\yi-j\work\hpdi_followup_v3\wav\FR_0722_B_HEAT_900.wav,83.535415602297,81.16633831776909
FR_0722_B_HEAT_900,2026-07-22,A样改B样 + 热处理活塞 + 嵌套油缸 + 老控制器,0722热处理活塞+B样,900,900rpm,12,12.28,87.59371004478893,84.83639035954164,87.68931868781844,71.06873049586582,1.5923349423107354,C:\Users\admin\Documents\Codex\2026-07-13\yi-j\work\hpdi_followup_v3\wav\FR_0722_B_HEAT_900.wav,79.81228898654757,77.05496930130028
FR_0722_B_HEAT_900,2026-07-22,A样改B样 + 热处理活塞 + 嵌套油缸 + 老控制器,0722热处理活塞+B样,900,900rpm,13,13.3,88.5308287179661,86.6707382342671,88.63464523795282,72.3676619373358,1.3235772627630347,C:\Users\admin\Documents\Codex\2026-07-13\yi-j\work\hpdi_followup_v3\wav\FR_0722_B_HEAT_900.wav,80.74940765972474,78.88931717602574
FR_0722_B_HEAT_900,2026-07-22,A样改B样 + 热处理活塞 + 嵌套油缸 + 老控制器,0722热处理活塞+B样,900,900rpm,14,14.16,93.1225784011302,90.2013905739249,93.16292738161606,72.82325105495474,-2.6749173802798403,C:\Users\admin\Documents\Codex\2026-07-13\yi-j\work\hpdi_followup_v3\wav\FR_0722_B_HEAT_900.wav,85.34115734288883,82.41996951568353
FR_0722_B_HEAT_900,2026-07-22,A样改B样 + 热处理活塞 + 嵌套油缸 + 老控制器,0722热处理活塞+B样,900,900rpm,15,15.08,86.33467650428159,82.96309017973759,86.56839869468591,73.76121803989071,2.8584620717745324,C:\Users\admin\Documents\Codex\2026-07-13\yi-j\work\hpdi_followup_v3\wav\FR_0722_B_HEAT_900.wav,78.55325544604023,75.18166912149623
FR_0722_B_HEAT_900,2026-07-22,A样改B样 + 热处理活塞 + 嵌套油缸 + 老控制器,0722热处理活塞+B样,900,900rpm,16,16.0,91.00074527580097,88.67476589976997,91.07497239804258,73.36569481850398,-1.5662158571411098,C:\Users\admin\Documents\Codex\2026-07-13\yi-j\work\hpdi_followup_v3\wav\FR_0722_B_HEAT_900.wav,83.2193242175596,80.8933448415286
FR_0722_B_HEAT_900,2026-07-22,A样改B样 + 热处理活塞 + 嵌套油缸 + 老控制器,0722热处理活塞+B样,900,900rpm,17,16.84,87.08294703696826,84.44373569070989,87.27289848033324,73.58685178963009,-0.3119906848617049,C:\Users\admin\Documents\Codex\2026-07-13\yi-j\work\hpdi_followup_v3\wav\FR_0722_B_HEAT_900.wav,79.3015259787269,76.66231463246852
FR_0722_B_HEAT_900,2026-07-22,A样改B样 + 热处理活塞 + 嵌套油缸 + 老控制器,0722热处理活塞+B样,900,900rpm,18,17.72,92.45533469072501,89.70920841903737,92.50194847116063,72.78596257625495,-3.518564992736259,C:\Users\admin\Documents\Codex\2026-07-13\yi-j\work\hpdi_followup_v3\wav\FR_0722_B_HEAT_900.wav,84.67391363248365,81.927787360796
FR_0722_B_HEAT_900,2026-07-22,A样改B样 + 热处理活塞 + 嵌套油缸 + 老控制器,0722热处理活塞+B样,900,900rpm,19,18.56,87.26793354081065,84.88257435100368,87.4199753215967,72.78596257625495,-1.6409173062464362,C:\Users\admin\Documents\Codex\2026-07-13\yi-j\work\hpdi_followup_v3\wav\FR_0722_B_HEAT_900.wav,79.48651248256928,77.10115329276232
FR_0722_B_HEAT_900,2026-07-22,A样改B样 + 热处理活塞 + 嵌套油缸 + 老控制器,0722热处理活塞+B样,900,900rpm,20,19.74,91.28875874374637,89.4135158413934,91.3353625068842,71.61844821286728,-0.1688478296034326,C:\Users\admin\Documents\Codex\2026-07-13\yi-j\work\hpdi_followup_v3\wav\FR_0722_B_HEAT_900.wav,83.50733768550501,81.63209478315204
FR_0722_B_HEAT_900,2026-07-22,A样改B样 + 热处理活塞 + 嵌套油缸 + 老控制器,0722热处理活塞+B样,900,900rpm,21,20.68,82.9310890813384,81.55771862380257,83.27342415951429,72.07005183836023,2.349307616715528,C:\Users\admin\Documents\Codex\2026-07-13\yi-j\work\hpdi_followup_v3\wav\FR_0722_B_HEAT_900.wav,75.14966802309704,73.77629756556121
FR_0722_B_HEAT_900,2026-07-22,A样改B样 + 热处理活塞 + 嵌套油缸 + 老控制器,0722热处理活塞+B样,900,900rpm,22,21.76,91.9470248721119,89.6012118097361,91.9913001601513,72.05295216282302,-0.9978730950143166,C:\Users\admin\Documents\Codex\2026-07-13\yi-j\work\hpdi_followup_v3\wav\FR_0722_B_HEAT_900.wav,84.16560381387053,81.81979075149474
FR_0722_B_HEAT_900,2026-07-22,A样改B样 + 热处理活塞 + 嵌套油缸 + 老控制器,0722热处理活塞+B样,900,900rpm,23,22.6,88.74137092014537,84.96527710931277,88.89647027411367,74.34740816423113,-1.9005128162822906,C:\Users\admin\Documents\Codex\2026-07-13\yi-j\work\hpdi_followup_v3\wav\FR_0722_B_HEAT_900.wav,80.95994986190401,77.1838560510714
FR_0722_B_HEAT_900,2026-07-22,A样改B样 + 热处理活塞 + 嵌套油缸 + 老控制器,0722热处理活塞+B样,900,900rpm,24,23.9,89.7439498383775,88.08133340073276,89.7439498383775,-282.7858061972788,-1.8115403773930652,C:\Users\admin\Documents\Codex\2026-07-13\yi-j\work\hpdi_followup_v3\wav\FR_0722_B_HEAT_900.wav,81.96252878013614,80.2999123424914
FR_0722_B_HEAT_1000,2026-07-22,A样改B样 + 热处理活塞 + 嵌套油缸 + 老控制器,0722热处理活塞+B样,1000,1000rpm,1,0.6,92.86405203730084,89.59353635441168,92.86405203730084,-282.7858061972788,-1.8741996483680872,C:\Users\admin\Documents\Codex\2026-07-13\yi-j\work\hpdi_followup_v3\wav\FR_0722_B_HEAT_1000.wav,82.63415451908415,79.363638836195
FR_0722_B_HEAT_1000,2026-07-22,A样改B样 + 热处理活塞 + 嵌套油缸 + 老控制器,0722热处理活塞+B样,1000,1000rpm,2,1.46,85.55322574011538,81.2139001339373,86.30579269606764,78.32254988660823,3.6712230685077465,C:\Users\admin\Documents\Codex\2026-07-13\yi-j\work\hpdi_followup_v3\wav\FR_0722_B_HEAT_1000.wav,75.32332822189869,70.98400261572061
FR_0722_B_HEAT_1000,2026-07-22,A样改B样 + 热处理活塞 + 嵌套油缸 + 老控制器,0722热处理活塞+B样,1000,1000rpm,3,2.32,76.93378263996992,65.22546122983032,80.9126835864959,78.69386329832943,6.488364652169569,C:\Users\admin\Documents\Codex\2026-07-13\yi-j\work\hpdi_followup_v3\wav\FR_0722_B_HEAT_1000.wav,66.70388512175323,54.99556371161363
FR_0722_B_HEAT_1000,2026-07-22,A样改B样 + 热处理活塞 + 嵌套油缸 + 老控制器,0722热处理活塞+B样,1000,1000rpm,4,2.84,92.4427510638012,89.51194415466168,92.53428956340181,75.72679548882391,-3.4358993402123765,C:\Users\admin\Documents\Codex\2026-07-13\yi-j\work\hpdi_followup_v3\wav\FR_0722_B_HEAT_1000.wav,82.21285354558451,79.28204663644499
FR_0722_B_HEAT_1000,2026-07-22,A样改B样 + 热处理活塞 + 嵌套油缸 + 老控制器,0722热处理活塞+B样,1000,1000rpm,5,3.66,87.96019574393725,84.06715764246923,88.26424197038504,76.56465880340959,0.026790980171664813,C:\Users\admin\Documents\Codex\2026-07-13\yi-j\work\hpdi_followup_v3\wav\FR_0722_B_HEAT_1000.wav,77.73029822572056,73.83726012425254
FR_0722_B_HEAT_1000,2026-07-22,A样改B样 + 热处理活塞 + 嵌套油缸 + 老控制器,0722热处理活塞+B样,1000,1000rpm,6,5.16,87.92432918116144,85.12426660562001,88.11289525748222,74.39574588384099,-0.17597772904928277,C:\Users\admin\Documents\Codex\2026-07-13\yi-j\work\hpdi_followup_v3\wav\FR_0722_B_HEAT_1000.wav,77.69443166294475,74.89436908740332
FR_0722_B_HEAT_1000,2026-07-22,A样改B样 + 热处理活塞 + 嵌套油缸 + 老控制器,0722热处理活塞+B样,1000,1000rpm,7,5.9,88.05742612025068,84.31187581172514,88.26106223385058,74.8703469011251,-0.57106258684437,C:\Users\admin\Documents\Codex\2026-07-13\yi-j\work\hpdi_followup_v3\wav\FR_0722_B_HEAT_1000.wav,77.827528602034,74.08197829350846
FR_0722_B_HEAT_1000,2026-07-22,A样改B样 + 热处理活塞 + 嵌套油缸 + 老控制器,0722热处理活塞+B样,1000,1000rpm,8,7.0,92.03245541925384,89.22307387252128,92.11987995783934,75.11473139193156,-3.729086618841027,C:\Users\admin\Documents\Codex\2026-07-13\yi-j\work\hpdi_followup_v3\wav\FR_0722_B_HEAT_1000.wav,81.80255790103715,78.9931763543046
FR_0722_B_HEAT_1000,2026-07-22,A样改B样 + 热处理活塞 + 嵌套油缸 + 老控制器,0722热处理活塞+B样,1000,1000rpm,9,7.74,84.13970835152836,78.3139562835805,84.99651257530802,77.5261242165029,4.609632497050001,C:\Users\admin\Documents\Codex\2026-07-13\yi-j\work\hpdi_followup_v3\wav\FR_0722_B_HEAT_1000.wav,73.90981083331167,68.0840587653638
FR_0722_B_HEAT_1000,2026-07-22,A样改B样 + 热处理活塞 + 嵌套油缸 + 老控制器,0722热处理活塞+B样,1000,1000rpm,10,8.8,92.93518711581396,90.75363132366587,93.03777879216403,76.71986208150963,-2.8451321833012457,C:\Users\admin\Documents\Codex\2026-07-13\yi-j\work\hpdi_followup_v3\wav\FR_0722_B_HEAT_1000.wav,82.70528959759727,80.52373380544918
FR_0722_B_HEAT_1000,2026-07-22,A样改B样 + 热处理活塞 + 嵌套油缸 + 老控制器,0722热处理活塞+B样,1000,1000rpm,11,9.64,87.80828337920329,83.90655626566803,88.08854829887707,76.04701371362628,-0.9839920441755261,C:\Users\admin\Documents\Codex\2026-07-13\yi-j\work\hpdi_followup_v3\wav\FR_0722_B_HEAT_1000.wav,77.5783858609866,73.67665874745134
FR_0722_B_HEAT_1000,2026-07-22,A样改B样 + 热处理活塞 + 嵌套油缸 + 老控制器,0722热处理活塞+B样,1000,1000rpm,12,10.74,91.79671123165686,89.60428687268472,91.8769466488522,74.50270874257168,0.08810151755189821,C:\Users\admin\Documents\Codex\2026-07-13\yi-j\work\hpdi_followup_v3\wav\FR_0722_B_HEAT_1000.wav,81.56681371344017,79.37438935446804
FR_0722_B_HEAT_1000,2026-07-22,A样改B样 + 热处理活塞 + 嵌套油缸 + 老控制器,0722热处理活塞+B样,1000,1000rpm,13,11.58,86.97715886503863,84.08820409152564,87.22294180830946,74.6283041872295,1.1349398413685456,C:\Users\admin\Documents\Codex\2026-07-13\yi-j\work\hpdi_followup_v3\wav\FR_0722_B_HEAT_1000.wav,76.74726134682194,73.85830657330895
FR_0722_B_HEAT_1000,2026-07-22,A样改B样 + 热处理活塞 + 嵌套油缸 + 老控制器,0722热处理活塞+B样,1000,1000rpm,14,12.76,92.06026816412295,88.62590319816304,92.1282982151736,74.04349244752197,-1.9900172644634964,C:\Users\admin\Documents\Codex\2026-07-13\yi-j\work\hpdi_followup_v3\wav\FR_0722_B_HEAT_1000.wav,81.83037064590626,78.39600567994636
FR_0722_B_HEAT_1000,2026-07-22,A样改B样 + 热处理活塞 + 嵌套油缸 + 老控制器,0722热处理活塞+B样,1000,1000rpm,15,13.54,83.42501141894326,78.99219199625938,83.94243624125902,74.44692162004671,4.527814795537285,C:\Users\admin\Documents\Codex\2026-07-13\yi-j\work\hpdi_followup_v3\wav\FR_0722_B_HEAT_1000.wav,73.19511390072657,68.76229447804269
FR_0722_B_HEAT_1000,2026-07-22,A样改B样 + 热处理活塞 + 嵌套油缸 + 老控制器,0722热处理活塞+B样,1000,1000rpm,16,14.68,92.46154760075197,89.18955051345962,92.52841644962874,74.36942028199752,-1.1843394652436352,C:\Users\admin\Documents\Codex\2026-07-13\yi-j\work\hpdi_followup_v3\wav\FR_0722_B_HEAT_1000.wav,82.23165008253528,78.95965299524293
FR_0722_B_HEAT_1000,2026-07-22,A样改B样 + 热处理活塞 + 嵌套油缸 + 老控制器,0722热处理活塞+B样,1000,1000rpm,17,15.54,86.792939433556,84.72687042199118,87.06715155808664,74.93379029744693,0.47232395738373256,C:\Users\admin\Documents\Codex\2026-07-13\yi-j\work\hpdi_followup_v3\wav\FR_0722_B_HEAT_1000.wav,76.56304191533931,74.49697290377449
FR_0722_B_HEAT_1000,2026-07-22,A样改B样 + 热处理活塞 + 嵌套油缸 + 老控制器,0722热处理活塞+B样,1000,1000rpm,18,16.82,92.8390820570885,89.37663697947247,92.92059271540998,75.61420202351205,-3.96491221713325,C:\Users\admin\Documents\Codex\2026-07-13\yi-j\work\hpdi_followup_v3\wav\FR_0722_B_HEAT_1000.wav,82.60918453887182,79.14673946125578
FR_0722_B_HEAT_1000,2026-07-22,A样改B样 + 热处理活塞 + 嵌套油缸 + 老控制器,0722热处理活塞+B样,1000,1000rpm,19,17.52,89.07405804440117,82.43375529827892,89.35136832971091,77.26526762173742,0.6624697575326941,C:\Users\admin\Documents\Codex\2026-07-13\yi-j\work\hpdi_followup_v3\wav\FR_0722_B_HEAT_1000.wav,78.84416052618448,72.20385778006224
FR_0722_B_HEAT_1000,2026-07-22,A样改B样 + 热处理活塞 + 嵌套油缸 + 老控制器,0722热处理活塞+B样,1000,1000rpm,20,18.4,80.52638201642195,65.34390157707949,81.66889094110005,75.31090560372857,7.244052850525307,C:\Users\admin\Documents\Codex\2026-07-13\yi-j\work\hpdi_followup_v3\wav\FR_0722_B_HEAT_1000.wav,70.29648449820526,55.114004058862804
FR_0722_B_HEAT_1000,2026-07-22,A样改B样 + 热处理活塞 + 嵌套油缸 + 老控制器,0722热处理活塞+B样,1000,1000rpm,21,18.94,89.6385531007669,86.60987671430296,89.76711818425198,74.41638147083339,-2.6548130050241383,C:\Users\admin\Documents\Codex\2026-07-13\yi-j\work\hpdi_followup_v3\wav\FR_0722_B_HEAT_1000.wav,79.40865558255021,76.37997919608627
FR_0722_B_HEAT_1000,2026-07-22,A样改B样 + 热处理活塞 + 嵌套油缸 + 老控制器,0722热处理活塞+B样,1000,1000rpm,22,19.82,84.00382959046061,80.44138314892623,84.4569231393495,74.41638147083339,1.5783189439937644,C:\Users\admin\Documents\Codex\2026-07-13\yi-j\work\hpdi_followup_v3\wav\FR_0722_B_HEAT_1000.wav,73.77393207224392,70.21148563070955
FR_0722_B_HEAT_1000,2026-07-22,A样改B样 + 热处理活塞 + 嵌套油缸 + 老控制器,0722热处理活塞+B样,1000,1000rpm,23,21.28,92.434140000799,89.04280716683239,92.53027563671401,75.9332974087522,-3.1982666397344595,C:\Users\admin\Documents\Codex\2026-07-13\yi-j\work\hpdi_followup_v3\wav\FR_0722_B_HEAT_1000.wav,82.20424248258232,78.8129096486157
FR_0722_B_HEAT_1000,2026-07-22,A样改B样 + 热处理活塞 + 嵌套油缸 + 老控制器,0722热处理活塞+B样,1000,1000rpm,24,21.98,88.32487797795865,81.51388679190029,88.84687863428998,79.38735961559615,0.5868520300387985,C:\Users\admin\Documents\Codex\2026-07-13\yi-j\work\hpdi_followup_v3\wav\FR_0722_B_HEAT_1000.wav,78.09498045974196,71.2839892736836
FR_0722_B_HEAT_1000,2026-07-22,A样改B样 + 热处理活塞 + 嵌套油缸 + 老控制器,0722热处理活塞+B样,1000,1000rpm,25,22.86,77.3542660167235,65.4439869809068,81.24553450562195,78.96728307419174,6.627890404627159,C:\Users\admin\Documents\Codex\2026-07-13\yi-j\work\hpdi_followup_v3\wav\FR_0722_B_HEAT_1000.wav,67.12436849850681,55.21408946269011
FR_0722_B_HEAT_1000,2026-07-22,A样改B样 + 热处理活塞 + 嵌套油缸 + 老控制器,0722热处理活塞+B样,1000,1000rpm,26,23.6,92.81920572739382,89.7350673340533,92.89421203342262,75.22989751821669,-3.8917870443447242,C:\Users\admin\Documents\Codex\2026-07-13\yi-j\work\hpdi_followup_v3\wav\FR_0722_B_HEAT_1000.wav,82.58930820917713,79.50516981583661
FR_0722_B_HEAT_1000,2026-07-22,A样改B样 + 热处理活塞 + 嵌套油缸 + 老控制器,0722热处理活塞+B样,1000,1000rpm,27,24.34,87.4145263024709,79.17275594555332,87.4145263024709,-282.7858061972788,-1.5244518984512716,C:\Users\admin\Documents\Codex\2026-07-13\yi-j\work\hpdi_followup_v3\wav\FR_0722_B_HEAT_1000.wav,77.18462878425422,68.94285842733663
FR_DELIVERY_0723_700,2026-07-23,交付泵,0723交付泵,700,700rpm,1,1.08,87.7038303251323,86.04914376281656,88.19676257214992,78.50265658296962,-2.723588737142787,C:\Users\admin\Documents\Codex\2026-07-13\yi-j\work\hpdi_followup_v3\wav\FR_DELIVERY_0723_700.wav,79.25736926990133,77.60268270758559
FR_DELIVERY_0723_700,2026-07-23,交付泵,0723交付泵,700,700rpm,2,2.1,91.52434327694216,88.11465613201484,91.76854792934789,79.14671396367928,-7.836673867022423,C:\Users\admin\Documents\Codex\2026-07-13\yi-j\work\hpdi_followup_v3\wav\FR_DELIVERY_0723_700.wav,83.07788222171119,79.66819507678387
FR_DELIVERY_0723_700,2026-07-23,交付泵,0723交付泵,700,700rpm,3,3.36,84.89994372296724,85.49693115456675,85.8439164703556,78.75222734209316,-1.644035836968154,C:\Users\admin\Documents\Codex\2026-07-13\yi-j\work\hpdi_followup_v3\wav\FR_DELIVERY_0723_700.wav,76.45348266773627,77.05047009933578
FR_DELIVERY_0723_700,2026-07-23,交付泵,0723交付泵,700,700rpm,4,4.54,91.35271544714527,89.80533728071403,91.56922550849534,78.4383579253531,-5.929026429624898,C:\Users\admin\Documents\Codex\2026-07-13\yi-j\work\hpdi_followup_v3\wav\FR_DELIVERY_0723_700.wav,82.9062543919143,81.35887622548306
FR_DELIVERY_0723_700,2026-07-23,交付泵,0723交付泵,700,700rpm,5,5.68,85.03452407630834,85.71658086131885,85.84066055149572,78.13006791911874,-2.8858523114017203,C:\Users\admin\Documents\Codex\2026-07-13\yi-j\work\hpdi_followup_v3\wav\FR_DELIVERY_0723_700.wav,76.58806302107737,77.27011980608788
FR_DELIVERY_0723_700,2026-07-23,交付泵,0723交付泵,700,700rpm,6,6.98,86.96389398019029,85.20169308735927,87.35568423440176,76.71395487278122,-4.315280673398334,C:\Users\admin\Documents\Codex\2026-07-13\yi-j\work\hpdi_followup_v3\wav\FR_DELIVERY_0723_700.wav,78.51743292495932,76.7552320321283
FR_DELIVERY_0723_700,2026-07-23,交付泵,0723交付泵,700,700rpm,7,8.12,79.82123949579528,81.82892489292504,81.20181480114327,75.55255591886333,3.1325485485914086,C:\Users\admin\Documents\Codex\2026-07-13\yi-j\work\hpdi_followup_v3\wav\FR_DELIVERY_0723_700.wav,71.37477844056431,73.38246383769408
FR_DELIVERY_0723_700,2026-07-23,交付泵,0723交付泵,700,700rpm,8,9.42,83.60890727146119,82.10266469526394,84.12015974883218,74.57555206074717,-2.7386005547217422,C:\Users\admin\Documents\Codex\2026-07-13\yi-j\work\hpdi_followup_v3\wav\FR_DELIVERY_0723_700.wav,75.16244621623022,73.65620364003297
FR_DELIVERY_0723_700,2026-07-23,交付泵,0723交付泵,700,700rpm,9,10.7,83.63094659447877,81.59607607603783,84.13436428444194,74.5265282068668,0.6129780186025684,C:\Users\admin\Documents\Codex\2026-07-13\yi-j\work\hpdi_followup_v3\wav\FR_DELIVERY_0723_700.wav,75.1844855392478,73.14961502080686
FR_DELIVERY_0723_700,2026-07-23,交付泵,0723交付泵,700,700rpm,10,11.86,86.80677179376993,85.13769687670413,87.04267280037942,74.27471101660781,-3.9159063865331234,C:\Users\admin\Documents\Codex\2026-07-13\yi-j\work\hpdi_followup_v3\wav\FR_DELIVERY_0723_700.wav,78.36031073853896,76.69123582147316
FR_DELIVERY_0723_700,2026-07-23,交付泵,0723交付泵,700,700rpm,11,12.88,83.13846790552516,79.85227659210025,83.66888542109677,74.27471101660781,2.2836431486436517,C:\Users\admin\Documents\Codex\2026-07-13\yi-j\work\hpdi_followup_v3\wav\FR_DELIVERY_0723_700.wav,74.69200685029419,71.40581553686928
FR_DELIVERY_0723_700,2026-07-23,交付泵,0723交付泵,700,700rpm,12,14.28,85.47810577025838,83.74463474705257,85.7443118627757,73.48622548219736,-3.4436498583942594,C:\Users\admin\Documents\Codex\2026-07-13\yi-j\work\hpdi_followup_v3\wav\FR_DELIVERY_0723_700.wav,77.03164471502741,75.2981736918216
FR_DELIVERY_0723_700,2026-07-23,交付泵,0723交付泵,700,700rpm,13,15.3,83.84093350105557,81.4217474728413,84.2191344538193,73.43078926552818,1.7420667295713912,C:\Users\admin\Documents\Codex\2026-07-13\yi-j\work\hpdi_followup_v3\wav\FR_DELIVERY_0723_700.wav,75.3944724458246,72.97528641761033
FR_DELIVERY_0723_700,2026-07-23,交付泵,0723交付泵,700,700rpm,14,16.7,87.8922179529148,85.21829038610352,88.02899410755641,72.94304629660411,-4.924043122970101,C:\Users\admin\Documents\Codex\2026-07-13\yi-j\work\hpdi_followup_v3\wav\FR_DELIVERY_0723_700.wav,79.44575689768384,76.77182933087255
FR_DELIVERY_0723_700,2026-07-23,交付泵,0723交付泵,700,700rpm,15,17.74,84.2076081365137,81.49400762636793,84.52726890625874,73.03746912763643,1.3347319895750083,C:\Users\admin\Documents\Codex\2026-07-13\yi-j\work\hpdi_followup_v3\wav\FR_DELIVERY_0723_700.wav,75.76114708128273,73.04754657113696
FR_DELIVERY_0723_700,2026-07-23,交付泵,0723交付泵,700,700rpm,16,19.14,88.12700811875814,86.44296460786195,88.25751932939377,72.97106221040947,-6.326868276205442,C:\Users\admin\Documents\Codex\2026-07-13\yi-j\work\hpdi_followup_v3\wav\FR_DELIVERY_0723_700.wav,79.68054706352717,77.99650355263098
FR_DELIVERY_0723_700,2026-07-23,交付泵,0723交付泵,700,700rpm,17,20.18,82.54486130924315,79.78551985891741,83.10061283315997,73.8966634091696,1.5383143297750763,C:\Users\admin\Documents\Codex\2026-07-13\yi-j\work\hpdi_followup_v3\wav\FR_DELIVERY_0723_700.wav,74.09840025401218,71.33905880368644
FR_DELIVERY_0723_700,2026-07-23,交付泵,0723交付泵,700,700rpm,18,21.54,88.34721410352047,85.26222723794558,88.49082915459888,73.6133759655881,-4.101831977200085,C:\Users\admin\Documents\Codex\2026-07-13\yi-j\work\hpdi_followup_v3\wav\FR_DELIVERY_0723_700.wav,79.9007530482895,76.81576618271461
FR_DELIVERY_0723_700,2026-07-23,交付泵,0723交付泵,700,700rpm,19,22.64,83.31995784845816,80.7984667327672,83.75530442086533,73.54995750279454,-0.5613864510673849,C:\Users\admin\Documents\Codex\2026-07-13\yi-j\work\hpdi_followup_v3\wav\FR_DELIVERY_0723_700.wav,74.87349679322719,72.35200567753623
FR_DELIVERY_0723_700,2026-07-23,交付泵,0723交付泵,700,700rpm,20,24.0,85.65635868040815,83.46975722548136,85.90399722176119,73.34110555169197,-4.0996876934230215,C:\Users\admin\Documents\Codex\2026-07-13\yi-j\work\hpdi_followup_v3\wav\FR_DELIVERY_0723_700.wav,77.20989762517718,75.02329617025039
FR_DELIVERY_0723_700,2026-07-23,交付泵,0723交付泵,700,700rpm,21,25.06,83.20419412446768,80.00325073211106,83.64877629779497,73.53005868457316,-0.985326207275989,C:\Users\admin\Documents\Codex\2026-07-13\yi-j\work\hpdi_followup_v3\wav\FR_DELIVERY_0723_700.wav,74.7577330692367,71.55678967688009
FR_DELIVERY_0723_700,2026-07-23,交付泵,0723交付泵,700,700rpm,22,26.42,88.36028940392914,85.63332455898882,88.47397653330572,72.59652686240454,-4.790391051122025,C:\Users\admin\Documents\Codex\2026-07-13\yi-j\work\hpdi_followup_v3\wav\FR_DELIVERY_0723_700.wav,79.91382834869817,77.18686350375785
FR_DELIVERY_0723_700,2026-07-23,交付泵,0723交付泵,700,700rpm,23,27.48,83.49974310214242,79.99927751285512,83.78577148805198,71.82979042227619,-0.8135925706306963,C:\Users\admin\Documents\Codex\2026-07-13\yi-j\work\hpdi_followup_v3\wav\FR_DELIVERY_0723_700.wav,75.05328204691145,71.55281645762415
FR_DELIVERY_0723_700,2026-07-23,交付泵,0723交付泵,700,700rpm,24,28.86,89.13300350242064,86.04096449609995,89.21307049262765,71.82979042227619,-6.211898991543567,C:\Users\admin\Documents\Codex\2026-07-13\yi-j\work\hpdi_followup_v3\wav\FR_DELIVERY_0723_700.wav,80.68654244718967,77.59450344086898
FR_DELIVERY_0723_700,2026-07-23,交付泵,0723交付泵,700,700rpm,25,29.9,81.98922981855338,78.18236123386858,82.37169093912357,71.62989349862964,1.6569884820626655,C:\Users\admin\Documents\Codex\2026-07-13\yi-j\work\hpdi_followup_v3\wav\FR_DELIVERY_0723_700.wav,73.54276876332241,69.7359001786376
FR_DELIVERY_0723_700,2026-07-23,交付泵,0723交付泵,700,700rpm,26,31.18,89.89598429152534,86.632471444737,89.95814060941895,71.48410919520765,-4.855547089905425,C:\Users\admin\Documents\Codex\2026-07-13\yi-j\work\hpdi_followup_v3\wav\FR_DELIVERY_0723_700.wav,81.44952323629437,78.18601038950604
FR_DELIVERY_0723_700,2026-07-23,交付泵,0723交付泵,700,700rpm,27,32.34,83.45124450919764,80.07389487790209,83.70695035366418,71.27928816008279,0.9761871731597793,C:\Users\admin\Documents\Codex\2026-07-13\yi-j\work\hpdi_followup_v3\wav\FR_DELIVERY_0723_700.wav,75.00478345396667,71.62743382267112
FR_DELIVERY_0723_700,2026-07-23,交付泵,0723交付泵,700,700rpm,28,33.58,88.33778734189036,84.27528867758397,88.4424671865303,72.21101997576878,-1.9704670870815377,C:\Users\admin\Documents\Codex\2026-07-13\yi-j\work\hpdi_followup_v3\wav\FR_DELIVERY_0723_700.wav,79.89132628665939,75.828827622353
FR_DELIVERY_0723_700,2026-07-23,交付泵,0723交付泵,700,700rpm,29,34.66,84.78825271243421,81.0272181072149,85.02911135405066,72.34901781475696,1.0686177142892035,C:\Users\admin\Documents\Codex\2026-07-13\yi-j\work\hpdi_followup_v3\wav\FR_DELIVERY_0723_700.wav,76.34179165720325,72.58075705198394
FR_DELIVERY_0723_700,2026-07-23,交付泵,0723交付泵,700,700rpm,30,36.04,85.46686855716636,83.28585614875027,85.7284387658037,73.39634973534272,-0.5775090009477637,C:\Users\admin\Documents\Codex\2026-07-13\yi-j\work\hpdi_followup_v3\wav\FR_DELIVERY_0723_700.wav,77.0204075019354,74.8393950935193
FR_DELIVERY_0723_700,2026-07-23,交付泵,0723交付泵,700,700rpm,31,37.1,86.47147894908227,82.88909284486772,86.68267221549539,73.44646105523097,-1.67871229531017,C:\Users\admin\Documents\Codex\2026-07-13\yi-j\work\hpdi_followup_v3\wav\FR_DELIVERY_0723_700.wav,78.0250178938513,74.44263178963675
FR_DELIVERY_0723_700,2026-07-23,交付泵,0723交付泵,700,700rpm,32,38.38,84.16675491884058,81.99322439763151,84.16675491884058,-282.7858061972788,0.682253883278193,C:\Users\admin\Documents\Codex\2026-07-13\yi-j\work\hpdi_followup_v3\wav\FR_DELIVERY_0723_700.wav,75.72029386360961,73.54676334240054
FR_DELIVERY_0723_700,2026-07-23,交付泵,0723交付泵,700,700rpm,33,38.8,75.93378888239971,60.21479309879578,75.93378888239971,-282.7858061972788,8.82335200883847,C:\Users\admin\Documents\Codex\2026-07-13\yi-j\work\hpdi_followup_v3\wav\FR_DELIVERY_0723_700.wav,67.48732782716874,51.76833204356481
