product,speed_rpm,video,time_s,event_rms_dbfs,bg_rms_dbfs,excess_dbfs,prominence_db,env_peak_db
东德竞品,700,C:\FRCloud\FRQ\04_Pump Development\06_HPDI低温泵_加密\03_Testing\02_LNG测试\260709\东德泵老程序测试_0707\700rpm\700.mp4,0.4835827664399093,-35.9741790651558,-41.060391226395694,-37.585764941319695,5.086212161239895,-30.768897103177032
东德竞品,700,C:\FRCloud\FRQ\04_Pump Development\06_HPDI低温泵_加密\03_Testing\02_LNG测试\260709\东德泵老程序测试_0707\700rpm\700.mp4,1.3114965986394558,-38.467281002697135,-35.30401881033357,-53.696068455500516,-3.1632621923635664,-34.67560287155984
东德竞品,700,C:\FRCloud\FRQ\04_Pump Development\06_HPDI低温泵_加密\03_Testing\02_LNG测试\260709\东德泵老程序测试_0707\700rpm\700.mp4,1.7419047619047618,-38.80295404955482,-36.28003237873718,-54.0317415023582,-2.522921670817641,-35.09086824292372
东德竞品,700,C:\FRCloud\FRQ\04_Pump Development\06_HPDI低温泵_加密\03_Testing\02_LNG测试\260709\东德泵老程序测试_0707\700rpm\700.mp4,1.9895691609977324,-30.020410076990537,-40.31487269282905,-30.4464660999012,10.294462615838512,-21.67970717138534
东德竞品,700,C:\FRCloud\FRQ\04_Pump Development\06_HPDI低温泵_加密\03_Testing\02_LNG测试\260709\东德泵老程序测试_0707\700rpm\700.mp4,2.3575283446712016,-42.929032820984204,-35.26550216780882,-58.157820273787586,-7.663530653175389,-37.173392498355675
东德竞品,700,C:\FRCloud\FRQ\04_Pump Development\06_HPDI低温泵_加密\03_Testing\02_LNG测试\260709\东德泵老程序测试_0707\700rpm\700.mp4,3.2280725623582764,-36.680613433100575,-42.7800427181138,-37.904039132261325,6.0994292850132235,-29.92089667201529
东德竞品,700,C:\FRCloud\FRQ\04_Pump Development\06_HPDI低温泵_加密\03_Testing\02_LNG测试\260709\东德泵老程序测试_0707\700rpm\700.mp4,3.9015873015873015,-39.700431738674965,-39.3870204428479,-54.92921919147834,-0.31341129582706656,-35.51044723568901
东德竞品,700,C:\FRCloud\FRQ\04_Pump Development\06_HPDI低温泵_加密\03_Testing\02_LNG测试\260709\东德泵老程序测试_0707\700rpm\700.mp4,4.24578231292517,-39.776957528826145,-38.817892046603774,-55.00574498162952,-0.9590654822223696,-36.02346686052174
东德竞品,700,C:\FRCloud\FRQ\04_Pump Development\06_HPDI低温泵_加密\03_Testing\02_LNG测试\260709\东德泵老程序测试_0707\700rpm\700.mp4,4.831814058956916,-36.12403207090354,-41.871971173470286,-37.46824788138903,5.747939102566742,-27.799686293192458
东德竞品,700,C:\FRCloud\FRQ\04_Pump Development\06_HPDI低温泵_加密\03_Testing\02_LNG测试\260709\东德泵老程序测试_0707\700rpm\700.mp4,6.053718820861678,-36.993212877193436,-42.907910473458976,-38.27848276645561,5.914697596265541,-31.446081880145545
东德竞品,700,C:\FRCloud\FRQ\04_Pump Development\06_HPDI低温泵_加密\03_Testing\02_LNG测试\260709\东德泵老程序测试_0707\700rpm\700.mp4,6.703628117913833,-40.25892959992098,-39.72494406546693,-55.487717052724356,-0.533985534454056,-36.32650464331893
东德竞品,700,C:\FRCloud\FRQ\04_Pump Development\06_HPDI低温泵_加密\03_Testing\02_LNG测试\260709\东德泵老程序测试_0707\700rpm\700.mp4,6.929750566893424,-39.94077772164209,-41.30875935969465,-45.623869639273266,1.3679816380525547,-35.52111239278047
东德竞品,700,C:\FRCloud\FRQ\04_Pump Development\06_HPDI低温泵_加密\03_Testing\02_LNG测试\260709\东德泵老程序测试_0707\700rpm\700.mp4,7.666689342403628,-36.83698328606115,-42.191509503730906,-38.33320964800854,5.354526217669759,-28.281820815846686
东德竞品,700,C:\FRCloud\FRQ\04_Pump Development\06_HPDI低温泵_加密\03_Testing\02_LNG测试\260709\东德泵老程序测试_0707\700rpm\700.mp4,13.748004535147393,-39.205499497608265,-47.08315631214073,-39.978335896105364,7.877656814532459,-32.36704106147705
东德竞品,700,C:\FRCloud\FRQ\04_Pump Development\06_HPDI低温泵_加密\03_Testing\02_LNG测试\260709\东德泵老程序测试_0707\700rpm\700.mp4,15.115691609977324,-37.19983307891071,-43.81229658728184,-38.26859429846558,6.612463508371134,-31.987515899034577
东德竞品,700,C:\FRCloud\FRQ\04_Pump Development\06_HPDI低温泵_加密\03_Testing\02_LNG测试\260709\东德泵老程序测试_0707\700rpm\700.mp4,16.082426303854874,-40.35690610346606,-38.7711207306061,-55.58569355626943,-1.585785372859962,-36.75126635373113
东德竞品,700,C:\FRCloud\FRQ\04_Pump Development\06_HPDI低温泵_加密\03_Testing\02_LNG测试\260709\东德泵老程序测试_0707\700rpm\700.mp4,16.342902494331067,-40.561230400848835,-38.8519581073722,-55.79001785365221,-1.70927229347664,-36.316759193743486
东德竞品,700,C:\FRCloud\FRQ\04_Pump Development\06_HPDI低温泵_加密\03_Testing\02_LNG测试\260709\东德泵老程序测试_0707\700rpm\700.mp4,16.684625850340137,-35.044196724878,-42.25613243558895,-35.95947046287139,7.211935710710955,-27.24068710307128
东德竞品,700,C:\FRCloud\FRQ\04_Pump Development\06_HPDI低温泵_加密\03_Testing\02_LNG测试\260709\东德泵老程序测试_0707\700rpm\700.mp4,17.888503401360545,-37.13704364362669,-43.85810643654902,-38.17598222217121,6.721062792922333,-31.791106411786245
东德竞品,700,C:\FRCloud\FRQ\04_Pump Development\06_HPDI低温泵_加密\03_Testing\02_LNG测试\260709\东德泵老程序测试_0707\700rpm\700.mp4,18.760702947845804,-37.91903372456726,-40.48031790289975,-41.43018366338123,2.5612841783324884,-31.317191287910397
东德竞品,700,C:\FRCloud\FRQ\04_Pump Development\06_HPDI低温泵_加密\03_Testing\02_LNG测试\260709\东德泵老程序测试_0707\700rpm\700.mp4,19.243673469387755,-38.18342087779287,-39.84977128161585,-43.15016831148684,1.6663504038229822,-33.48335323661749
东德竞品,700,C:\FRCloud\FRQ\04_Pump Development\06_HPDI低温泵_加密\03_Testing\02_LNG测试\260709\东德泵老程序测试_0707\700rpm\700.mp4,19.61673469387755,-39.39896033124275,-40.91675150147523,-44.70149941879792,1.5177911702324844,-33.232169536804705
东德竞品,700,C:\FRCloud\FRQ\04_Pump Development\06_HPDI低温泵_加密\03_Testing\02_LNG测试\260709\东德泵老程序测试_0707\700rpm\700.mp4,20.86843537414966,-36.22609266613512,-42.46342902557916,-37.40557331417338,6.2373363594440345,-31.300317655638597
东德竞品,700,C:\FRCloud\FRQ\04_Pump Development\06_HPDI低温泵_加密\03_Testing\02_LNG测试\260709\东德泵老程序测试_0707\700rpm\700.mp4,21.78297052154195,-38.43987174444977,-29.558747818570406,-53.66865919725314,-8.881123925879358,-34.56339441228577
东德竞品,700,C:\FRCloud\FRQ\04_Pump Development\06_HPDI低温泵_加密\03_Testing\02_LNG测试\260709\东德泵老程序测试_0707\700rpm\700.mp4,21.965260770975057,-29.736946522685308,-35.40707095889433,-31.109739142037288,5.670124436209026,-35.85560366114607
东德竞品,700,C:\FRCloud\FRQ\04_Pump Development\06_HPDI低温泵_加密\03_Testing\02_LNG测试\260709\东德泵老程序测试_0707\700rpm\700.mp4,22.15151927437642,-24.093656289343738,-38.223758378712574,-24.264776786737823,14.13010208936884,-15.473140275785433
东德竞品,700,C:\FRCloud\FRQ\04_Pump Development\06_HPDI低温泵_加密\03_Testing\02_LNG测试\260709\东德泵老程序测试_0707\700rpm\700.mp4,22.73095238095238,-40.507851651260324,-29.445183682338328,-55.7366391040637,-11.062667968921993,-34.61591614990753
东德竞品,700,C:\FRCloud\FRQ\04_Pump Development\06_HPDI低温泵_加密\03_Testing\02_LNG测试\260709\东德泵老程序测试_0707\700rpm\700.mp4,23.37904761904762,-35.228392964509936,-40.27249631494491,-36.859032123130035,5.0441033504349715,-30.121190987379297
东德竞品,700,C:\FRCloud\FRQ\04_Pump Development\06_HPDI低温泵_加密\03_Testing\02_LNG测试\260709\东德泵老程序测试_0707\700rpm\700.mp4,24.04408163265306,-38.5712958756887,-37.62663622383268,-53.80008332849207,-0.9446596518560137,-33.99919604794399
东德竞品,700,C:\FRCloud\FRQ\04_Pump Development\06_HPDI低温泵_加密\03_Testing\02_LNG测试\260709\东德泵老程序测试_0707\700rpm\700.mp4,24.30015873015873,-38.21099103624292,-34.96294091487265,-53.4397784890463,-3.24805012137028,-34.56919797049936
东德竞品,700,C:\FRCloud\FRQ\04_Pump Development\06_HPDI低温泵_加密\03_Testing\02_LNG测试\260709\东德泵老程序测试_0707\700rpm\700.mp4,24.55482993197279,-37.85515286451354,-34.784249459091555,-53.083940317316916,-3.0709034054219817,-34.23087659735395
东德竞品,700,C:\FRCloud\FRQ\04_Pump Development\06_HPDI低温泵_加密\03_Testing\02_LNG测试\260709\东德泵老程序测试_0707\700rpm\700.mp4,24.887437641723356,-30.500459833229392,-39.72930119880203,-31.05282427589094,9.228841365572634,-21.80027161083339
东德竞品,700,C:\FRCloud\FRQ\04_Pump Development\06_HPDI低温泵_加密\03_Testing\02_LNG测试\260709\东德泵老程序测试_0707\700rpm\700.mp4,25.077097505668934,-38.67819712852497,-40.05654031917337,-44.33342629432608,1.3783431906483958,-32.864616113063036
东德竞品,700,C:\FRCloud\FRQ\04_Pump Development\06_HPDI低温泵_加密\03_Testing\02_LNG测试\260709\东德泵老程序测试_0707\700rpm\700.mp4,26.02700680272109,-34.5704334398363,-40.88668808302657,-35.72557889492013,6.316254643190272,-29.211228183679857
东德竞品,700,C:\FRCloud\FRQ\04_Pump Development\06_HPDI低温泵_加密\03_Testing\02_LNG测试\260709\东德泵老程序测试_0707\700rpm\700.mp4,26.252086167800453,-40.68898762027623,-39.296035694956345,-55.9177750730796,-1.3929519253198803,-37.01527736050999
东德竞品,700,C:\FRCloud\FRQ\04_Pump Development\06_HPDI低温泵_加密\03_Testing\02_LNG测试\260709\东德泵老程序测试_0707\700rpm\700.mp4,26.64015873015873,-37.75890384381841,-36.97672773156366,-52.98769129662179,-0.7821761122547487,-33.93489822336127
东德竞品,700,C:\FRCloud\FRQ\04_Pump Development\06_HPDI低温泵_加密\03_Testing\02_LNG测试\260709\东德泵老程序测试_0707\700rpm\700.mp4,26.88800453514739,-37.4877249135949,-38.308845429107905,-45.12559246159419,0.821120515513001,-32.99700145483663
东德竞品,700,C:\FRCloud\FRQ\04_Pump Development\06_HPDI低温泵_加密\03_Testing\02_LNG测试\260709\东德泵老程序测试_0707\700rpm\700.mp4,27.33546485260771,-37.00504626644518,-36.41163558217799,-52.23383371924855,-0.5934106842671825,-32.409392781889025
东德竞品,700,C:\FRCloud\FRQ\04_Pump Development\06_HPDI低温泵_加密\03_Testing\02_LNG测试\260709\东德泵老程序测试_0707\700rpm\700.mp4,27.623537414965988,-33.11009870205773,-39.189316123442744,-34.340121405931626,6.079217421385006,-25.073592934557936
东德竞品,700,C:\FRCloud\FRQ\04_Pump Development\06_HPDI低温泵_加密\03_Testing\02_LNG测试\260709\东德泵老程序测试_0707\700rpm\700.mp4,27.912426303854875,-42.79595250187732,-37.20420060960024,-58.024739954680705,-5.591751892277085,-37.20121359066712
东德竞品,700,C:\FRCloud\FRQ\04_Pump Development\06_HPDI低温泵_加密\03_Testing\02_LNG测试\260709\东德泵老程序测试_0707\700rpm\700.mp4,28.099160997732426,-41.95466055442681,-36.78873206892408,-57.18344800723018,-5.1659284855027305,-37.02879559435739
东德竞品,700,C:\FRCloud\FRQ\04_Pump Development\06_HPDI低温泵_加密\03_Testing\02_LNG测试\260709\东德泵老程序测试_0707\700rpm\700.mp4,28.847369614512473,-33.771584100334636,-40.06779042514989,-34.93285695449988,6.296206324815252,-28.26114929615801
东德竞品,700,C:\FRCloud\FRQ\04_Pump Development\06_HPDI低温泵_加密\03_Testing\02_LNG测试\260709\东德泵老程序测试_0707\700rpm\700.mp4,29.15151927437642,-40.23621946919961,-36.782609291219416,-55.465006922002985,-3.453610177980193,-36.97575095097061
东德竞品,700,C:\FRCloud\FRQ\04_Pump Development\06_HPDI低温泵_加密\03_Testing\02_LNG测试\260709\东德泵老程序测试_0707\700rpm\700.mp4,29.388503401360545,-37.356710760976654,-36.04240083016835,-52.58549821378003,-1.3143099308083,-33.69529096490105
东德竞品,700,C:\FRCloud\FRQ\04_Pump Development\06_HPDI低温泵_加密\03_Testing\02_LNG测试\260709\东德泵老程序测试_0707\700rpm\700.mp4,29.581065759637188,-36.379064239141705,-36.80002108130742,-46.72331005759014,0.42095684216571594,-32.82456331593091
东德竞品,700,C:\FRCloud\FRQ\04_Pump Development\06_HPDI低温泵_加密\03_Testing\02_LNG测试\260709\东德泵老程序测试_0707\700rpm\700.mp4,29.836054421768708,-36.09886824171447,-35.65384629861124,-51.327655694517844,-0.44502194310322607,-32.00323973667331
东德竞品,700,C:\FRCloud\FRQ\04_Pump Development\06_HPDI低温泵_加密\03_Testing\02_LNG测试\260709\东德泵老程序测试_0707\700rpm\700.mp4,30.464126984126985,-33.041840015023695,-38.227173298944614,-34.60961675843852,5.185333283920927,-24.44475308961094
东德竞品,700,C:\FRCloud\FRQ\04_Pump Development\06_HPDI低温泵_加密\03_Testing\02_LNG测试\260709\东德泵老程序测试_0707\700rpm\700.mp4,31.712108843537415,-34.39216514846634,-41.95605938998328,-35.22884108543497,7.563894241516948,-28.05813528174364
东德竞品,700,C:\FRCloud\FRQ\04_Pump Development\06_HPDI低温泵_加密\03_Testing\02_LNG测试\260709\东德泵老程序测试_0707\700rpm\700.mp4,32.34553287981859,-38.6168024772216,-37.061253840033544,-53.84558993002497,-1.5555486371880531,-34.75743012760483
东德竞品,700,C:\FRCloud\FRQ\04_Pump Development\06_HPDI低温泵_加密\03_Testing\02_LNG测试\260709\东德泵老程序测试_0707\700rpm\700.mp4,32.60297052154195,-37.712484717945145,-37.22289213442827,-52.941272170748526,-0.4895925835168727,-33.32717655335534
东德竞品,700,C:\FRCloud\FRQ\04_Pump Development\06_HPDI低温泵_加密\03_Testing\02_LNG测试\260709\东德泵老程序测试_0707\700rpm\700.mp4,32.86462585034013,-37.622063022930405,-36.91978811311153,-52.850850475733786,-0.7022749098188765,-33.17647960672508
东德竞品,700,C:\FRCloud\FRQ\04_Pump Development\06_HPDI低温泵_加密\03_Testing\02_LNG测试\260709\东德泵老程序测试_0707\700rpm\700.mp4,33.29571428571428,-33.56823707896795,-40.02183163847985,-34.68238239397062,6.453594559511908,-24.878521011731564
东德竞品,700,C:\FRCloud\FRQ\04_Pump Development\06_HPDI低温泵_加密\03_Testing\02_LNG测试\260709\东德泵老程序测试_0707\700rpm\700.mp4,34.539206349206346,-34.39366328923788,-42.444287280581875,-35.133598173574676,8.05062399134399,-28.18231496243291
东德竞品,700,C:\FRCloud\FRQ\04_Pump Development\06_HPDI低温泵_加密\03_Testing\02_LNG测试\260709\东德泵老程序测试_0707\700rpm\700.mp4,35.461519274376414,-37.65502260424026,-39.67259939397651,-41.95436946321134,2.0175767897362546,-33.478466804389136
东德竞品,700,C:\FRCloud\FRQ\04_Pump Development\06_HPDI低温泵_加密\03_Testing\02_LNG测试\260709\东德泵老程序测试_0707\700rpm\700.mp4,35.72353741496599,-37.81807280508045,-38.97431343147877,-44.13073526405904,1.1562406263983207,-33.55907973386255
东德竞品,700,C:\FRCloud\FRQ\04_Pump Development\06_HPDI低温泵_加密\03_Testing\02_LNG测试\260709\东德泵老程序测试_0707\700rpm\700.mp4,36.24383219954648,-38.38837126902114,-40.30193355528448,-42.869495226001575,1.9135622862633386,-31.40064276736591
东德竞品,700,C:\FRCloud\FRQ\04_Pump Development\06_HPDI低温泵_加密\03_Testing\02_LNG测试\260709\东德泵老程序测试_0707\700rpm\700.mp4,37.525895691609975,-34.681026571203255,-41.899865203073745,-35.594682450006964,7.2188386318704865,-28.849610360622616
东德竞品,700,C:\FRCloud\FRQ\04_Pump Development\06_HPDI低温泵_加密\03_Testing\02_LNG测试\260709\东德泵老程序测试_0707\700rpm\700.mp4,37.974172335600905,-39.63276689959812,-37.46247617261349,-54.8615543524015,-2.1702907269846303,-37.14795476796706
东德竞品,700,C:\FRCloud\FRQ\04_Pump Development\06_HPDI低温泵_加密\03_Testing\02_LNG测试\260709\东德泵老程序测试_0707\700rpm\700.mp4,38.230544217687076,-38.133748116511555,-28.417358854102375,-53.36253556931492,-9.716389262409175,-33.62200629931752
东德竞品,700,C:\FRCloud\FRQ\04_Pump Development\06_HPDI低温泵_加密\03_Testing\02_LNG测试\260709\东德泵老程序测试_0707\700rpm\700.mp4,38.57732426303855,-30.54122956194144,-33.95333329999535,-33.18377238310378,3.4121037380539097,-33.579373201878894
东德竞品,700,C:\FRCloud\FRQ\04_Pump Development\06_HPDI低温泵_加密\03_Testing\02_LNG测试\260709\东德泵老程序测试_0707\700rpm\700.mp4,38.768526077097505,-22.885910915863068,-37.73008892626354,-23.030649168148752,14.844178010400473,-14.084953129656286
东德竞品,700,C:\FRCloud\FRQ\04_Pump Development\06_HPDI低温泵_加密\03_Testing\02_LNG测试\260709\东德泵老程序测试_0707\700rpm\700.mp4,39.122902494331065,-36.32719742993635,-28.783036600803463,-51.55598488273973,-7.544160829132886,-29.94899437593689
东德竞品,700,C:\FRCloud\FRQ\04_Pump Development\06_HPDI低温泵_加密\03_Testing\02_LNG测试\260709\东德泵老程序测试_0707\700rpm\700.mp4,39.36224489795919,-41.041492316142254,-28.310903905421764,-56.27027976894563,-12.73058841072049,-36.59963082248296
东德竞品,700,C:\FRCloud\FRQ\04_Pump Development\06_HPDI低温泵_加密\03_Testing\02_LNG测试\260709\东德泵老程序测试_0707\700rpm\700.mp4,39.96208616780045,-35.612216087164676,-40.87052261506771,-37.1486458184232,5.258306527903047,-30.77645914805362
东德竞品,700,C:\FRCloud\FRQ\04_Pump Development\06_HPDI低温泵_加密\03_Testing\02_LNG测试\260709\东德泵老程序测试_0707\700rpm\700.mp4,40.647732426303854,-38.37979858591784,-37.69201358027865,-53.608586038721214,-0.6877850056391909,-34.02238071701031
东德竞品,700,C:\FRCloud\FRQ\04_Pump Development\06_HPDI低温泵_加密\03_Testing\02_LNG测试\260709\东德泵老程序测试_0707\700rpm\700.mp4,40.998390022675736,-37.74053980447001,-33.84488156600705,-52.969327257273385,-3.895658238462962,-33.452508352354286
东德竞品,700,C:\FRCloud\FRQ\04_Pump Development\06_HPDI低温泵_加密\03_Testing\02_LNG测试\260709\东德泵老程序测试_0707\700rpm\700.mp4,41.26079365079365,-38.162175344187006,-35.41051293531759,-53.39096279699039,-2.7516624088694135,-33.68796381582429
东德竞品,700,C:\FRCloud\FRQ\04_Pump Development\06_HPDI低温泵_加密\03_Testing\02_LNG测试\260709\东德泵老程序测试_0707\700rpm\700.mp4,41.504716553287984,-29.057030474556843,-39.68821808406916,-29.44981727146139,10.631187609512324,-21.172413890403604
东德竞品,700,C:\FRCloud\FRQ\04_Pump Development\06_HPDI低温泵_加密\03_Testing\02_LNG测试\260709\东德泵老程序测试_0707\700rpm\700.mp4,42.651541950113376,-35.24580139488035,-42.234918871605686,-36.215047178830766,6.989117476725334,-29.24812171089744
东德竞品,700,C:\FRCloud\FRQ\04_Pump Development\06_HPDI低温泵_加密\03_Testing\02_LNG测试\260709\东德泵老程序测试_0707\700rpm\700.mp4,43.32884353741497,-38.638101311769894,-38.416391669670176,-53.86688876457327,-0.22170964209972094,-34.26032769219471
东德竞品,700,C:\FRCloud\FRQ\04_Pump Development\06_HPDI低温泵_加密\03_Testing\02_LNG测试\260709\东德泵老程序测试_0707\700rpm\700.mp4,43.59367346938775,-38.44636060349485,-37.79249622491707,-53.67514805629823,-0.6538643785777799,-34.41194104324378
东德竞品,700,C:\FRCloud\FRQ\04_Pump Development\06_HPDI低温泵_加密\03_Testing\02_LNG测试\260709\东德泵老程序测试_0707\700rpm\700.mp4,44.24172335600907,-34.38314460575175,-41.11829214308118,-35.41828441823006,6.735147537329436,-25.122874569029396
东德竞品,700,C:\FRCloud\FRQ\04_Pump Development\06_HPDI低温泵_加密\03_Testing\02_LNG测试\260709\东德泵老程序测试_0707\700rpm\700.mp4,45.485850340136054,-35.85756775435413,-43.36219287436276,-36.70694089808301,7.50462512000863,-29.736449601419224
东德竞品,700,C:\FRCloud\FRQ\04_Pump Development\06_HPDI低温泵_加密\03_Testing\02_LNG测试\260709\东德泵老程序测试_0707\700rpm\700.mp4,46.103968253968254,-40.11426123599999,-38.64827637597497,-55.34304868880337,-1.465984860025023,-35.691216215165525
东德竞品,700,C:\FRCloud\FRQ\04_Pump Development\06_HPDI低温泵_加密\03_Testing\02_LNG测试\260709\东德泵老程序测试_0707\700rpm\700.mp4,46.88510204081633,-39.768334387402746,-41.442671839325,-44.71805337530591,1.6743374519222607,-34.88494584708003
东德竞品,700,C:\FRCloud\FRQ\04_Pump Development\06_HPDI低温泵_加密\03_Testing\02_LNG测试\260709\东德泵老程序测试_0707\700rpm\700.mp4,47.079410430839005,-35.04417692115936,-41.9464122221861,-36.03542126916861,6.902235301026732,-26.035045150369335
东德竞品,700,C:\FRCloud\FRQ\04_Pump Development\06_HPDI低温泵_加密\03_Testing\02_LNG测试\260709\东德泵老程序测试_0707\700rpm\700.mp4,48.32047619047619,-35.85670421406043,-42.98986514408057,-36.790667544998044,7.1331609300201375,-30.094508523725814
东德竞品,700,C:\FRCloud\FRQ\04_Pump Development\06_HPDI低温泵_加密\03_Testing\02_LNG测试\260709\东德泵老程序测试_0707\700rpm\700.mp4,49.0640589569161,-39.28675814812628,-41.2177116413458,-43.736646214761485,1.930953493219526,-32.9802822060444
东德竞品,700,C:\FRCloud\FRQ\04_Pump Development\06_HPDI低温泵_加密\03_Testing\02_LNG测试\260709\东德泵老程序测试_0707\700rpm\700.mp4,49.315215419501136,-40.21753150651526,-41.15435248930868,-47.338802170975704,0.9368209827934272,-36.14536121164517
东德竞品,700,C:\FRCloud\FRQ\04_Pump Development\06_HPDI低温泵_加密\03_Testing\02_LNG测试\260709\东德泵老程序测试_0707\700rpm\700.mp4,50.02308390022676,-39.03054395669761,-43.267773035541936,-41.08527468715843,4.237229078844318,-31.309151328565186
东德竞品,700,C:\FRCloud\FRQ\04_Pump Development\06_HPDI低温泵_加密\03_Testing\02_LNG测试\260709\东德泵老程序测试_0707\700rpm\700.mp4,51.3372335600907,-39.93835822735514,-42.69440015769868,-43.21873253064674,2.756041930343544,-33.342439768477675
东德竞品,700,C:\FRCloud\FRQ\04_Pump Development\06_HPDI低温泵_加密\03_Testing\02_LNG测试\260709\东德泵老程序测试_0707\700rpm\700.mp4,51.97668934240363,-38.235787429959984,-40.59782643775155,-42.00838302460987,2.3620390077915707,-34.40194269322154
东德竞品,700,C:\FRCloud\FRQ\04_Pump Development\06_HPDI低温泵_加密\03_Testing\02_LNG测试\260709\东德泵老程序测试_0707\700rpm\700.mp4,52.16396825396826,-38.391837876094264,-41.176143832974276,-41.640540558431,2.784305956880007,-33.2281456798911
东德竞品,700,C:\FRCloud\FRQ\04_Pump Development\06_HPDI低温泵_加密\03_Testing\02_LNG测试\260709\东德泵老程序测试_0707\700rpm\700.mp4,52.425442176870746,-40.33500104388523,-38.489569734414076,-55.56378849668861,-1.845431309471157,-34.93463998925873
东德竞品,700,C:\FRCloud\FRQ\04_Pump Development\06_HPDI低温泵_加密\03_Testing\02_LNG测试\260709\东德泵老程序测试_0707\700rpm\700.mp4,52.76691609977324,-39.76406505560707,-40.87312583654036,-46.23509058669649,1.1090607809332922,-35.23098112302763
东德竞品,700,C:\FRCloud\FRQ\04_Pump Development\06_HPDI低温泵_加密\03_Testing\02_LNG测试\260709\东德泵老程序测试_0707\700rpm\700.mp4,52.955895691609975,-36.737277402963755,-42.54172044301611,-38.06117582031731,5.804443040052355,-28.456298512614467
东德竞品,700,C:\FRCloud\FRQ\04_Pump Development\06_HPDI低温泵_加密\03_Testing\02_LNG测试\260709\东德泵老程序测试_0707\700rpm\700.mp4,54.23122448979592,-37.02815723856736,-44.2166348813243,-37.94895271119847,7.188477642756938,-30.312397041799578
东德竞品,700,C:\FRCloud\FRQ\04_Pump Development\06_HPDI低温泵_加密\03_Testing\02_LNG测试\260709\东德泵老程序测试_0707\700rpm\700.mp4,55.01993197278912,-39.06208242895401,-39.73003718128927,-47.52215278088563,0.6679547523352602,-35.256635382240034
东德竞品,700,C:\FRCloud\FRQ\04_Pump Development\06_HPDI低温泵_加密\03_Testing\02_LNG测试\260709\东德泵老程序测试_0707\700rpm\700.mp4,55.31138321995465,-38.06863622156967,-39.28774124570054,-44.18137106546943,1.2191050241308623,-33.0143561720232
东德竞品,700,C:\FRCloud\FRQ\04_Pump Development\06_HPDI低温泵_加密\03_Testing\02_LNG测试\260709\东德泵老程序测试_0707\700rpm\700.mp4,55.514149659863946,-37.624202945922306,-39.874095467841165,-41.556917241023434,2.2498925219188632,-33.762551206684876
东德竞品,700,C:\FRCloud\FRQ\04_Pump Development\06_HPDI低温泵_加密\03_Testing\02_LNG测试\260709\东德泵老程序测试_0707\700rpm\700.mp4,55.88950113378685,-37.68348617711976,-40.63939073618366,-40.748871484663624,2.9559045590639057,-30.228637404587996
东德竞品,700,C:\FRCloud\FRQ\04_Pump Development\06_HPDI低温泵_加密\03_Testing\02_LNG测试\260709\东德泵老程序测试_0707\700rpm\700.mp4,57.17394557823129,-36.06447650629529,-42.730889880883154,-37.11830364410328,6.666413374587855,-30.27035970573626
东德竞品,700,C:\FRCloud\FRQ\04_Pump Development\06_HPDI低温泵_加密\03_Testing\02_LNG测试\260709\东德泵老程序测试_0707\700rpm\700.mp4,57.88045351473923,-38.24224930053825,-30.28878698627254,-53.47103675334162,-7.95346231426571,-32.642103167313635
东德竞品,700,C:\FRCloud\FRQ\04_Pump Development\06_HPDI低温泵_加密\03_Testing\02_LNG测试\260709\东德泵老程序测试_0707\700rpm\700.mp4,58.21374149659864,-38.05258257964927,-29.737945072309934,-53.28137003245264,-8.314637507339333,-33.321124056308946
东德竞品,700,C:\FRCloud\FRQ\04_Pump Development\06_HPDI低温泵_加密\03_Testing\02_LNG测试\260709\东德泵老程序测试_0707\700rpm\700.mp4,58.52326530612245,-24.33266527341997,-38.65907917182595,-24.496078790619272,14.326413898405983,-16.1095223205849
东德竞品,700,C:\FRCloud\FRQ\04_Pump Development\06_HPDI低温泵_加密\03_Testing\02_LNG测试\260709\东德泵老程序测试_0707\700rpm\700.mp4,59.13510204081633,-42.12502984781824,-29.72511803106276,-57.353817300621614,-12.399911816755477,-36.45597374943551
东德竞品,700,C:\FRCloud\FRQ\04_Pump Development\06_HPDI低温泵_加密\03_Testing\02_LNG测试\260709\东德泵老程序测试_0707\700rpm\700.mp4,59.7237641723356,-36.333793297710734,-42.53862500552838,-37.52346679811324,6.20483170781765,-31.618542370421025
东德竞品,700,C:\FRCloud\FRQ\04_Pump Development\06_HPDI低温泵_加密\03_Testing\02_LNG测试\260709\东德泵老程序测试_0707\700rpm\700.mp4,61.258390022675734,-31.427556899727314,-41.665764180100894,-31.859453164620653,10.238207280373574,-22.554283257053104
东德竞品,700,C:\FRCloud\FRQ\04_Pump Development\06_HPDI低温泵_加密\03_Testing\02_LNG测试\260709\东德泵老程序测试_0707\700rpm\700.mp4,62.40986394557823,-39.15249935988407,-45.09353352352783,-40.42873590635711,5.941034163643765,-32.82767671616733
东德竞品,700,C:\FRCloud\FRQ\04_Pump Development\06_HPDI低温泵_加密\03_Testing\02_LNG测试\260709\东德泵老程序测试_0707\700rpm\700.mp4,63.674943310657596,-40.7265461329003,-40.688036613797806,-55.95533358570368,-0.038509519102500736,-36.63044652017527
东德竞品,700,C:\FRCloud\FRQ\04_Pump Development\06_HPDI低温泵_加密\03_Testing\02_LNG测试\260709\东德泵老程序测试_0707\700rpm\700.mp4,63.99891156462585,-37.076189622966325,-43.93464675511238,-38.07872969069581,6.858457132146057,-28.280399082636833
东德竞品,700,C:\FRCloud\FRQ\04_Pump Development\06_HPDI低温泵_加密\03_Testing\02_LNG测试\260709\东德泵老程序测试_0707\700rpm\700.mp4,65.24120181405895,-36.725439259849956,-44.420409385619806,-37.53476908207648,7.69497012576985,-29.827475261170914
东德竞品,700,C:\FRCloud\FRQ\04_Pump Development\06_HPDI低温泵_加密\03_Testing\02_LNG测试\260709\东德泵老程序测试_0707\700rpm\700.mp4,66.0056462585034,-40.71463384481767,-41.61815105117895,-47.977042024830546,0.9035172063612786,-36.121094848500604
东德竞品,700,C:\FRCloud\FRQ\04_Pump Development\06_HPDI低温泵_加密\03_Testing\02_LNG测试\260709\东德泵老程序测试_0707\700rpm\700.mp4,66.44414965986394,-40.81550126109534,-39.6657123681556,-56.044288713898716,-1.1497888929397417,-35.98943138973197
东德竞品,700,C:\FRCloud\FRQ\04_Pump Development\06_HPDI低温泵_加密\03_Testing\02_LNG测试\260709\东德泵老程序测试_0707\700rpm\700.mp4,66.83410430839002,-36.26975784827158,-43.08212516817794,-37.28434611221323,6.812367319906358,-27.476707929837936
东德竞品,700,C:\FRCloud\FRQ\04_Pump Development\06_HPDI低温泵_加密\03_Testing\02_LNG测试\260709\东德泵老程序测试_0707\700rpm\700.mp4,68.05557823129251,-36.9800926047722,-44.08180815913453,-37.921634538054725,7.101715554362321,-30.738778269293757
东德竞品,700,C:\FRCloud\FRQ\04_Pump Development\06_HPDI低温泵_加密\03_Testing\02_LNG测试\260709\东德泵老程序测试_0707\700rpm\700.mp4,69.3033560090703,-39.96835372805854,-40.75078092559334,-47.79709920734159,0.7824271975348018,-35.739834814752136
东德竞品,700,C:\FRCloud\FRQ\04_Pump Development\06_HPDI低温泵_加密\03_Testing\02_LNG测试\260709\东德泵老程序测试_0707\700rpm\700.mp4,69.48854875283446,-41.025930984723765,-40.673775065870004,-56.25471843752714,-0.3521559188537581,-35.0325267844
东德竞品,700,C:\FRCloud\FRQ\04_Pump Development\06_HPDI低温泵_加密\03_Testing\02_LNG测试\260709\东德泵老程序测试_0707\700rpm\700.mp4,69.77149659863946,-39.51856539054719,-42.1921002251997,-42.893956095980464,2.6735348346525134,-32.29839217648402
东德竞品,700,C:\FRCloud\FRQ\04_Pump Development\06_HPDI低温泵_加密\03_Testing\02_LNG测试\260709\东德泵老程序测试_0707\700rpm\700.mp4,71.06476190476191,-36.15243137106688,-48.78954050834059,-36.395754131201414,12.637109137273708,-31.839872124639644
东德竞品,800,C:\FRCloud\FRQ\04_Pump Development\06_HPDI低温泵_加密\03_Testing\02_LNG测试\260709\东德泵老程序测试_0707\800rpm\800.mp4,0.15596371882086169,-40.71130365890181,-39.89605735547053,-55.940091111705186,-0.8152463034312742,-36.07575921952485
东德竞品,800,C:\FRCloud\FRQ\04_Pump Development\06_HPDI低温泵_加密\03_Testing\02_LNG测试\260709\东德泵老程序测试_0707\800rpm\800.mp4,0.46267573696145126,-40.18937344782918,-36.54300499404131,-55.41816090063256,-3.646368453787866,-34.67078801562665
东德竞品,800,C:\FRCloud\FRQ\04_Pump Development\06_HPDI低温泵_加密\03_Testing\02_LNG测试\260709\东德泵老程序测试_0707\800rpm\800.mp4,0.7604081632653061,-39.6097627719552,-37.742371140085694,-54.83855022475858,-1.8673916318695039,-34.91018893492774
东德竞品,800,C:\FRCloud\FRQ\04_Pump Development\06_HPDI低温泵_加密\03_Testing\02_LNG测试\260709\东德泵老程序测试_0707\800rpm\800.mp4,1.047891156462585,-33.37825666958305,-42.01204170242854,-34.01799146032493,8.633785032845486,-24.36595926491102
东德竞品,800,C:\FRCloud\FRQ\04_Pump Development\06_HPDI低温泵_加密\03_Testing\02_LNG测试\260709\东德泵老程序测试_0707\800rpm\800.mp4,2.0394104308390024,-35.29585640878959,-43.30226095490161,-36.044054913215334,8.00640454611202,-28.252757524702478
东德竞品,800,C:\FRCloud\FRQ\04_Pump Development\06_HPDI低温泵_加密\03_Testing\02_LNG测试\260709\东德泵老程序测试_0707\800rpm\800.mp4,2.5119727891156463,-41.18238942299204,-38.82961959995812,-56.41117687579541,-2.352769823033921,-36.58868976364818
东德竞品,800,C:\FRCloud\FRQ\04_Pump Development\06_HPDI低温泵_加密\03_Testing\02_LNG测试\260709\东德泵老程序测试_0707\800rpm\800.mp4,2.8047165532879816,-40.58948306147692,-40.490999383617606,-55.81827051428029,-0.09848367785931608,-36.288704112990715
东德竞品,800,C:\FRCloud\FRQ\04_Pump Development\06_HPDI低温泵_加密\03_Testing\02_LNG测试\260709\东德泵老程序测试_0707\800rpm\800.mp4,3.0372562358276642,-39.94220968158829,-39.43980926210378,-55.170997134391655,-0.5024004194845052,-34.70424413878408
东德竞品,800,C:\FRCloud\FRQ\04_Pump Development\06_HPDI低温泵_加密\03_Testing\02_LNG测试\260709\东德泵老程序测试_0707\800rpm\800.mp4,3.3197732426303856,-40.16814516835524,-39.714176600610514,-55.39693262115861,-0.45396856774471833,-34.94508747551713
东德竞品,800,C:\FRCloud\FRQ\04_Pump Development\06_HPDI低温泵_加密\03_Testing\02_LNG测试\260709\东德泵老程序测试_0707\800rpm\800.mp4,3.5793197278911566,-36.11227948305845,-41.076896115520356,-37.7796268053132,4.964616632461897,-28.325711961027817
东德竞品,800,C:\FRCloud\FRQ\04_Pump Development\06_HPDI低温泵_加密\03_Testing\02_LNG测试\260709\东德泵老程序测试_0707\800rpm\800.mp4,4.5738548752834465,-35.09765347258667,-42.200731605621854,-36.03886559906797,7.1030781330351775,-28.822367940295692
东德竞品,800,C:\FRCloud\FRQ\04_Pump Development\06_HPDI低温泵_加密\03_Testing\02_LNG测试\260709\东德泵老程序测试_0707\800rpm\800.mp4,5.073061224489796,-40.26185473797294,-38.373964318050234,-55.49064219077632,-1.887890419922707,-34.866287068555486
东德竞品,800,C:\FRCloud\FRQ\04_Pump Development\06_HPDI低温泵_加密\03_Testing\02_LNG测试\260709\东德泵老程序测试_0707\800rpm\800.mp4,5.388662131519275,-39.95534089135695,-31.978400184063926,-55.18412834416033,-7.976940707293025,-35.27563230754841
东德竞品,800,C:\FRCloud\FRQ\04_Pump Development\06_HPDI低温泵_加密\03_Testing\02_LNG测试\260709\东德泵老程序测试_0707\800rpm\800.mp4,5.692063492063492,-38.90879435303614,-35.967816423038926,-54.13758180583952,-2.9409779299972176,-35.56286742027557
东德竞品,800,C:\FRCloud\FRQ\04_Pump Development\06_HPDI低温泵_加密\03_Testing\02_LNG测试\260709\东德泵老程序测试_0707\800rpm\800.mp4,5.9031746031746035,-26.586220202974534,-41.13353306335733,-26.741383169979652,14.5473128603828,-18.46307498162077
东德竞品,800,C:\FRCloud\FRQ\04_Pump Development\06_HPDI低温泵_加密\03_Testing\02_LNG测试\260709\东德泵老程序测试_0707\800rpm\800.mp4,6.900612244897959,-35.86397684112959,-41.936622475008285,-37.096153320123534,6.072645633878694,-28.70333755335342
东德竞品,800,C:\FRCloud\FRQ\04_Pump Development\06_HPDI低温泵_加密\03_Testing\02_LNG测试\260709\东德泵老程序测试_0707\800rpm\800.mp4,7.506009070294785,-40.35694783930094,-37.27045473341838,-55.58573529210432,-3.08649310588256,-35.90675891384157
东德竞品,800,C:\FRCloud\FRQ\04_Pump Development\06_HPDI低温泵_加密\03_Testing\02_LNG测试\260709\东德泵老程序测试_0707\800rpm\800.mp4,7.807868480725624,-40.26688147589185,-33.26621406843415,-55.495668928695224,-7.0006674074577,-35.20514594690021
东德竞品,800,C:\FRCloud\FRQ\04_Pump Development\06_HPDI低温泵_加密\03_Testing\02_LNG测试\260709\东德泵老程序测试_0707\800rpm\800.mp4,8.030657596371881,-38.982960018563006,-38.19041106281396,-54.21174747136638,-0.7925489557490423,-35.552629341243154
东德竞品,800,C:\FRCloud\FRQ\04_Pump Development\06_HPDI低温泵_加密\03_Testing\02_LNG测试\260709\东德泵老程序测试_0707\800rpm\800.mp4,8.237301587301587,-28.007274915467626,-41.22645396503643,-28.21931865597325,13.219179049568803,-19.694153572661826
东德竞品,800,C:\FRCloud\FRQ\04_Pump Development\06_HPDI低温泵_加密\03_Testing\02_LNG测试\260709\东德泵老程序测试_0707\800rpm\800.mp4,8.435192743764173,-38.9003242017172,-41.23991643369453,-42.704172973379,2.3395922319773357,-33.371557783550166
东德竞品,800,C:\FRCloud\FRQ\04_Pump Development\06_HPDI低温泵_加密\03_Testing\02_LNG测试\260709\东德泵老程序测试_0707\800rpm\800.mp4,9.233582766439909,-36.171823163721335,-42.19771716135909,-37.41944726816573,6.025893997637745,-28.717546636794616
东德竞品,800,C:\FRCloud\FRQ\04_Pump Development\06_HPDI低温泵_加密\03_Testing\02_LNG测试\260709\东德泵老程序测试_0707\800rpm\800.mp4,10.378616780045352,-39.34895520598938,-36.92235230479321,-54.57774265879276,-2.426602901196171,-35.48074375263893
东德竞品,800,C:\FRCloud\FRQ\04_Pump Development\06_HPDI低温泵_加密\03_Testing\02_LNG测试\260709\东德泵老程序测试_0707\800rpm\800.mp4,10.670113378684807,-32.35120753662237,-41.68624610146264,-32.889366500902895,9.335038564840275,-23.647090647234023
东德竞品,800,C:\FRCloud\FRQ\04_Pump Development\06_HPDI低温泵_加密\03_Testing\02_LNG测试\260709\东德泵老程序测试_0707\800rpm\800.mp4,11.763605442176871,-35.8595622689182,-42.32302401830183,-36.970826133082824,6.463461749383633,-27.74638485849056
东德竞品,800,C:\FRCloud\FRQ\04_Pump Development\06_HPDI低温泵_加密\03_Testing\02_LNG测试\260709\东德泵老程序测试_0707\800rpm\800.mp4,12.418480725623583,-39.515164484647414,-36.46658337450202,-54.74395193745079,-3.0485811101453866,-35.99539720053185
东德竞品,800,C:\FRCloud\FRQ\04_Pump Development\06_HPDI低温泵_加密\03_Testing\02_LNG测试\260709\东德泵老程序测试_0707\800rpm\800.mp4,12.645034013605443,-38.814342563614666,-37.00706929245557,-54.04313001641804,-1.8072732711590977,-31.93205886629655
东德竞品,800,C:\FRCloud\FRQ\04_Pump Development\06_HPDI低温泵_加密\03_Testing\02_LNG测试\260709\东德泵老程序测试_0707\800rpm\800.mp4,12.85201814058957,-33.198554763892425,-37.3417122765759,-35.311203458544796,4.1431575126834765,-25.07265890925789
东德竞品,800,C:\FRCloud\FRQ\04_Pump Development\06_HPDI低温泵_加密\03_Testing\02_LNG测试\260709\东德泵老程序测试_0707\800rpm\800.mp4,13.209455782312926,-33.11747066176972,-37.52423591285888,-35.07275670562401,4.406765251089153,-24.245035326678767
东德竞品,800,C:\FRCloud\FRQ\04_Pump Development\06_HPDI低温泵_加密\03_Testing\02_LNG测试\260709\东德泵老程序测试_0707\800rpm\800.mp4,14.198344671201815,-35.792924289850184,-42.24229199450731,-36.90830653625588,6.4493677046571225,-29.02142126191098
东德竞品,800,C:\FRCloud\FRQ\04_Pump Development\06_HPDI低温泵_加密\03_Testing\02_LNG测试\260709\东德泵老程序测试_0707\800rpm\800.mp4,14.921043083900226,-40.20329710157286,-39.83642463849567,-55.43208455437623,-0.3668724630771911,-36.10269557668292
东德竞品,800,C:\FRCloud\FRQ\04_Pump Development\06_HPDI低温泵_加密\03_Testing\02_LNG测试\260709\东德泵老程序测试_0707\800rpm\800.mp4,15.224399092970522,-40.365187308954916,-39.325002274561406,-55.59397476175829,-1.0401850343935093,-35.86440160527517
东德竞品,800,C:\FRCloud\FRQ\04_Pump Development\06_HPDI低温泵_加密\03_Testing\02_LNG测试\260709\东德泵老程序测试_0707\800rpm\800.mp4,15.482222222222223,-40.748230005663444,-40.20044142903501,-55.97701745846682,-0.5477885766284347,-35.511021221387594
东德竞品,800,C:\FRCloud\FRQ\04_Pump Development\06_HPDI低温泵_加密\03_Testing\02_LNG测试\260709\东德泵老程序测试_0707\800rpm\800.mp4,15.730340136054421,-36.387212865197036,-42.07238034806491,-37.75442628755643,5.6851674828678735,-28.98265338008667
东德竞品,800,C:\FRCloud\FRQ\04_Pump Development\06_HPDI低温泵_加密\03_Testing\02_LNG测试\260709\东德泵老程序测试_0707\800rpm\800.mp4,16.726938775510202,-35.24255200508433,-43.16778486924421,-36.0061824384322,7.92523286415988,-29.36145201536005
东德竞品,800,C:\FRCloud\FRQ\04_Pump Development\06_HPDI低温泵_加密\03_Testing\02_LNG测试\260709\东德泵老程序测试_0707\800rpm\800.mp4,17.70886621315193,-40.860035178711904,-30.692165412484435,-56.08882263151528,-10.16786976622747,-35.67188430825039
东德竞品,800,C:\FRCloud\FRQ\04_Pump Development\06_HPDI低温泵_加密\03_Testing\02_LNG测试\260709\东德泵老程序测试_0707\800rpm\800.mp4,17.957891156462583,-22.67001051962162,-40.16062468910015,-22.748105259036187,17.49061416947853,-14.129063120856646
东德竞品,800,C:\FRCloud\FRQ\04_Pump Development\06_HPDI低温泵_加密\03_Testing\02_LNG测试\260709\东德泵老程序测试_0707\800rpm\800.mp4,18.193174603174604,-36.264914675605745,-41.070476915956824,-38.00875376616312,4.805562240351083,-31.292980552521602
东德竞品,800,C:\FRCloud\FRQ\04_Pump Development\06_HPDI低温泵_加密\03_Testing\02_LNG测试\260709\东德泵老程序测试_0707\800rpm\800.mp4,18.39421768707483,-39.7199083641703,-28.33273176377551,-54.94869581697368,-11.387176600394792,-35.415676524146804
东德竞品,800,C:\FRCloud\FRQ\04_Pump Development\06_HPDI低温泵_加密\03_Testing\02_LNG测试\260709\东德泵老程序测试_0707\800rpm\800.mp4,19.054353741496598,-35.85694983692549,-41.74206169142106,-37.152455755466065,5.885111854495568,-28.579678404631302
东德竞品,800,C:\FRCloud\FRQ\04_Pump Development\06_HPDI低温泵_加密\03_Testing\02_LNG测试\260709\东德泵老程序测试_0707\800rpm\800.mp4,19.60528344671202,-41.27388497536302,-38.87208839612114,-56.50267242816639,-2.4017965792418776,-36.798928921249974
东德竞品,800,C:\FRCloud\FRQ\04_Pump Development\06_HPDI低温泵_加密\03_Testing\02_LNG测试\260709\东德泵老程序测试_0707\800rpm\800.mp4,19.909297052154194,-39.941471049703594,-33.686217446745694,-55.17025850250697,-6.255253602957906,-35.74438692343182
东德竞品,800,C:\FRCloud\FRQ\04_Pump Development\06_HPDI低温泵_加密\03_Testing\02_LNG测试\260709\东德泵老程序测试_0707\800rpm\800.mp4,20.13904761904762,-39.181075112860235,-35.21612481084872,-54.409862565663616,-3.9649503020115198,-34.9918241694056
东德竞品,800,C:\FRCloud\FRQ\04_Pump Development\06_HPDI低温泵_加密\03_Testing\02_LNG测试\260709\东德泵老程序测试_0707\800rpm\800.mp4,20.392857142857142,-28.362043814796504,-41.36076062986018,-28.585418257558125,12.998716815063682,-20.12251061785923
东德竞品,800,C:\FRCloud\FRQ\04_Pump Development\06_HPDI低温泵_加密\03_Testing\02_LNG测试\260709\东德泵老程序测试_0707\800rpm\800.mp4,21.38995464852608,-35.711493961941706,-42.492959293109266,-36.73425111348111,6.781465331167568,-28.312178348505547
东德竞品,800,C:\FRCloud\FRQ\04_Pump Development\06_HPDI低温泵_加密\03_Testing\02_LNG测试\260709\东德泵老程序测试_0707\800rpm\800.mp4,21.871360544217687,-40.926231393564514,-39.15452733913738,-56.15501884636789,-1.7717040544271287,-36.17712828385019
东德竞品,800,C:\FRCloud\FRQ\04_Pump Development\06_HPDI低温泵_加密\03_Testing\02_LNG测试\260709\东德泵老程序测试_0707\800rpm\800.mp4,22.333083900226757,-40.12909673574788,-37.312693328873515,-55.35788418855125,-2.816403406874362,-35.05586593201218
东德竞品,800,C:\FRCloud\FRQ\04_Pump Development\06_HPDI低温泵_加密\03_Testing\02_LNG测试\260709\东德泵老程序测试_0707\800rpm\800.mp4,22.638684807256237,-38.15298265277766,-41.23865386285274,-41.08919713171985,3.0856712100750814,-32.32977734157245
东德竞品,800,C:\FRCloud\FRQ\04_Pump Development\06_HPDI低温泵_加密\03_Testing\02_LNG测试\260709\东德泵老程序测试_0707\800rpm\800.mp4,22.831451247165532,-33.01027270283557,-42.00828774995244,-33.594910397472695,8.998015047116862,-24.195644532143113
东德竞品,800,C:\FRCloud\FRQ\04_Pump Development\06_HPDI低温泵_加密\03_Testing\02_LNG测试\260709\东德泵老程序测试_0707\800rpm\800.mp4,23.524580498866214,-43.211983242873146,-36.724486352203044,-58.44077069567652,-6.4874968906700925,-37.36130501715755
东德竞品,800,C:\FRCloud\FRQ\04_Pump Development\06_HPDI低温泵_加密\03_Testing\02_LNG测试\260709\东德泵老程序测试_0707\800rpm\800.mp4,23.818367346938775,-36.16003996628879,-42.855232708151306,-37.205996811653435,6.69519274186252,-29.545162183962347
东德竞品,800,C:\FRCloud\FRQ\04_Pump Development\06_HPDI低温泵_加密\03_Testing\02_LNG测试\260709\东德泵老程序测试_0707\800rpm\800.mp4,24.673696145124715,-39.87666418875585,-39.637639596743334,-55.10545164155923,-0.23902459201252185,-35.12560629139093
东德竞品,800,C:\FRCloud\FRQ\04_Pump Development\06_HPDI低温泵_加密\03_Testing\02_LNG测试\260709\东德泵老程序测试_0707\800rpm\800.mp4,25.358367346938774,-35.97992775865338,-41.79247218630766,-37.30094243835788,5.812544427654277,-28.41697887212655
东德竞品,800,C:\FRCloud\FRQ\04_Pump Development\06_HPDI低温泵_加密\03_Testing\02_LNG测试\260709\东德泵老程序测试_0707\800rpm\800.mp4,26.34702947845805,-35.74575095919205,-43.58374920812394,-36.52635389918753,7.837998248931885,-30.42207648599364
东德竞品,800,C:\FRCloud\FRQ\04_Pump Development\06_HPDI低温泵_加密\03_Testing\02_LNG测试\260709\东德泵老程序测试_0707\800rpm\800.mp4,26.95043083900227,-41.60694951560806,-39.124129264214325,-56.83573696841143,-2.4828202513937283,-37.19899472151496
东德竞品,800,C:\FRCloud\FRQ\04_Pump Development\06_HPDI低温泵_加密\03_Testing\02_LNG测试\260709\东德泵老程序测试_0707\800rpm\800.mp4,27.16625850340136,-41.19387330435353,-32.82572254161964,-56.422660757156905,-8.368150762733892,-36.21277561266018
东德竞品,800,C:\FRCloud\FRQ\04_Pump Development\06_HPDI低温泵_加密\03_Testing\02_LNG测试\260709\东德泵老程序测试_0707\800rpm\800.mp4,27.398526077097507,-40.917538521372364,-32.792522648769946,-56.146325974175745,-8.125015872602416,-36.59505724128059
东德竞品,800,C:\FRCloud\FRQ\04_Pump Development\06_HPDI低温泵_加密\03_Testing\02_LNG测试\260709\东德泵老程序测试_0707\800rpm\800.mp4,27.68764172335601,-27.444008734641248,-41.38007348650908,-27.623111461099246,13.936064751867834,-19.155976333726578
东德竞品,800,C:\FRCloud\FRQ\04_Pump Development\06_HPDI低温泵_加密\03_Testing\02_LNG测试\260709\东德泵老程序测试_0707\800rpm\800.mp4,28.680861678004536,-35.83798801763114,-41.844077415029574,-37.0922230161757,6.006089397398432,-28.330933779288586
东德竞品,800,C:\FRCloud\FRQ\04_Pump Development\06_HPDI低温泵_加密\03_Testing\02_LNG测试\260709\东德泵老程序测试_0707\800rpm\800.mp4,29.44546485260771,-40.57677784544317,-34.08746962026979,-55.80556529824654,-6.489308225173371,-36.65533261206384
东德竞品,800,C:\FRCloud\FRQ\04_Pump Development\06_HPDI低温泵_加密\03_Testing\02_LNG测试\260709\东德泵老程序测试_0707\800rpm\800.mp4,29.670430839002268,-40.544511277390036,-34.11512944951504,-55.77329873019341,-6.429381827874995,-35.46268228771965
东德竞品,800,C:\FRCloud\FRQ\04_Pump Development\06_HPDI低温泵_加密\03_Testing\02_LNG测试\260709\东德泵老程序测试_0707\800rpm\800.mp4,30.020362811791383,-28.880970258811352,-41.31537431798301,-29.136267570432818,12.434404059171658,-20.435770337181918
东德竞品,800,C:\FRCloud\FRQ\04_Pump Development\06_HPDI低温泵_加密\03_Testing\02_LNG测试\260709\东德泵老程序测试_0707\800rpm\800.mp4,30.22453514739229,-39.693969368388565,-41.54898733130527,-44.28287612417158,1.8550179629167034,-33.937238551293945
东德竞品,800,C:\FRCloud\FRQ\04_Pump Development\06_HPDI低温泵_加密\03_Testing\02_LNG测试\260709\东德泵老程序测试_0707\800rpm\800.mp4,31.022086167800452,-35.45680321338067,-42.64504643783587,-36.37765405132835,7.18824322445521,-28.412264550084142
东德竞品,800,C:\FRCloud\FRQ\04_Pump Development\06_HPDI低温泵_加密\03_Testing\02_LNG测试\260709\东德泵老程序测试_0707\800rpm\800.mp4,31.716780045351474,-40.982209237351285,-39.05454325660132,-56.21099669015466,-1.927665980749966,-36.760726258768834
东德竞品,800,C:\FRCloud\FRQ\04_Pump Development\06_HPDI低温泵_加密\03_Testing\02_LNG测试\260709\东德泵老程序测试_0707\800rpm\800.mp4,31.931020408163267,-39.759559702150035,-39.40996903974809,-54.98834715495341,-0.34959066240194286,-35.720609041869736
东德竞品,800,C:\FRCloud\FRQ\04_Pump Development\06_HPDI低温泵_加密\03_Testing\02_LNG测试\260709\东德泵老程序测试_0707\800rpm\800.mp4,32.25356009070295,-39.656410286797936,-39.30649797989651,-54.88519773960132,-0.3499123069014218,-34.0706319248349
东德竞品,800,C:\FRCloud\FRQ\04_Pump Development\06_HPDI低温泵_加密\03_Testing\02_LNG测试\260709\东德泵老程序测试_0707\800rpm\800.mp4,32.55609977324263,-35.93093409078574,-41.40427221810167,-37.379219826573035,5.473338127315927,-29.41043580906678
东德竞品,800,C:\FRCloud\FRQ\04_Pump Development\06_HPDI低温泵_加密\03_Testing\02_LNG测试\260709\东德泵老程序测试_0707\800rpm\800.mp4,33.54609977324263,-35.45230812788697,-43.16696492755714,-36.257616124381265,7.714656799670168,-29.500739242288137
东德竞品,800,C:\FRCloud\FRQ\04_Pump Development\06_HPDI低温泵_加密\03_Testing\02_LNG测试\260709\东德泵老程序测试_0707\800rpm\800.mp4,34.28442176870748,-39.58775996470047,-36.629813021992874,-54.81654741750384,-2.9579469427075904,-35.16597088959087
东德竞品,800,C:\FRCloud\FRQ\04_Pump Development\06_HPDI低温泵_加密\03_Testing\02_LNG测试\260709\东德泵老程序测试_0707\800rpm\800.mp4,34.513061224489796,-39.71243723342333,-36.609813991076614,-54.941224686226704,-3.1026232423467173,-35.040881623094535
东德竞品,800,C:\FRCloud\FRQ\04_Pump Development\06_HPDI低温泵_加密\03_Testing\02_LNG测试\260709\东德泵老程序测试_0707\800rpm\800.mp4,34.74018140589569,-38.81385475828942,-38.29272658234136,-54.0426422110928,-0.5211281759480599,-35.032862120297786
东德竞品,800,C:\FRCloud\FRQ\04_Pump Development\06_HPDI低温泵_加密\03_Testing\02_LNG测试\260709\东德泵老程序测试_0707\800rpm\800.mp4,34.986167800453515,-32.06285904847494,-41.31636763781516,-32.611888666111135,9.253508589340223,-23.103650695730447
东德竞品,800,C:\FRCloud\FRQ\04_Pump Development\06_HPDI低温泵_加密\03_Testing\02_LNG测试\260709\东德泵老程序测试_0707\800rpm\800.mp4,35.980657596371884,-35.70336425938628,-42.88018019689368,-36.626918498812756,7.176815937507407,-29.308114977035814
东德竞品,800,C:\FRCloud\FRQ\04_Pump Development\06_HPDI低温泵_加密\03_Testing\02_LNG测试\260709\东德泵老程序测试_0707\800rpm\800.mp4,36.78378684807256,-39.72136655965545,-40.6542579753821,-46.85899800200542,0.9328914157266434,-35.41886515949283
东德竞品,800,C:\FRCloud\FRQ\04_Pump Development\06_HPDI低温泵_加密\03_Testing\02_LNG测试\260709\东德泵老程序测试_0707\800rpm\800.mp4,37.013832199546485,-39.89962957360507,-39.41380879564122,-55.12841702640844,-0.48582077796384515,-34.931544805757326
东德竞品,800,C:\FRCloud\FRQ\04_Pump Development\06_HPDI低温泵_加密\03_Testing\02_LNG测试\260709\东德泵老程序测试_0707\800rpm\800.mp4,37.51514739229025,-36.098761448300635,-41.47711617215418,-37.585224710991085,5.378354723853549,-28.89362411802933
东德竞品,800,C:\FRCloud\FRQ\04_Pump Development\06_HPDI低温泵_加密\03_Testing\02_LNG测试\260709\东德泵老程序测试_0707\800rpm\800.mp4,38.507278911564626,-34.718745628936844,-43.299634777949066,-35.366934901370605,8.58088914901222,-28.794601520095668
东德竞品,800,C:\FRCloud\FRQ\04_Pump Development\06_HPDI低温泵_加密\03_Testing\02_LNG测试\260709\东德泵老程序测试_0707\800rpm\800.mp4,39.28265306122449,-40.33337844612673,-28.09666327314444,-55.562165898930104,-12.236715172982285,-36.171088862573995
东德竞品,800,C:\FRCloud\FRQ\04_Pump Development\06_HPDI低温泵_加密\03_Testing\02_LNG测试\260709\东德泵老程序测试_0707\800rpm\800.mp4,39.501496598639456,-40.068958661377074,-31.329920659471753,-55.29774611418045,-8.739038001905318,-34.74666428616633
东德竞品,800,C:\FRCloud\FRQ\04_Pump Development\06_HPDI低温泵_加密\03_Testing\02_LNG测试\260709\东德泵老程序测试_0707\800rpm\800.mp4,39.74147392290249,-22.468913748556034,-39.46654276450403,-22.55649132649775,16.997629015947993,-13.744287051164193
东德竞品,800,C:\FRCloud\FRQ\04_Pump Development\06_HPDI低温泵_加密\03_Testing\02_LNG测试\260709\东德泵老程序测试_0707\800rpm\800.mp4,40.276984126984125,-39.79932596169586,-27.990045516094547,-55.02811341449924,-11.809280445601315,-33.335516429885125
东德竞品,800,C:\FRCloud\FRQ\04_Pump Development\06_HPDI低温泵_加密\03_Testing\02_LNG测试\260709\东德泵老程序测试_0707\800rpm\800.mp4,40.83575963718821,-35.68431767759524,-40.94587490983649,-37.2193684277495,5.261557232241257,-28.102888066156755
东德竞品,800,C:\FRCloud\FRQ\04_Pump Development\06_HPDI低温泵_加密\03_Testing\02_LNG测试\260709\东德泵老程序测试_0707\800rpm\800.mp4,42.177460317460316,-29.04516946739487,-41.598332786914625,-29.293379525523257,12.55316331951976,-20.367962404323784
东德竞品,800,C:\FRCloud\FRQ\04_Pump Development\06_HPDI低温泵_加密\03_Testing\02_LNG测试\260709\东德泵老程序测试_0707\800rpm\800.mp4,43.16451247165533,-36.57558481761551,-42.80838874398598,-37.756480748465854,6.232803926370477,-29.087022208625623
东德竞品,800,C:\FRCloud\FRQ\04_Pump Development\06_HPDI低温泵_加密\03_Testing\02_LNG测试\260709\东德泵老程序测试_0707\800rpm\800.mp4,43.970884353741496,-40.55779931183387,-38.03053211773461,-55.78658676463724,-2.5272671940992564,-36.767551993385624
东德竞品,800,C:\FRCloud\FRQ\04_Pump Development\06_HPDI低温泵_加密\03_Testing\02_LNG测试\260709\东德泵老程序测试_0707\800rpm\800.mp4,44.19439909297052,-40.30928602973631,-37.89469926002485,-55.53807348253969,-2.414586769711457,-35.983688356159156
东德竞品,800,C:\FRCloud\FRQ\04_Pump Development\06_HPDI低温泵_加密\03_Testing\02_LNG测试\260709\东德泵老程序测试_0707\800rpm\800.mp4,44.612925170068024,-33.46281104463269,-40.92925009679312,-34.32047706151057,7.46643905216043,-24.871718151649702
东德竞品,800,C:\FRCloud\FRQ\04_Pump Development\06_HPDI低温泵_加密\03_Testing\02_LNG测试\260709\东德泵老程序测试_0707\800rpm\800.mp4,45.11439909297052,-40.62112791102558,-36.6192352042827,-55.849915363828956,-4.001892706742881,-35.8303609382537
东德竞品,800,C:\FRCloud\FRQ\04_Pump Development\06_HPDI低温泵_加密\03_Testing\02_LNG测试\260709\东德泵老程序测试_0707\800rpm\800.mp4,45.295374149659864,-40.933002773218846,-36.81656690478231,-56.16179022602222,-4.1164358684365325,-35.21221170325628
东德竞品,800,C:\FRCloud\FRQ\04_Pump Development\06_HPDI低温泵_加密\03_Testing\02_LNG测试\260709\东德泵老程序测试_0707\800rpm\800.mp4,45.60065759637188,-35.67350873728779,-41.636942865259044,-36.9421198119704,5.96343412797126,-28.93580793340446
东德竞品,800,C:\FRCloud\FRQ\04_Pump Development\06_HPDI低温泵_加密\03_Testing\02_LNG测试\260709\东德泵老程序测试_0707\800rpm\800.mp4,46.160385487528345,-40.701263667018196,-38.69898865655529,-55.93005111982158,-2.002275010462909,-36.452402686807034
东德竞品,800,C:\FRCloud\FRQ\04_Pump Development\06_HPDI低温泵_加密\03_Testing\02_LNG测试\260709\东德泵老程序测试_0707\800rpm\800.mp4,46.76424036281179,-39.02110893441324,-38.75363054671812,-54.24989638721662,-0.2674783876951272,-33.6246152326508
东德竞品,800,C:\FRCloud\FRQ\04_Pump Development\06_HPDI低温泵_加密\03_Testing\02_LNG测试\260709\东德泵老程序测试_0707\800rpm\800.mp4,47.14321995464853,-35.17164278615487,-41.29054256454025,-36.38875182437951,6.118899778385382,-27.73649913988492
东德竞品,800,C:\FRCloud\FRQ\04_Pump Development\06_HPDI低温泵_加密\03_Testing\02_LNG测试\260709\东德泵老程序测试_0707\800rpm\800.mp4,48.14414965986395,-34.92629164334731,-43.238501218412765,-35.61932531280157,8.312209575065452,-29.240288353792213
东德竞品,800,C:\FRCloud\FRQ\04_Pump Development\06_HPDI低温泵_加密\03_Testing\02_LNG测试\260709\东德泵老程序测试_0707\800rpm\800.mp4,49.19680272108844,-40.092086525069,-32.37080003640838,-55.320873977872374,-7.721286488660617,-36.60632900354409
东德竞品,800,C:\FRCloud\FRQ\04_Pump Development\06_HPDI低温泵_加密\03_Testing\02_LNG测试\260709\东德泵老程序测试_0707\800rpm\800.mp4,49.469410430839005,-26.90716182096265,-41.68768978669766,-27.05407352395053,14.780527965735013,-18.60583712206699
东德竞品,800,C:\FRCloud\FRQ\04_Pump Development\06_HPDI低温泵_加密\03_Testing\02_LNG测试\260709\东德泵老程序测试_0707\800rpm\800.mp4,50.46727891156463,-35.97753685188477,-42.37904852128116,-37.107032726056644,6.401511669396389,-28.55201522717501
东德竞品,800,C:\FRCloud\FRQ\04_Pump Development\06_HPDI低温泵_加密\03_Testing\02_LNG测试\260709\东德泵老程序测试_0707\800rpm\800.mp4,51.07768707482993,-42.27295012324242,-38.30696971659879,-57.50173757604579,-3.965980406643629,-37.20720196944514
东德竞品,900,C:\FRCloud\FRQ\04_Pump Development\06_HPDI低温泵_加密\03_Testing\02_LNG测试\260709\东德泵老程序测试_0707\900rpm\900.mp4,0.2523809523809524,-36.9096275178176,-44.868997231214735,-37.666726181865336,7.959369713397132,-28.03821797180762
东德竞品,900,C:\FRCloud\FRQ\04_Pump Development\06_HPDI低温泵_加密\03_Testing\02_LNG测试\260709\东德泵老程序测试_0707\900rpm\900.mp4,1.1256462585034013,-43.249306702792026,-47.647604607391315,-45.20941515458138,4.398297904599281,-37.44341896211396
东德竞品,900,C:\FRCloud\FRQ\04_Pump Development\06_HPDI低温泵_加密\03_Testing\02_LNG测试\260709\东德泵老程序测试_0707\900rpm\900.mp4,2.4846485260770974,-39.93217618834335,-47.7721882611778,-40.71238270295835,7.840012072834453,-32.55917844828762
东德竞品,900,C:\FRCloud\FRQ\04_Pump Development\06_HPDI低温泵_加密\03_Testing\02_LNG测试\260709\东德泵老程序测试_0707\900rpm\900.mp4,3.358344671201814,-41.761231850418625,-47.954620025377054,-42.9545177622747,6.193388174958434,-35.33153224128257
东德竞品,900,C:\FRCloud\FRQ\04_Pump Development\06_HPDI低温泵_加密\03_Testing\02_LNG测试\260709\东德泵老程序测试_0707\900rpm\900.mp4,4.497959183673469,-29.061477505710258,-45.56234884449285,-29.159788812740356,16.50087133878259,-21.925336159313616
东德竞品,900,C:\FRCloud\FRQ\04_Pump Development\06_HPDI低温泵_加密\03_Testing\02_LNG测试\260709\东德泵老程序测试_0707\900rpm\900.mp4,5.396122448979592,-38.78712487188692,-44.289883954772904,-40.22382012120005,5.50275908288599,-32.86421394155226
东德竞品,900,C:\FRCloud\FRQ\04_Pump Development\06_HPDI低温泵_加密\03_Testing\02_LNG测试\260709\东德泵老程序测试_0707\900rpm\900.mp4,6.4760544217687075,-43.967023822674925,-43.37213302643333,-59.1958112754783,-0.5948907962415955,-38.90543743267611
东德竞品,900,C:\FRCloud\FRQ\04_Pump Development\06_HPDI低温泵_加密\03_Testing\02_LNG测试\260709\东德泵老程序测试_0707\900rpm\900.mp4,6.735714285714286,-38.34244201565987,-46.28676675976865,-39.10241185836635,7.944324744108781,-30.578516141329143
东德竞品,900,C:\FRCloud\FRQ\04_Pump Development\06_HPDI低温泵_加密\03_Testing\02_LNG测试\260709\东德泵老程序测试_0707\900rpm\900.mp4,7.65639455782313,-39.607374984237,-45.85715469877718,-40.78298005758295,6.2497797145401845,-33.51682836400117
东德竞品,900,C:\FRCloud\FRQ\04_Pump Development\06_HPDI低温泵_加密\03_Testing\02_LNG测试\260709\东德泵老程序测试_0707\900rpm\900.mp4,8.855147392290249,-33.157974348139014,-44.375126822887204,-33.49918117695766,11.217152474748195,-24.927081791712943
东德竞品,900,C:\FRCloud\FRQ\04_Pump Development\06_HPDI低温泵_加密\03_Testing\02_LNG测试\260709\东德泵老程序测试_0707\900rpm\900.mp4,9.740907029478459,-38.38978745840927,-43.923142247219864,-39.81454480115971,5.533354788810589,-31.58607636688709
东德竞品,900,C:\FRCloud\FRQ\04_Pump Development\06_HPDI低温泵_加密\03_Testing\02_LNG测试\260709\东德泵老程序测试_0707\900rpm\900.mp4,9.929705215419501,-41.54230945746004,-44.07650714313587,-45.087405550499405,2.5341976856758293,-37.77904446037993
东德竞品,900,C:\FRCloud\FRQ\04_Pump Development\06_HPDI低温泵_加密\03_Testing\02_LNG测试\260709\东德泵老程序测试_0707\900rpm\900.mp4,10.835804988662131,-41.79769149805898,-41.85952101079653,-57.02647895086236,0.061829512737547186,-35.859271255937834
东德竞品,900,C:\FRCloud\FRQ\04_Pump Development\06_HPDI低温泵_加密\03_Testing\02_LNG测试\260709\东德泵老程序测试_0707\900rpm\900.mp4,11.094557823129252,-37.63942117926313,-43.926692170075995,-38.803436879415784,6.287270990812862,-30.93320275892004
东德竞品,900,C:\FRCloud\FRQ\04_Pump Development\06_HPDI低温泵_加密\03_Testing\02_LNG测试\260709\东德泵老程序测试_0707\900rpm\900.mp4,11.734988662131519,-43.24686072680198,-40.739017133271965,-58.47564817960535,-2.5078435935300067,-37.5451570362082
东德竞品,900,C:\FRCloud\FRQ\04_Pump Development\06_HPDI低温泵_加密\03_Testing\02_LNG测试\260709\东德泵老程序测试_0707\900rpm\900.mp4,11.970249433106575,-37.97390470192174,-45.093341030034104,-38.91116740547402,7.119436328112359,-32.17742262675104
东德竞品,900,C:\FRCloud\FRQ\04_Pump Development\06_HPDI低温泵_加密\03_Testing\02_LNG测试\260709\东德泵老程序测试_0707\900rpm\900.mp4,12.805374149659864,-42.14444759803166,-36.75432590159699,-57.373235050835035,-5.390121696434676,-38.10274302033435
东德竞品,900,C:\FRCloud\FRQ\04_Pump Development\06_HPDI低温泵_加密\03_Testing\02_LNG测试\260709\东德泵老程序测试_0707\900rpm\900.mp4,13.207755102040815,-31.615113968740737,-43.39112510150451,-31.91366974114567,11.776011132763774,-23.64505725679443
东德竞品,900,C:\FRCloud\FRQ\04_Pump Development\06_HPDI低温泵_加密\03_Testing\02_LNG测试\260709\东德泵老程序测试_0707\900rpm\900.mp4,13.814036281179138,-43.46237231978237,-36.22545500644169,-58.69115977258574,-7.236917313340678,-38.55849996876091
东德竞品,900,C:\FRCloud\FRQ\04_Pump Development\06_HPDI低温泵_加密\03_Testing\02_LNG测试\260709\东德泵老程序测试_0707\900rpm\900.mp4,14.093242630385488,-38.493388330906704,-43.496166673088865,-40.142989403388576,5.002778342182159,-31.862312085911753
东德竞品,900,C:\FRCloud\FRQ\04_Pump Development\06_HPDI低温泵_加密\03_Testing\02_LNG测试\260709\东德泵老程序测试_0707\900rpm\900.mp4,14.295034013605441,-41.14931682213473,-43.666780864398916,-44.71562471205666,2.517464042264197,-36.27365449957967
东德竞品,900,C:\FRCloud\FRQ\04_Pump Development\06_HPDI低温泵_加密\03_Testing\02_LNG测试\260709\东德泵老程序测试_0707\900rpm\900.mp4,15.336621315192744,-32.7481885321027,-43.9667752498837,-33.08927815471378,11.218586717781005,-24.88017811059168
东德竞品,900,C:\FRCloud\FRQ\04_Pump Development\06_HPDI低温泵_加密\03_Testing\02_LNG测试\260709\东德泵老程序测试_0707\900rpm\900.mp4,16.26541950113379,-37.54015736112367,-43.054106013539666,-38.97247306897658,5.513948652416002,-31.408549585490935
东德竞品,900,C:\FRCloud\FRQ\04_Pump Development\06_HPDI低温泵_加密\03_Testing\02_LNG测试\260709\东德泵老程序测试_0707\900rpm\900.mp4,16.51185941043084,-41.949477526739344,-40.92979534140197,-57.17826497954272,-1.0196821853373834,-38.0122095522209
东德竞品,900,C:\FRCloud\FRQ\04_Pump Development\06_HPDI低温泵_加密\03_Testing\02_LNG测试\260709\东德泵老程序测试_0707\900rpm\900.mp4,16.706961451247164,-41.499577248882325,-39.88537634658472,-56.7283647016857,-1.6142009022975998,-37.17318294649827
东德竞品,900,C:\FRCloud\FRQ\04_Pump Development\06_HPDI低温泵_加密\03_Testing\02_LNG测试\260709\东德泵老程序测试_0707\900rpm\900.mp4,17.03718820861678,-41.035132211384195,-39.91572528117999,-56.26391966418757,-1.119406930204203,-36.50102720966812
东德竞品,900,C:\FRCloud\FRQ\04_Pump Development\06_HPDI低温泵_加密\03_Testing\02_LNG测试\260709\东德泵老程序测试_0707\900rpm\900.mp4,17.34888888888889,-41.26299490398024,-42.0824023833578,-48.909102672381735,0.8194074793775599,-37.0423048766754
东德竞品,900,C:\FRCloud\FRQ\04_Pump Development\06_HPDI低温泵_加密\03_Testing\02_LNG测试\260709\东德泵老程序测试_0707\900rpm\900.mp4,17.57573696145125,-37.3438224228461,-42.58083148387546,-38.88932323532174,5.237009061029356,-29.066417909700192
东德竞品,900,C:\FRCloud\FRQ\04_Pump Development\06_HPDI低温泵_加密\03_Testing\02_LNG测试\260709\东德泵老程序测试_0707\900rpm\900.mp4,18.44950113378685,-38.61556083279458,-43.30222495851581,-40.419372999417575,4.686664125721234,-31.306050447931987
东德竞品,900,C:\FRCloud\FRQ\04_Pump Development\06_HPDI低温泵_加密\03_Testing\02_LNG测试\260709\东德泵老程序测试_0707\900rpm\900.mp4,18.650090702947846,-41.34113113740973,-42.767248989199786,-46.87098391091262,1.426117851790045,-35.478843848352206
东德竞品,900,C:\FRCloud\FRQ\04_Pump Development\06_HPDI低温泵_加密\03_Testing\02_LNG测试\260709\东德泵老程序测试_0707\900rpm\900.mp4,19.113401360544216,-41.320025726925145,-39.75209777994217,-56.54881317972852,-1.5679279469829783,-37.14296624366805
东德竞品,900,C:\FRCloud\FRQ\04_Pump Development\06_HPDI低温泵_加密\03_Testing\02_LNG测试\260709\东德泵老程序测试_0707\900rpm\900.mp4,19.330952380952382,-41.47157210098764,-40.909574981942676,-56.70035955379102,-0.5619971190449673,-36.393271029955784
东德竞品,900,C:\FRCloud\FRQ\04_Pump Development\06_HPDI低温泵_加密\03_Testing\02_LNG测试\260709\东德泵老程序测试_0707\900rpm\900.mp4,19.53467120181406,-41.66942121441568,-41.352815439916455,-56.89820866721905,-0.3166057744992182,-37.747047573715925
东德竞品,900,C:\FRCloud\FRQ\04_Pump Development\06_HPDI低温泵_加密\03_Testing\02_LNG测试\260709\东德泵老程序测试_0707\900rpm\900.mp4,19.806213151927437,-38.25877745502547,-42.369197020191585,-40.39206426281939,4.11041956516612,-29.892224916281506
东德竞品,900,C:\FRCloud\FRQ\04_Pump Development\06_HPDI低温泵_加密\03_Testing\02_LNG测试\260709\东德泵老程序测试_0707\900rpm\900.mp4,20.442040816326532,-42.363760919536674,-40.5796580772258,-57.59254837234005,-1.784102842310882,-36.29780811778275
东德竞品,900,C:\FRCloud\FRQ\04_Pump Development\06_HPDI低温泵_加密\03_Testing\02_LNG测试\260709\东德泵老程序测试_0707\900rpm\900.mp4,20.71922902494331,-38.37823632082895,-43.30500790361861,-40.063410172360044,4.926771582789662,-32.35031390501911
东德竞品,900,C:\FRCloud\FRQ\04_Pump Development\06_HPDI低温泵_加密\03_Testing\02_LNG测试\260709\东德泵老程序测试_0707\900rpm\900.mp4,21.467868480725624,-41.679472153797235,-40.06403719469195,-56.90825960660061,-1.6154349591052852,-36.711721516825115
东德竞品,900,C:\FRCloud\FRQ\04_Pump Development\06_HPDI低温泵_加密\03_Testing\02_LNG测试\260709\东德泵老程序测试_0707\900rpm\900.mp4,21.796553287981858,-40.88728758868687,-41.96136779824194,-47.48074107448651,1.074080209555077,-35.76028163010886
东德竞品,900,C:\FRCloud\FRQ\04_Pump Development\06_HPDI低温泵_加密\03_Testing\02_LNG测试\260709\东德泵老程序测试_0707\900rpm\900.mp4,22.032040816326532,-37.235194306590614,-42.68127107681751,-38.694318008742535,5.44607677022689,-29.872803716478074
东德竞品,900,C:\FRCloud\FRQ\04_Pump Development\06_HPDI低温泵_加密\03_Testing\02_LNG测试\260709\东德泵老程序测试_0707\900rpm\900.mp4,22.911473922902495,-37.98552387343767,-42.72678612261528,-39.76148942576655,4.741262249177606,-31.16672544156675
东德竞品,900,C:\FRCloud\FRQ\04_Pump Development\06_HPDI低温泵_加密\03_Testing\02_LNG测试\260709\东德泵老程序测试_0707\900rpm\900.mp4,23.16498866213152,-41.22584641399112,-41.93752130875768,-49.43185237004083,0.7116748947665595,-36.54957230918417
东德竞品,900,C:\FRCloud\FRQ\04_Pump Development\06_HPDI低温泵_加密\03_Testing\02_LNG测试\260709\东德泵老程序测试_0707\900rpm\900.mp4,23.562562358276644,-42.23966069044551,-35.62239281271948,-57.46844814324889,-6.617267877726038,-37.76818864833644
东德竞品,900,C:\FRCloud\FRQ\04_Pump Development\06_HPDI低温泵_加密\03_Testing\02_LNG测试\260709\东德泵老程序测试_0707\900rpm\900.mp4,23.756507936507937,-41.62154718305622,-36.02415812969597,-56.850334635859596,-5.597389053360249,-36.84147802210778
东德竞品,900,C:\FRCloud\FRQ\04_Pump Development\06_HPDI低温泵_加密\03_Testing\02_LNG测试\260709\东德泵老程序测试_0707\900rpm\900.mp4,23.962879818594104,-36.2985757412876,-40.33920012160364,-38.47672134664642,4.040624380316041,-37.21796338015478
东德竞品,900,C:\FRCloud\FRQ\04_Pump Development\06_HPDI低温泵_加密\03_Testing\02_LNG测试\260709\东德泵老程序测试_0707\900rpm\900.mp4,24.149931972789116,-31.238332631862114,-42.40300310959138,-31.583857219700896,11.164670477729262,-23.155509040575254
东德竞品,900,C:\FRCloud\FRQ\04_Pump Development\06_HPDI低温泵_加密\03_Testing\02_LNG测试\260709\东德泵老程序测试_0707\900rpm\900.mp4,24.35154195011338,-42.388296600775874,-40.81661515940381,-57.61708405357925,-1.5716814413720663,-35.79079007006292
东德竞品,1125,C:\FRCloud\FRQ\04_Pump Development\06_HPDI低温泵_加密\03_Testing\02_LNG测试\260709\东德泵老程序测试_0707\1125rpm\1125.mp4,0.5689569160997733,-38.436380766777845,-39.16680762810382,-46.538552477950084,0.7304268613259752,-31.894878987142803
东德竞品,1125,C:\FRCloud\FRQ\04_Pump Development\06_HPDI低温泵_加密\03_Testing\02_LNG测试\260709\东德泵老程序测试_0707\1125rpm\1125.mp4,0.8327437641723356,-39.338267635662284,-33.671124561174,-54.567055088465665,-5.6671430744882825,-35.13304536373091
东德竞品,1125,C:\FRCloud\FRQ\04_Pump Development\06_HPDI低温泵_加密\03_Testing\02_LNG测试\260709\东德泵老程序测试_0707\1125rpm\1125.mp4,1.4380272108843537,-28.150477574019547,-40.786245761097426,-28.393877620882513,12.635768187077883,-21.126128983209576
东德竞品,1125,C:\FRCloud\FRQ\04_Pump Development\06_HPDI低温泵_加密\03_Testing\02_LNG测试\260709\东德泵老程序测试_0707\1125rpm\1125.mp4,2.1871655328798187,-37.797067806650034,-35.97596503033862,-53.02585525945341,-1.8211027763114154,-32.29874896672876
东德竞品,1125,C:\FRCloud\FRQ\04_Pump Development\06_HPDI低温泵_加密\03_Testing\02_LNG测试\260709\东德泵老程序测试_0707\1125rpm\1125.mp4,2.4638095238095237,-38.538317985977685,-33.09616464984622,-53.76710543878106,-5.442153336131465,-34.05143130382886
东德竞品,1125,C:\FRCloud\FRQ\04_Pump Development\06_HPDI低温泵_加密\03_Testing\02_LNG测试\260709\东德泵老程序测试_0707\1125rpm\1125.mp4,3.0601814058956918,-27.58343244710485,-39.808878351233254,-27.85171013571074,12.225445904128398,-19.971803831700875
东德竞品,1125,C:\FRCloud\FRQ\04_Pump Development\06_HPDI低温泵_加密\03_Testing\02_LNG测试\260709\东德泵老程序测试_0707\1125rpm\1125.mp4,3.4873015873015873,-42.37660929264919,-32.89341818042135,-57.605396745452566,-9.483191112227837,-36.12585174485905
东德竞品,1125,C:\FRCloud\FRQ\04_Pump Development\06_HPDI低温泵_加密\03_Testing\02_LNG测试\260709\东德泵老程序测试_0707\1125rpm\1125.mp4,3.7172108843537415,-38.085182516042224,-32.92259956286905,-53.313969968845605,-5.162582953173174,-31.913517798756146
东德竞品,1125,C:\FRCloud\FRQ\04_Pump Development\06_HPDI低温泵_加密\03_Testing\02_LNG测试\260709\东德泵老程序测试_0707\1125rpm\1125.mp4,4.604399092970522,-30.152119495082413,-42.003906324578736,-30.445332897273026,11.851786829496316,-22.866022428393975
东德竞品,1125,C:\FRCloud\FRQ\04_Pump Development\06_HPDI低温泵_加密\03_Testing\02_LNG测试\260709\东德泵老程序测试_0707\1125rpm\1125.mp4,5.368956916099774,-37.71962074513355,-39.82117664906,-41.88054199517116,2.1015559039264535,-32.21025761636472
东德竞品,1125,C:\FRCloud\FRQ\04_Pump Development\06_HPDI低温泵_加密\03_Testing\02_LNG测试\260709\东德泵老程序测试_0707\1125rpm\1125.mp4,6.201541950113379,-27.527578719793414,-40.88738873346522,-27.73270400911938,13.359810013671805,-19.660460560006282
东德竞品,1125,C:\FRCloud\FRQ\04_Pump Development\06_HPDI低温泵_加密\03_Testing\02_LNG测试\260709\东德泵老程序测试_0707\1125rpm\1125.mp4,6.742607709750567,-41.392578501527446,-32.713809471891956,-56.62136595433082,-8.678769029635482,-34.99758361613064
东德竞品,1125,C:\FRCloud\FRQ\04_Pump Development\06_HPDI低温泵_加密\03_Testing\02_LNG测试\260709\东德泵老程序测试_0707\1125rpm\1125.mp4,6.959274376417233,-37.97026823333935,-37.0649590222955,-53.19905568614273,-0.9053092110438509,-32.35711063968325
东德竞品,1125,C:\FRCloud\FRQ\04_Pump Development\06_HPDI低温泵_加密\03_Testing\02_LNG测试\260709\东德泵老程序测试_0707\1125rpm\1125.mp4,7.416235827664399,-38.85229572387991,-32.76366676730455,-54.08108317668329,-6.088628956575363,-33.18483712997796
东德竞品,1125,C:\FRCloud\FRQ\04_Pump Development\06_HPDI低温泵_加密\03_Testing\02_LNG测试\260709\东德泵老程序测试_0707\1125rpm\1125.mp4,7.822879818594104,-27.618026290093955,-40.60112252117527,-27.842226743401405,12.983096231081316,-19.904635735447698
东德竞品,1125,C:\FRCloud\FRQ\04_Pump Development\06_HPDI低温泵_加密\03_Testing\02_LNG测试\260709\东德泵老程序测试_0707\1125rpm\1125.mp4,8.562312925170067,-36.69310723671273,-35.54241458336118,-51.9218946895161,-1.1506926533515458,-31.13235387529199
东德竞品,1125,C:\FRCloud\FRQ\04_Pump Development\06_HPDI低温泵_加密\03_Testing\02_LNG测试\260709\东德泵老程序测试_0707\1125rpm\1125.mp4,9.442312925170068,-27.62186062548706,-40.04473462153499,-27.87785702631169,12.422873996047937,-19.803926376052573
东德竞品,1125,C:\FRCloud\FRQ\04_Pump Development\06_HPDI低温泵_加密\03_Testing\02_LNG测试\260709\东德泵老程序测试_0707\1125rpm\1125.mp4,9.675918367346938,-37.640859033428086,-39.25212061902179,-42.72779304848228,1.6112615855937042,-29.588341207468616
东德竞品,1125,C:\FRCloud\FRQ\04_Pump Development\06_HPDI低温泵_加密\03_Testing\02_LNG测试\260709\东德泵老程序测试_0707\1125rpm\1125.mp4,10.103151927437642,-38.11404632481639,-32.456978254619756,-53.34283377761977,-5.657068070196631,-32.83274968613906
东德竞品,1125,C:\FRCloud\FRQ\04_Pump Development\06_HPDI低温泵_加密\03_Testing\02_LNG测试\260709\东德泵老程序测试_0707\1125rpm\1125.mp4,10.815192743764172,-37.29061244347298,-36.77453207482842,-52.519399896276354,-0.5160803686445536,-33.55378101200796
东德竞品,1125,C:\FRCloud\FRQ\04_Pump Development\06_HPDI低温泵_加密\03_Testing\02_LNG测试\260709\东德泵老程序测试_0707\1125rpm\1125.mp4,11.067460317460318,-31.899283383993833,-38.997411275520534,-32.841694311929324,7.0981278915266985,-23.24290364456751
东德竞品,1125,C:\FRCloud\FRQ\04_Pump Development\06_HPDI低温泵_加密\03_Testing\02_LNG测试\260709\东德泵老程序测试_0707\1125rpm\1125.mp4,11.719795918367346,-39.034288623190065,-36.755541217561415,-54.263076075993446,-2.2787474056286587,-33.138964925407315
东德竞品,1125,C:\FRCloud\FRQ\04_Pump Development\06_HPDI低温泵_加密\03_Testing\02_LNG测试\260709\东德泵老程序测试_0707\1125rpm\1125.mp4,12.578321995464853,-24.642918637618607,-41.66254106629691,-24.73004936127101,17.01962242867831,-15.513953444995327
东德竞品,1125,C:\FRCloud\FRQ\04_Pump Development\06_HPDI低温泵_加密\03_Testing\02_LNG测试\260709\东德泵老程序测试_0707\1125rpm\1125.mp4,13.028639455782313,-41.4675063961975,-30.195159899067857,-56.69629384900088,-11.272346497129648,-34.9399872748834
东德竞品,1125,C:\FRCloud\FRQ\04_Pump Development\06_HPDI低温泵_加密\03_Testing\02_LNG测试\260709\东德泵老程序测试_0707\1125rpm\1125.mp4,13.335963718820862,-38.373166893720565,-35.66349777005001,-53.60195434652394,-2.7096691236705572,-32.678948991342224
东德竞品,1125,C:\FRCloud\FRQ\04_Pump Development\06_HPDI低温泵_加密\03_Testing\02_LNG测试\260709\东德泵老程序测试_0707\1125rpm\1125.mp4,14.203741496598639,-27.712702926490344,-41.31052083127209,-27.906641119904656,13.597817904781753,-20.321146621142084
东德竞品,1125,C:\FRCloud\FRQ\04_Pump Development\06_HPDI低温泵_加密\03_Testing\02_LNG测试\260709\东德泵老程序测试_0707\1125rpm\1125.mp4,14.647256235827664,-41.69000947011972,-32.78321910357458,-56.91879692292309,-8.906790366545135,-35.408225904501194
东德竞品,1125,C:\FRCloud\FRQ\04_Pump Development\06_HPDI低温泵_加密\03_Testing\02_LNG测试\260709\东德泵老程序测试_0707\1125rpm\1125.mp4,14.970702947845805,-37.91935682274839,-37.36463359393069,-53.14814427555177,-0.5547232288177046,-32.33639822568716
东德竞品,1125,C:\FRCloud\FRQ\04_Pump Development\06_HPDI低温泵_加密\03_Testing\02_LNG测试\260709\东德泵老程序测试_0707\1125rpm\1125.mp4,15.827256235827665,-27.299001267721202,-40.531123961854334,-27.51039836654741,13.232122694133132,-19.781223439039838
东德竞品,1125,C:\FRCloud\FRQ\04_Pump Development\06_HPDI低温泵_加密\03_Testing\02_LNG测试\260709\东德泵老程序测试_0707\1125rpm\1125.mp4,16.50387755102041,-37.94427576086916,-32.425197331048004,-53.173063213672535,-5.519078429821155,-32.65971364845254
东德竞品,1125,C:\FRCloud\FRQ\04_Pump Development\06_HPDI低温泵_加密\03_Testing\02_LNG测试\260709\东德泵老程序测试_0707\1125rpm\1125.mp4,16.907913832199547,-38.15988227372431,-35.993188826697654,-53.38866972652768,-2.166693447026657,-32.87273384675806
东德竞品,1125,C:\FRCloud\FRQ\04_Pump Development\06_HPDI低温泵_加密\03_Testing\02_LNG测试\260709\东德泵老程序测试_0707\1125rpm\1125.mp4,17.445510204081632,-31.578027127650792,-39.28281146334391,-32.385349243005166,7.704784335693123,-23.358466358418756
东德竞品,1125,C:\FRCloud\FRQ\04_Pump Development\06_HPDI低温泵_加密\03_Testing\02_LNG测试\260709\东德泵老程序测试_0707\1125rpm\1125.mp4,18.138390022675736,-38.45915946723274,-36.09046542186866,-53.68794692003611,-2.3686940453640855,-32.9973031487519
东德竞品,1125,C:\FRCloud\FRQ\04_Pump Development\06_HPDI低温泵_加密\03_Testing\02_LNG测试\260709\东德泵老程序测试_0707\1125rpm\1125.mp4,18.443628117913832,-38.30772766375639,-40.332606830147924,-42.59475312564699,2.0248791663915404,-33.824473964038674
富瑞自研,600,C:\FRCloud\FRQ\04_Pump Development\06_HPDI低温泵_加密\03_Testing\02_LNG测试\260709\富瑞泵老程序测试_0709\600rpm\600.mp4,0.23052154195011337,-40.96671655187262,-40.71389904996003,-56.19550400467601,-0.25281750191260693,-36.75527870771592
富瑞自研,600,C:\FRCloud\FRQ\04_Pump Development\06_HPDI低温泵_加密\03_Testing\02_LNG测试\260709\富瑞泵老程序测试_0709\600rpm\600.mp4,0.8590476190476191,-40.079485349211275,-37.24607911866377,-55.308272802014656,-2.833406230547511,-36.599499038180454
富瑞自研,600,C:\FRCloud\FRQ\04_Pump Development\06_HPDI低温泵_加密\03_Testing\02_LNG测试\260709\富瑞泵老程序测试_0709\600rpm\600.mp4,1.382607709750567,-32.77780769760943,-41.66524719596234,-33.37861390415847,8.887439498352908,-25.264388217823583
富瑞自研,600,C:\FRCloud\FRQ\04_Pump Development\06_HPDI低温泵_加密\03_Testing\02_LNG测试\260709\富瑞泵老程序测试_0709\600rpm\600.mp4,2.9640589569160998,-34.059900096814644,-42.65848459311223,-34.70524777183871,8.598584496297583,-27.432578953941945
富瑞自研,600,C:\FRCloud\FRQ\04_Pump Development\06_HPDI低温泵_加密\03_Testing\02_LNG测试\260709\富瑞泵老程序测试_0709\600rpm\600.mp4,3.2121995464852606,-42.315943328744424,-38.612191829033556,-57.5447307815478,-3.7037514997108643,-35.74295090579903
富瑞自研,600,C:\FRCloud\FRQ\04_Pump Development\06_HPDI低温泵_加密\03_Testing\02_LNG测试\260709\富瑞泵老程序测试_0709\600rpm\600.mp4,4.733650793650794,-23.245705553282857,-39.750459230565184,-23.343928014114347,16.504753677282324,-14.168497178748316
富瑞自研,600,C:\FRCloud\FRQ\04_Pump Development\06_HPDI低温泵_加密\03_Testing\02_LNG测试\260709\富瑞泵老程序测试_0709\600rpm\600.mp4,4.9229024943310655,-34.44084302531743,-40.58829099046767,-35.64875788278479,6.147447965150238,-29.387520517998837
富瑞自研,600,C:\FRCloud\FRQ\04_Pump Development\06_HPDI低温泵_加密\03_Testing\02_LNG测试\260709\富瑞泵老程序测试_0709\600rpm\600.mp4,5.2234013605442176,-38.517031113267805,-28.883956040088826,-53.745818566071186,-9.633075073178984,-33.842608624352984
富瑞自研,600,C:\FRCloud\FRQ\04_Pump Development\06_HPDI低温泵_加密\03_Testing\02_LNG测试\260709\富瑞泵老程序测试_0709\600rpm\600.mp4,6.1499092970521545,-33.837579827429984,-41.73703551575998,-34.60618320067522,7.899455688329996,-28.265531406324193
富瑞自研,600,C:\FRCloud\FRQ\04_Pump Development\06_HPDI低温泵_加密\03_Testing\02_LNG测试\260709\富瑞泵老程序测试_0709\600rpm\600.mp4,6.3815419501133785,-39.99274560363645,-41.13622547629937,-46.34750591071768,1.143479872662921,-33.68778701479214
富瑞自研,600,C:\FRCloud\FRQ\04_Pump Development\06_HPDI低温泵_加密\03_Testing\02_LNG测试\260709\富瑞泵老程序测试_0709\600rpm\600.mp4,8.182675736961452,-29.582541057804093,-42.80501301370897,-29.7944200985457,13.222471955904878,-23.61517511505655
富瑞自研,600,C:\FRCloud\FRQ\04_Pump Development\06_HPDI低温泵_加密\03_Testing\02_LNG测试\260709\富瑞泵老程序测试_0709\600rpm\600.mp4,9.758571428571429,-34.426374976490884,-42.68765003485822,-35.12828199172646,8.26127505836734,-26.81481420478143
富瑞自研,600,C:\FRCloud\FRQ\04_Pump Development\06_HPDI低温泵_加密\03_Testing\02_LNG测试\260709\富瑞泵老程序测试_0709\600rpm\600.mp4,10.738367346938775,-41.62391786913324,-41.69832871916623,-56.85270532193661,0.07441085003299482,-37.386336425358095
富瑞自研,600,C:\FRCloud\FRQ\04_Pump Development\06_HPDI低温泵_加密\03_Testing\02_LNG测试\260709\富瑞泵老程序测试_0709\600rpm\600.mp4,11.822471655328798,-30.80865009122096,-42.2406667091101,-31.13275617043937,11.432016617889138,-23.141495696557712
富瑞自研,600,C:\FRCloud\FRQ\04_Pump Development\06_HPDI低温泵_加密\03_Testing\02_LNG测试\260709\富瑞泵老程序测试_0709\600rpm\600.mp4,13.360294784580498,-34.32249721088206,-42.19461293709913,-35.09641366001221,7.872115726217073,-27.271611839356524
富瑞自研,600,C:\FRCloud\FRQ\04_Pump Development\06_HPDI低温泵_加密\03_Testing\02_LNG测试\260709\富瑞泵老程序测试_0709\600rpm\600.mp4,13.587777777777777,-40.33146140090055,-39.23352210761579,-55.560248853703925,-1.097939293284767,-33.56799387238501
富瑞自研,600,C:\FRCloud\FRQ\04_Pump Development\06_HPDI低温泵_加密\03_Testing\02_LNG测试\260709\富瑞泵老程序测试_0709\600rpm\600.mp4,14.509954648526078,-40.99590175554874,-41.333622302596694,-52.255936099184225,0.33772054704794785,-36.12668398370695
富瑞自研,600,C:\FRCloud\FRQ\04_Pump Development\06_HPDI低温泵_加密\03_Testing\02_LNG测试\260709\富瑞泵老程序测试_0709\600rpm\600.mp4,15.003265306122449,-40.99417824019441,-36.524921108369675,-56.22296569299778,-4.469257131824736,-36.876543980004904
富瑞自研,600,C:\FRCloud\FRQ\04_Pump Development\06_HPDI低温泵_加密\03_Testing\02_LNG测试\260709\富瑞泵老程序测试_0709\600rpm\600.mp4,15.467732426303854,-31.781217186231444,-41.99920001277279,-32.21523358516087,10.21798282654135,-24.064017541818426
富瑞自研,600,C:\FRCloud\FRQ\04_Pump Development\06_HPDI低温泵_加密\03_Testing\02_LNG测试\260709\富瑞泵老程序测试_0709\600rpm\600.mp4,16.46061224489796,-41.542092110120535,-37.347089255860645,-56.77087956292392,-4.195002854259897,-36.54155878102837
富瑞自研,600,C:\FRCloud\FRQ\04_Pump Development\06_HPDI低温泵_加密\03_Testing\02_LNG测试\260709\富瑞泵老程序测试_0709\600rpm\600.mp4,17.054195011337868,-33.456562808377434,-41.920980372253155,-34.123795213844765,8.46441756387572,-26.500837490020793
富瑞自研,600,C:\FRCloud\FRQ\04_Pump Development\06_HPDI低温泵_加密\03_Testing\02_LNG测试\260709\富瑞泵老程序测试_0709\600rpm\600.mp4,17.286757369614513,-40.56322449696939,-38.776589842377874,-55.792011949772764,-1.7866346545915202,-33.4806358188117
富瑞自研,600,C:\FRCloud\FRQ\04_Pump Development\06_HPDI低温泵_加密\03_Testing\02_LNG测试\260709\富瑞泵老程序测试_0709\600rpm\600.mp4,18.336485260770974,-41.33028714762066,-41.129932641521435,-56.55907460042403,-0.2003545060992268,-36.75775190740071
富瑞自研,600,C:\FRCloud\FRQ\04_Pump Development\06_HPDI低温泵_加密\03_Testing\02_LNG测试\260709\富瑞泵老程序测试_0709\600rpm\600.mp4,18.71,-40.67695408329642,-37.75685730161833,-55.9057415360998,-2.920096781678094,-36.027402999434514
富瑞自研,600,C:\FRCloud\FRQ\04_Pump Development\06_HPDI低温泵_加密\03_Testing\02_LNG测试\260709\富瑞泵老程序测试_0709\600rpm\600.mp4,19.215011337868482,-33.16850888717306,-41.833811431672046,-33.80326260501466,8.665302544498989,-25.251682890543602
富瑞自研,600,C:\FRCloud\FRQ\04_Pump Development\06_HPDI低温泵_加密\03_Testing\02_LNG测试\260709\富瑞泵老程序测试_0709\600rpm\600.mp4,20.844353741496597,-32.43768115955999,-41.48295461621078,-33.01555113768273,9.045273456650794,-26.215301558473904
富瑞自研,600,C:\FRCloud\FRQ\04_Pump Development\06_HPDI低温泵_加密\03_Testing\02_LNG测试\260709\富瑞泵老程序测试_0709\600rpm\600.mp4,21.063061224489797,-39.76010114578274,-39.28803522421979,-54.988888598586115,-0.47206592156295496,-33.58859742992637
富瑞自研,600,C:\FRCloud\FRQ\04_Pump Development\06_HPDI低温泵_加密\03_Testing\02_LNG测试\260709\富瑞泵老程序测试_0709\600rpm\600.mp4,22.155419501133785,-21.849439409551387,-38.65125040295276,-21.941099046634523,16.80181099340137,-12.909139215220712
富瑞自研,600,C:\FRCloud\FRQ\04_Pump Development\06_HPDI低温泵_加密\03_Testing\02_LNG测试\260709\富瑞泵老程序测试_0709\600rpm\600.mp4,22.644625850340137,-38.13165184843166,-27.55028238028813,-53.36043930123503,-10.581369468143533,-32.91957618421503
富瑞自研,600,C:\FRCloud\FRQ\04_Pump Development\06_HPDI低温泵_加密\03_Testing\02_LNG测试\260709\富瑞泵老程序测试_0709\600rpm\600.mp4,23.585374149659863,-32.42545054466634,-41.05618494929372,-33.06566968731816,8.630734404627379,-27.444650468907966
富瑞自研,600,C:\FRCloud\FRQ\04_Pump Development\06_HPDI低温泵_加密\03_Testing\02_LNG测试\260709\富瑞泵老程序测试_0709\600rpm\600.mp4,24.210113378684806,-41.40817779767158,-36.65410546381989,-56.63696525047495,-4.754072333851693,-36.334019413586674
富瑞自研,600,C:\FRCloud\FRQ\04_Pump Development\06_HPDI低温泵_加密\03_Testing\02_LNG测试\260709\富瑞泵老程序测试_0709\600rpm\600.mp4,25.292675736961453,-21.950510663763097,-38.92026251423415,-22.03865796838666,16.969751850471056,-13.298631949414965
富瑞自研,600,C:\FRCloud\FRQ\04_Pump Development\06_HPDI低温泵_加密\03_Testing\02_LNG测试\260709\富瑞泵老程序测试_0709\600rpm\600.mp4,25.808843537414965,-38.584874719032584,-27.609221377427623,-53.813662171835965,-10.97565334160496,-34.30996772761007
富瑞自研,600,C:\FRCloud\FRQ\04_Pump Development\06_HPDI低温泵_加密\03_Testing\02_LNG测试\260709\富瑞泵老程序测试_0709\600rpm\600.mp4,26.126462585034012,-39.88074575244113,-34.98948173807225,-55.1095332052445,-4.891264014368881,-34.89219403890815
富瑞自研,600,C:\FRCloud\FRQ\04_Pump Development\06_HPDI低温泵_加密\03_Testing\02_LNG测试\260709\富瑞泵老程序测试_0709\600rpm\600.mp4,26.727619047619047,-32.882308455634444,-40.999238086721554,-33.61003771362387,8.116929631087114,-27.41686172692794
富瑞自研,600,C:\FRCloud\FRQ\04_Pump Development\06_HPDI低温泵_加密\03_Testing\02_LNG测试\260709\富瑞泵老程序测试_0709\600rpm\600.mp4,26.931179138321994,-39.531036692955816,-41.36280649966436,-44.16391146450418,1.831769806708542,-32.384411239050394
富瑞自研,600,C:\FRCloud\FRQ\04_Pump Development\06_HPDI低温泵_加密\03_Testing\02_LNG测试\260709\富瑞泵老程序测试_0709\600rpm\600.mp4,27.147233560090704,-41.62976319014702,-37.35477704348866,-56.85855064295039,-4.274986146658351,-37.0184527905047
富瑞自研,600,C:\FRCloud\FRQ\04_Pump Development\06_HPDI低温泵_加密\03_Testing\02_LNG测试\260709\富瑞泵老程序测试_0709\600rpm\600.mp4,28.538185941043086,-21.728211037447952,-38.149497255095255,-21.82836164702868,16.421286217647303,-12.81084225566364
富瑞自研,600,C:\FRCloud\FRQ\04_Pump Development\06_HPDI低温泵_加密\03_Testing\02_LNG测试\260709\富瑞泵老程序测试_0709\600rpm\600.mp4,28.72503401360544,-32.22612537947776,-39.32832326915472,-33.16755055070159,7.102197889676965,-26.947756991835917
富瑞自研,600,C:\FRCloud\FRQ\04_Pump Development\06_HPDI低温泵_加密\03_Testing\02_LNG测试\260709\富瑞泵老程序测试_0709\600rpm\600.mp4,29.03052154195011,-37.383546038102885,-27.35045570458619,-52.612333490906266,-10.033090333516695,-32.26926421907497
富瑞自研,600,C:\FRCloud\FRQ\04_Pump Development\06_HPDI低温泵_加密\03_Testing\02_LNG测试\260709\富瑞泵老程序测试_0709\600rpm\600.mp4,29.388390022675736,-39.251090190248775,-34.06860599547245,-54.47987764305215,-5.1824841947763165,-35.00468934203579
富瑞自研,600,C:\FRCloud\FRQ\04_Pump Development\06_HPDI低温泵_加密\03_Testing\02_LNG测试\260709\富瑞泵老程序测试_0709\600rpm\600.mp4,29.93215419501134,-31.93266177902209,-39.85930384885088,-32.69602136156071,7.926642069828793,-26.67389641465434
富瑞自研,600,C:\FRCloud\FRQ\04_Pump Development\06_HPDI低温泵_加密\03_Testing\02_LNG测试\260709\富瑞泵老程序测试_0709\600rpm\600.mp4,30.154739229024944,-38.08514292470835,-40.085532941741675,-42.4137105216645,2.000390017033327,-32.67282337739587
富瑞自研,600,C:\FRCloud\FRQ\04_Pump Development\06_HPDI低温泵_加密\03_Testing\02_LNG测试\260709\富瑞泵老程序测试_0709\600rpm\600.mp4,30.660861678004537,-40.69437239915707,-36.97178745828599,-55.92315985196044,-3.722584940871077,-36.365511443999424
富瑞自研,600,C:\FRCloud\FRQ\04_Pump Development\06_HPDI低温泵_加密\03_Testing\02_LNG测试\260709\富瑞泵老程序测试_0709\600rpm\600.mp4,31.279750566893423,-40.708609628289466,-27.50983178068146,-55.93739708109284,-13.19877784760801,-36.32844228300795
富瑞自研,600,C:\FRCloud\FRQ\04_Pump Development\06_HPDI低温泵_加密\03_Testing\02_LNG测试\260709\富瑞泵老程序测试_0709\600rpm\600.mp4,31.781292517006804,-21.859474208701755,-38.059899374286175,-21.964913651134736,16.20042516558442,-12.858255826558722
富瑞自研,600,C:\FRCloud\FRQ\04_Pump Development\06_HPDI低温泵_加密\03_Testing\02_LNG测试\260709\富瑞泵老程序测试_0709\600rpm\600.mp4,31.969931972789116,-32.393139192307984,-39.17545955440451,-33.41566932761851,6.782320362096524,-27.494288815953016
富瑞自研,600,C:\FRCloud\FRQ\04_Pump Development\06_HPDI低温泵_加密\03_Testing\02_LNG测试\260709\富瑞泵老程序测试_0709\600rpm\600.mp4,32.2733560090703,-37.230104085123244,-27.4858377050348,-52.45889153792662,-9.744266380088444,-31.498464521449613
富瑞自研,600,C:\FRCloud\FRQ\04_Pump Development\06_HPDI低温泵_加密\03_Testing\02_LNG测试\260709\富瑞泵老程序测试_0709\600rpm\600.mp4,32.62319727891156,-39.16471742171531,-34.11252384627506,-54.39350487451868,-5.052193575440249,-34.79661788880076
富瑞自研,600,C:\FRCloud\FRQ\04_Pump Development\06_HPDI低温泵_加密\03_Testing\02_LNG测试\260709\富瑞泵老程序测试_0709\600rpm\600.mp4,33.21092970521542,-31.94625230188375,-40.024159427013174,-32.681138139114154,8.077907125129425,-26.166505734695505
富瑞自研,600,C:\FRCloud\FRQ\04_Pump Development\06_HPDI低温泵_加密\03_Testing\02_LNG测试\260709\富瑞泵老程序测试_0709\600rpm\600.mp4,33.40063492063492,-37.21824569632914,-40.503915262952496,-39.96959997659471,3.285669566623357,-31.997880009944385
富瑞自研,600,C:\FRCloud\FRQ\04_Pump Development\06_HPDI低温泵_加密\03_Testing\02_LNG测试\260709\富瑞泵老程序测试_0709\600rpm\600.mp4,33.70219954648526,-40.65821357968085,-36.23003182006306,-55.88700103248422,-4.428181759617794,-36.84282210964491
富瑞自研,600,C:\FRCloud\FRQ\04_Pump Development\06_HPDI低温泵_加密\03_Testing\02_LNG测试\260709\富瑞泵老程序测试_0709\600rpm\600.mp4,34.600249433106576,-40.362475894683804,-33.34549109087894,-55.59126334748718,-7.016984803804869,-35.14301381038824
富瑞自研,600,C:\FRCloud\FRQ\04_Pump Development\06_HPDI低温泵_加密\03_Testing\02_LNG测试\260709\富瑞泵老程序测试_0709\600rpm\600.mp4,35.23836734693877,-27.542290525639565,-41.14277298534009,-27.736107073174715,13.600482459700526,-19.80241317982138
富瑞自研,600,C:\FRCloud\FRQ\04_Pump Development\06_HPDI低温泵_加密\03_Testing\02_LNG测试\260709\富瑞泵老程序测试_0709\600rpm\600.mp4,36.748979591836736,-34.35036996556235,-43.45840753688697,-34.91938076219683,9.108037571324619,-27.167574348709977
富瑞自研,600,C:\FRCloud\FRQ\04_Pump Development\06_HPDI低温泵_加密\03_Testing\02_LNG测试\260709\富瑞泵老程序测试_0709\600rpm\600.mp4,37.96,-41.032580717778444,-37.07861588206112,-56.26136817058182,-3.9539648357173247,-37.29972001810579
富瑞自研,600,C:\FRCloud\FRQ\04_Pump Development\06_HPDI低温泵_加密\03_Testing\02_LNG测试\260709\富瑞泵老程序测试_0709\600rpm\600.mp4,38.68321995464853,-27.26633685932153,-42.46477954743958,-27.399561403023256,15.198442688118055,-18.61663440116124
富瑞自研,600,C:\FRCloud\FRQ\04_Pump Development\06_HPDI低温泵_加密\03_Testing\02_LNG测试\260709\富瑞泵老程序测试_0709\600rpm\600.mp4,39.578820861678004,-42.520549133143646,-37.1910436048154,-57.749336585947034,-5.329505528328253,-37.43519138965793
富瑞自研,600,C:\FRCloud\FRQ\04_Pump Development\06_HPDI低温泵_加密\03_Testing\02_LNG测试\260709\富瑞泵老程序测试_0709\600rpm\600.mp4,40.114172335600905,-32.56322184755366,-41.7146186358537,-33.126197178464615,9.15139678830003,-26.794057268037324
富瑞自研,600,C:\FRCloud\FRQ\04_Pump Development\06_HPDI低温泵_加密\03_Testing\02_LNG测试\260709\富瑞泵老程序测试_0709\600rpm\600.mp4,40.31587301587302,-38.18970685394403,-42.07969718944917,-40.468840124313566,3.889990335505148,-32.551249135857894
富瑞自研,600,C:\FRCloud\FRQ\04_Pump Development\06_HPDI低温泵_加密\03_Testing\02_LNG测试\260709\富瑞泵老程序测试_0709\600rpm\600.mp4,40.587755102040816,-41.449914571530385,-36.904168908524,-56.67870202433376,-4.545745663006378,-36.62769058946117
富瑞自研,600,C:\FRCloud\FRQ\04_Pump Development\06_HPDI低温泵_加密\03_Testing\02_LNG测试\260709\富瑞泵老程序测试_0709\600rpm\600.mp4,40.87714285714286,-41.4081454578223,-38.37487440144003,-56.636932910625674,-3.033271056382263,-36.40726906791315
富瑞自研,600,C:\FRCloud\FRQ\04_Pump Development\06_HPDI低温泵_加密\03_Testing\02_LNG测试\260709\富瑞泵老程序测试_0709\600rpm\600.mp4,41.25829931972789,-40.91652517552192,-40.82377359552903,-56.14531262832529,-0.09275157999288816,-36.711875440218
富瑞自研,600,C:\FRCloud\FRQ\04_Pump Development\06_HPDI低温泵_加密\03_Testing\02_LNG测试\260709\富瑞泵老程序测试_0709\600rpm\600.mp4,41.593718820861675,-40.770962754627945,-34.70327673311076,-55.99975020743132,-6.067686021517188,-35.87597673866381
富瑞自研,600,C:\FRCloud\FRQ\04_Pump Development\06_HPDI低温泵_加密\03_Testing\02_LNG测试\260709\富瑞泵老程序测试_0709\600rpm\600.mp4,41.82993197278912,-39.9933719911778,-34.227446999395575,-55.222159443981184,-5.76592499178223,-36.30702553200197
富瑞自研,600,C:\FRCloud\FRQ\04_Pump Development\06_HPDI低温泵_加密\03_Testing\02_LNG测试\260709\富瑞泵老程序测试_0709\600rpm\600.mp4,42.217551020408166,-29.096030189852478,-41.2266865873983,-29.37041866396823,12.130656397545822,-21.729232697438327
富瑞自研,700,C:\FRCloud\FRQ\04_Pump Development\06_HPDI低温泵_加密\03_Testing\02_LNG测试\260709\富瑞泵老程序测试_0709\700rpm\700.mp4,0.29070294784580497,-37.52840434598374,-37.57874670300629,-52.75719179878712,0.05034235702255214,-34.12426445108934
富瑞自研,700,C:\FRCloud\FRQ\04_Pump Development\06_HPDI低温泵_加密\03_Testing\02_LNG测试\260709\富瑞泵老程序测试_0709\700rpm\700.mp4,0.6342857142857142,-37.520376453441145,-37.82463249088958,-49.21706743027764,0.3042560374484302,-33.9849399905069
富瑞自研,700,C:\FRCloud\FRQ\04_Pump Development\06_HPDI低温泵_加密\03_Testing\02_LNG测试\260709\富瑞泵老程序测试_0709\700rpm\700.mp4,0.9878231292517007,-37.63943524330201,-29.68529203882553,-52.868222696105384,-7.954143204476482,-33.74049816438277
富瑞自研,700,C:\FRCloud\FRQ\04_Pump Development\06_HPDI低温泵_加密\03_Testing\02_LNG测试\260709\富瑞泵老程序测试_0709\700rpm\700.mp4,1.2400680272108844,-34.48047510676122,-35.012286064136354,-43.86393779257989,0.5318109573751381,-32.27338629068285
富瑞自研,700,C:\FRCloud\FRQ\04_Pump Development\06_HPDI低温泵_加密\03_Testing\02_LNG测试\260709\富瑞泵老程序测试_0709\700rpm\700.mp4,1.4357596371882086,-24.384629417083204,-38.55868065231329,-24.55399292636384,14.174051235230088,-15.740372005521905
富瑞自研,700,C:\FRCloud\FRQ\04_Pump Development\06_HPDI低温泵_加密\03_Testing\02_LNG测试\260709\富瑞泵老程序测试_0709\700rpm\700.mp4,1.713015873015873,-38.12434327003003,-31.244556671250553,-53.353130722833406,-6.879786598779477,-34.36765688136002
富瑞自研,700,C:\FRCloud\FRQ\04_Pump Development\06_HPDI低温泵_加密\03_Testing\02_LNG测试\260709\富瑞泵老程序测试_0709\700rpm\700.mp4,2.2269614512471656,-41.24097929268424,-34.81044783744714,-56.46976674548761,-6.430531455237095,-37.8042746024648
富瑞自研,700,C:\FRCloud\FRQ\04_Pump Development\06_HPDI低温泵_加密\03_Testing\02_LNG测试\260709\富瑞泵老程序测试_0709\700rpm\700.mp4,2.5605215419501133,-34.376753939291824,-39.38352646131678,-36.02451076947078,5.006772522024946,-29.397420859177473
富瑞自研,700,C:\FRCloud\FRQ\04_Pump Development\06_HPDI低温泵_加密\03_Testing\02_LNG测试\260709\富瑞泵老程序测试_0709\700rpm\700.mp4,3.2465079365079363,-37.37681684261381,-36.95405738890497,-52.60560429541719,-0.42275945370883855,-34.27903406121642
富瑞自研,700,C:\FRCloud\FRQ\04_Pump Development\06_HPDI低温泵_加密\03_Testing\02_LNG测试\260709\富瑞泵老程序测试_0709\700rpm\700.mp4,3.4897278911564626,-37.58559961002201,-30.68592378413007,-52.81438706282539,-6.899675825891942,-33.53360126640309
富瑞自研,700,C:\FRCloud\FRQ\04_Pump Development\06_HPDI低温泵_加密\03_Testing\02_LNG测试\260709\富瑞泵老程序测试_0709\700rpm\700.mp4,3.672312925170068,-37.6379438518136,-29.61141583126835,-52.86673130461698,-8.026528020545257,-33.485660258604206
富瑞自研,700,C:\FRCloud\FRQ\04_Pump Development\06_HPDI低温泵_加密\03_Testing\02_LNG测试\260709\富瑞泵老程序测试_0709\700rpm\700.mp4,3.9327437641723355,-38.169794418384996,-32.19262830472057,-53.398581871188384,-5.977166113664429,-34.11126732861389
富瑞自研,700,C:\FRCloud\FRQ\04_Pump Development\06_HPDI低温泵_加密\03_Testing\02_LNG测试\260709\富瑞泵老程序测试_0709\700rpm\700.mp4,4.172267573696145,-24.27192186825557,-38.842745002354704,-24.426232078690578,14.570823134099133,-15.696914677668385
富瑞自研,700,C:\FRCloud\FRQ\04_Pump Development\06_HPDI低温泵_加密\03_Testing\02_LNG测试\260709\富瑞泵老程序测试_0709\700rpm\700.mp4,4.941791383219955,-41.745993741942215,-34.39689444311451,-56.974781194745596,-7.349099298827703,-37.12691712932663
富瑞自研,700,C:\FRCloud\FRQ\04_Pump Development\06_HPDI低温泵_加密\03_Testing\02_LNG测试\260709\富瑞泵老程序测试_0709\700rpm\700.mp4,5.336009070294785,-34.91518771964741,-39.576812895691724,-36.73194872259491,4.661625176044318,-28.645767246565768
富瑞自研,700,C:\FRCloud\FRQ\04_Pump Development\06_HPDI低温泵_加密\03_Testing\02_LNG测试\260709\富瑞泵老程序测试_0709\700rpm\700.mp4,5.56281179138322,-39.33238741097975,-38.13518304974256,-54.561174863783116,-1.197204361237187,-35.11742461011806
富瑞自研,700,C:\FRCloud\FRQ\04_Pump Development\06_HPDI低温泵_加密\03_Testing\02_LNG测试\260709\富瑞泵老程序测试_0709\700rpm\700.mp4,5.7594557823129255,-37.85382807578025,-37.05132598552352,-53.082615528583624,-0.8025020902567315,-34.29047110031137
富瑞自研,700,C:\FRCloud\FRQ\04_Pump Development\06_HPDI低温泵_加密\03_Testing\02_LNG测试\260709\富瑞泵老程序测试_0709\700rpm\700.mp4,6.003832199546485,-37.63899009969562,-37.40557760730703,-52.86777755249899,-0.23341249238858555,-33.743815154636486
富瑞自研,700,C:\FRCloud\FRQ\04_Pump Development\06_HPDI低温泵_加密\03_Testing\02_LNG测试\260709\富瑞泵老程序测试_0709\700rpm\700.mp4,6.353492063492063,-38.01490174592738,-33.46822185369647,-53.24368919873076,-4.546679892230915,-34.468158158110924
富瑞自研,700,C:\FRCloud\FRQ\04_Pump Development\06_HPDI低温泵_加密\03_Testing\02_LNG测试\260709\富瑞泵老程序测试_0709\700rpm\700.mp4,6.789478458049887,-39.2884906223821,-36.617531850822886,-54.51727807518547,-2.6709587715592145,-34.118203277045765
富瑞自研,700,C:\FRCloud\FRQ\04_Pump Development\06_HPDI低温泵_加密\03_Testing\02_LNG测试\260709\富瑞泵老程序测试_0709\700rpm\700.mp4,7.016190476190476,-28.246330516960615,-40.05202646405514,-28.542781541082583,11.805695947094526,-19.9137792924155
富瑞自研,700,C:\FRCloud\FRQ\04_Pump Development\06_HPDI低温泵_加密\03_Testing\02_LNG测试\260709\富瑞泵老程序测试_0709\700rpm\700.mp4,8.280861678004536,-36.624133302237766,-41.7221158357238,-38.230441107092645,5.097982533486036,-30.550082760095528
富瑞自研,700,C:\FRCloud\FRQ\04_Pump Development\06_HPDI低温泵_加密\03_Testing\02_LNG测试\260709\富瑞泵老程序测试_0709\700rpm\700.mp4,8.51249433106576,-40.08403546065644,-40.055970718013214,-55.31282291345981,-0.028064742643229848,-34.97471583015853
富瑞自研,700,C:\FRCloud\FRQ\04_Pump Development\06_HPDI低温泵_加密\03_Testing\02_LNG测试\260709\富瑞泵老程序测试_0709\700rpm\700.mp4,8.85843537414966,-39.699695909558585,-38.5004331617969,-54.92848336236196,-1.1992627477616866,-35.81859722544121
富瑞自研,700,C:\FRCloud\FRQ\04_Pump Development\06_HPDI低温泵_加密\03_Testing\02_LNG测试\260709\富瑞泵老程序测试_0709\700rpm\700.mp4,9.302925170068027,-39.7649878188114,-35.22767987588862,-54.99377527161477,-4.537307942922779,-35.38805065016291
富瑞自研,700,C:\FRCloud\FRQ\04_Pump Development\06_HPDI低温泵_加密\03_Testing\02_LNG测试\260709\富瑞泵老程序测试_0709\700rpm\700.mp4,9.737006802721089,-41.21219200573588,-38.17266704666176,-56.44097945853926,-3.039524959074126,-35.75415394920266
富瑞自研,700,C:\FRCloud\FRQ\04_Pump Development\06_HPDI低温泵_加密\03_Testing\02_LNG测试\260709\富瑞泵老程序测试_0709\700rpm\700.mp4,9.954126984126985,-29.831390681891993,-41.74171623292946,-30.12054470828872,11.91032555103747,-22.46356883734011
富瑞自研,700,C:\FRCloud\FRQ\04_Pump Development\06_HPDI低温泵_加密\03_Testing\02_LNG测试\260709\富瑞泵老程序测试_0709\700rpm\700.mp4,11.217936507936509,-38.130047235372,-42.51532252244287,-40.097601341380276,4.3852752870708755,-31.69584368096034
富瑞自研,700,C:\FRCloud\FRQ\04_Pump Development\06_HPDI低温泵_加密\03_Testing\02_LNG测试\260709\富瑞泵老程序测试_0709\700rpm\700.mp4,11.978072562358276,-40.414011003820335,-40.820014823889764,-50.907973459933054,0.4060038200694252,-36.435562717211184
富瑞自研,700,C:\FRCloud\FRQ\04_Pump Development\06_HPDI低温泵_加密\03_Testing\02_LNG测试\260709\富瑞泵老程序测试_0709\700rpm\700.mp4,12.159591836734695,-40.37403709447293,-41.37355654843241,-47.24414676226825,0.9995194539594798,-36.110934581124205
富瑞自研,700,C:\FRCloud\FRQ\04_Pump Development\06_HPDI低温泵_加密\03_Testing\02_LNG测试\260709\富瑞泵老程序测试_0709\700rpm\700.mp4,12.588072562358276,-41.3323669258219,-36.87405212170801,-56.561154378625275,-4.458314804113883,-36.16080147134272
富瑞自研,700,C:\FRCloud\FRQ\04_Pump Development\06_HPDI低温泵_加密\03_Testing\02_LNG测试\260709\富瑞泵老程序测试_0709\700rpm\700.mp4,12.982743764172335,-32.47422352777707,-42.78187980311107,-32.89892187134396,10.307656275334002,-24.61354148129262
富瑞自研,700,C:\FRCloud\FRQ\04_Pump Development\06_HPDI低温泵_加密\03_Testing\02_LNG测试\260709\富瑞泵老程序测试_0709\700rpm\700.mp4,13.197528344671202,-42.280597350439926,-43.46991255674645,-48.48656624096071,1.189315206306527,-36.037624109192734
富瑞自研,700,C:\FRCloud\FRQ\04_Pump Development\06_HPDI低温泵_加密\03_Testing\02_LNG测试\260709\富瑞泵老程序测试_0709\700rpm\700.mp4,14.105419501133786,-36.47609810221525,-43.264130467109865,-37.49711311393042,6.788032364894606,-31.46041340201706
富瑞自研,700,C:\FRCloud\FRQ\04_Pump Development\06_HPDI低温泵_加密\03_Testing\02_LNG测试\260709\富瑞泵老程序测试_0709\700rpm\700.mp4,14.316349206349207,-41.63875587166845,-42.47513548216676,-49.204045121651845,0.836379610498313,-36.940906142297074
富瑞自研,700,C:\FRCloud\FRQ\04_Pump Development\06_HPDI低温泵_加密\03_Testing\02_LNG测试\260709\富瑞泵老程序测试_0709\700rpm\700.mp4,14.584671201814059,-41.27825225415564,-39.64959804313908,-56.50703970695901,-1.6286542110165576,-37.34281370182833
富瑞自研,700,C:\FRCloud\FRQ\04_Pump Development\06_HPDI低温泵_加密\03_Testing\02_LNG测试\260709\富瑞泵老程序测试_0709\700rpm\700.mp4,16.018956916099775,-34.879109766842596,-43.976112227047004,-35.44966760957831,9.097002460204408,-26.9878417492326
富瑞自研,700,C:\FRCloud\FRQ\04_Pump Development\06_HPDI低温泵_加密\03_Testing\02_LNG测试\260709\富瑞泵老程序测试_0709\700rpm\700.mp4,17.246757369614514,-38.32775336904711,-43.80210828618985,-39.77563670759309,5.4743549171427395,-33.01741337810894
富瑞自研,700,C:\FRCloud\FRQ\04_Pump Development\06_HPDI低温泵_加密\03_Testing\02_LNG测试\260709\富瑞泵老程序测试_0709\700rpm\700.mp4,18.302312925170067,-41.82078383422761,-37.12079246936964,-57.049571287030986,-4.6999913648579685,-37.427532704684936
富瑞自研,700,C:\FRCloud\FRQ\04_Pump Development\06_HPDI低温泵_加密\03_Testing\02_LNG测试\260709\富瑞泵老程序测试_0709\700rpm\700.mp4,18.96251700680272,-31.60683891226556,-43.78247716920956,-31.87830984130776,12.175638256944,-24.771178037882304
富瑞自研,700,C:\FRCloud\FRQ\04_Pump Development\06_HPDI低温泵_加密\03_Testing\02_LNG测试\260709\富瑞泵老程序测试_0709\700rpm\700.mp4,20.08501133786848,-38.19000692526367,-45.178959189880274,-39.15929402014973,6.988952264616602,-33.51447364862124
富瑞自研,700,C:\FRCloud\FRQ\04_Pump Development\06_HPDI低温泵_加密\03_Testing\02_LNG测试\260709\富瑞泵老程序测试_0709\700rpm\700.mp4,21.340725623582767,-42.353650363042135,-41.10056179808321,-57.58243781584551,-1.2530885649589298,-38.202301359157396
富瑞自研,700,C:\FRCloud\FRQ\04_Pump Development\06_HPDI低温泵_加密\03_Testing\02_LNG测试\260709\富瑞泵老程序测试_0709\700rpm\700.mp4,21.994126984126986,-37.18453635201627,-45.05175916666144,-37.959407881388735,7.867222814645174,-29.514572706237008
富瑞自研,700,C:\FRCloud\FRQ\04_Pump Development\06_HPDI低温泵_加密\03_Testing\02_LNG测试\260709\富瑞泵老程序测试_0709\700rpm\700.mp4,23.118072562358275,-37.22167126128187,-45.37085242035178,-37.943542837660466,8.14918115906991,-31.637356374107483
富瑞自研,700,C:\FRCloud\FRQ\04_Pump Development\06_HPDI低温泵_加密\03_Testing\02_LNG测试\260709\富瑞泵老程序测试_0709\700rpm\700.mp4,25.03251700680272,-36.369293154065254,-44.96236350298753,-37.015524874604225,8.593070348922272,-28.42828176017167
富瑞自研,700,C:\FRCloud\FRQ\04_Pump Development\06_HPDI低温泵_加密\03_Testing\02_LNG测试\260709\富瑞泵老程序测试_0709\700rpm\700.mp4,26.308639455782313,-39.124535082713244,-44.77495467657616,-40.50467610167867,5.650419593862917,-33.545655767775195
富瑞自研,700,C:\FRCloud\FRQ\04_Pump Development\06_HPDI低温泵_加密\03_Testing\02_LNG测试\260709\富瑞泵老程序测试_0709\700rpm\700.mp4,27.97981859410431,-31.924463989003083,-44.16553551551062,-32.191747898720955,12.241071526507541,-24.854186459735345
富瑞自研,700,C:\FRCloud\FRQ\04_Pump Development\06_HPDI低温泵_加密\03_Testing\02_LNG测试\260709\富瑞泵老程序测试_0709\700rpm\700.mp4,29.243990929705216,-39.22207139129229,-45.02320094122511,-40.547151369187866,5.801129549932828,-33.757955721269866
富瑞自研,700,C:\FRCloud\FRQ\04_Pump Development\06_HPDI低温泵_加密\03_Testing\02_LNG测试\260709\富瑞泵老程序测试_0709\700rpm\700.mp4,30.168639455782312,-42.26905695609433,-43.09045452164753,-49.90559358234928,0.8213975655531941,-38.064077249219935
富瑞自研,700,C:\FRCloud\FRQ\04_Pump Development\06_HPDI低温泵_加密\03_Testing\02_LNG测试\260709\富瑞泵老程序测试_0709\700rpm\700.mp4,30.61766439909297,-42.625013990021124,-38.440697872942266,-57.8538014428245,-4.184316117078856,-38.19505577588318
富瑞自研,700,C:\FRCloud\FRQ\04_Pump Development\06_HPDI低温泵_加密\03_Testing\02_LNG测试\260709\富瑞泵老程序测试_0709\700rpm\700.mp4,31.01689342403628,-33.8382614611783,-44.624017351941305,-34.21669808637648,10.785755890763003,-26.182059871470745
富瑞自研,700,C:\FRCloud\FRQ\04_Pump Development\06_HPDI低温泵_加密\03_Testing\02_LNG测试\260709\富瑞泵老程序测试_0709\700rpm\700.mp4,32.29102040816326,-40.149718067358094,-44.847838748401145,-41.94764312913619,4.698120681043042,-33.87408521416046
富瑞自研,700,C:\FRCloud\FRQ\04_Pump Development\06_HPDI低温泵_加密\03_Testing\02_LNG测试\260709\富瑞泵老程序测试_0709\700rpm\700.mp4,33.47861678004535,-42.333193407031814,-40.654970402524945,-57.56198085983519,-1.6782230045068647,-38.28808295824778
富瑞自研,700,C:\FRCloud\FRQ\04_Pump Development\06_HPDI低温泵_加密\03_Testing\02_LNG测试\260709\富瑞泵老程序测试_0709\700rpm\700.mp4,34.149795918367346,-36.38277664445462,-44.868575309069925,-37.04646853939573,8.485798664615299,-28.780140896570664
富瑞自研,700,C:\FRCloud\FRQ\04_Pump Development\06_HPDI低温泵_加密\03_Testing\02_LNG测试\260709\富瑞泵老程序测试_0709\700rpm\700.mp4,35.284126984126985,-37.13289738465412,-44.6107580293011,-37.98807366202966,7.477860644646974,-32.282277817889536
富瑞自研,700,C:\FRCloud\FRQ\04_Pump Development\06_HPDI低温泵_加密\03_Testing\02_LNG测试\260709\富瑞泵老程序测试_0709\700rpm\700.mp4,35.482630385487525,-41.92665782815923,-44.02307139594705,-46.095854074770884,2.096413567787824,-36.548874656345106
富瑞自研,700,C:\FRCloud\FRQ\04_Pump Development\06_HPDI低温泵_加密\03_Testing\02_LNG测试\260709\富瑞泵老程序测试_0709\700rpm\700.mp4,36.14111111111111,-41.8423123770024,-41.965902172248704,-57.071099829805775,0.12358979524630458,-37.75536840349768
富瑞自研,700,C:\FRCloud\FRQ\04_Pump Development\06_HPDI低温泵_加密\03_Testing\02_LNG测试\260709\富瑞泵老程序测试_0709\700rpm\700.mp4,37.19242630385487,-35.782619495305006,-44.40660999212338,-36.42391077658467,8.623990496818376,-28.13461692373751
富瑞自研,700,C:\FRCloud\FRQ\04_Pump Development\06_HPDI低温泵_加密\03_Testing\02_LNG测试\260709\富瑞泵老程序测试_0709\700rpm\700.mp4,38.46916099773242,-39.32526213106853,-44.81707098159994,-40.766258481127025,5.491808850531416,-33.142227347689015
富瑞自研,700,C:\FRCloud\FRQ\04_Pump Development\06_HPDI低温泵_加密\03_Testing\02_LNG测试\260709\富瑞泵老程序测试_0709\700rpm\700.mp4,39.34537414965986,-41.759223781443886,-31.3790077360335,-56.98801123424726,-10.38021604541039,-37.89383151568076
富瑞自研,700,C:\FRCloud\FRQ\04_Pump Development\06_HPDI低温泵_加密\03_Testing\02_LNG测试\260709\富瑞泵老程序测试_0709\700rpm\700.mp4,39.610294784580496,-41.93965582596289,-34.687161356418564,-57.168443278766276,-7.252494469544326,-37.863620413078635
富瑞自研,700,C:\FRCloud\FRQ\04_Pump Development\06_HPDI低温泵_加密\03_Testing\02_LNG测试\260709\富瑞泵老程序测试_0709\700rpm\700.mp4,39.8253514739229,-25.804462351972454,-41.15074681304521,-25.933161277307903,15.346284461072756,-17.975188060675432
富瑞自研,700,C:\FRCloud\FRQ\04_Pump Development\06_HPDI低温泵_加密\03_Testing\02_LNG测试\260709\富瑞泵老程序测试_0709\700rpm\700.mp4,40.01063492063492,-35.208094378818146,-42.41443837377628,-36.12468099413553,7.206343994958139,-30.451354320858258
富瑞自研,700,C:\FRCloud\FRQ\04_Pump Development\06_HPDI低温泵_加密\03_Testing\02_LNG测试\260709\富瑞泵老程序测试_0709\700rpm\700.mp4,40.312448979591835,-42.48759843436613,-31.387873278381846,-57.71638588716951,-11.099725155984281,-36.79304003441925
富瑞自研,700,C:\FRCloud\FRQ\04_Pump Development\06_HPDI低温泵_加密\03_Testing\02_LNG测试\260709\富瑞泵老程序测试_0709\700rpm\700.mp4,41.10852607709751,-39.8324192626493,-42.98798711508407,-42.70215355246669,3.1555678524347592,-34.54191552362871
富瑞自研,700,C:\FRCloud\FRQ\04_Pump Development\06_HPDI低温泵_加密\03_Testing\02_LNG测试\260709\富瑞泵老程序测试_0709\700rpm\700.mp4,41.59312925170068,-41.40290589556227,-41.075687448749754,-56.631693348365644,-0.3272184468125127,-36.98700211292011
富瑞自研,700,C:\FRCloud\FRQ\04_Pump Development\06_HPDI低温泵_加密\03_Testing\02_LNG测试\260709\富瑞泵老程序测试_0709\700rpm\700.mp4,42.56596371882086,-25.83030631036284,-40.2010458395623,-25.992029168820498,14.370739529199456,-16.83233816031091
富瑞自研,700,C:\FRCloud\FRQ\04_Pump Development\06_HPDI低温泵_加密\03_Testing\02_LNG测试\260709\富瑞泵老程序测试_0709\700rpm\700.mp4,42.761428571428574,-35.33533626915288,-41.70551790607645,-36.47418176646994,6.3701816369235615,-31.436616405542065
富瑞自研,700,C:\FRCloud\FRQ\04_Pump Development\06_HPDI低温泵_加密\03_Testing\02_LNG测试\260709\富瑞泵老程序测试_0709\700rpm\700.mp4,42.948798185941044,-38.33557837267336,-31.547577630563396,-53.564365825476735,-6.788000742109965,-33.78463455335377
富瑞自研,700,C:\FRCloud\FRQ\04_Pump Development\06_HPDI低温泵_加密\03_Testing\02_LNG测试\260709\富瑞泵老程序测试_0709\700rpm\700.mp4,43.687006802721086,-37.71517020755488,-41.76384199182028,-39.888082894736634,4.0486717842654025,-33.13641775216623
富瑞自研,700,C:\FRCloud\FRQ\04_Pump Development\06_HPDI低温泵_加密\03_Testing\02_LNG测试\260709\富瑞泵老程序测试_0709\700rpm\700.mp4,44.807913832199546,-41.04398369992189,-31.292639295304326,-56.27277115272526,-9.751344404617562,-36.85565991524964
富瑞自研,700,C:\FRCloud\FRQ\04_Pump Development\06_HPDI低温泵_加密\03_Testing\02_LNG测试\260709\富瑞泵老程序测试_0709\700rpm\700.mp4,45.29802721088436,-25.751667862347997,-41.072321090496246,-25.881140058817927,15.320653228148245,-17.579686385286685
富瑞自研,700,C:\FRCloud\FRQ\04_Pump Development\06_HPDI低温泵_加密\03_Testing\02_LNG测试\260709\富瑞泵老程序测试_0709\700rpm\700.mp4,45.488027210884354,-36.33684712891583,-42.239883619639116,-37.626140307735966,5.903036490723284,-32.55726682829478
富瑞自研,700,C:\FRCloud\FRQ\04_Pump Development\06_HPDI低温泵_加密\03_Testing\02_LNG测试\260709\富瑞泵老程序测试_0709\700rpm\700.mp4,46.52950113378685,-38.486048838857315,-42.83562379727414,-40.47419575279697,4.349574958416821,-33.31897846634859
富瑞自研,700,C:\FRCloud\FRQ\04_Pump Development\06_HPDI低温泵_加密\03_Testing\02_LNG测试\260709\富瑞泵老程序测试_0709\700rpm\700.mp4,47.13546485260771,-41.130343330991735,-40.54166492588223,-56.35913078379511,-0.5886784051095098,-37.01446599923783
富瑞自研,700,C:\FRCloud\FRQ\04_Pump Development\06_HPDI低温泵_加密\03_Testing\02_LNG测试\260709\富瑞泵老程序测试_0709\700rpm\700.mp4,47.4859410430839,-41.209002897323906,-34.34826538656399,-56.43779035012728,-6.860737510759916,-37.393459076776644
富瑞自研,700,C:\FRCloud\FRQ\04_Pump Development\06_HPDI低温泵_加密\03_Testing\02_LNG测试\260709\富瑞泵老程序测试_0709\700rpm\700.mp4,48.14591836734694,-28.44703383356187,-42.62423646894178,-28.616272065955126,14.17720263537991,-19.6133754350385
富瑞自研,700,C:\FRCloud\FRQ\04_Pump Development\06_HPDI低温泵_加密\03_Testing\02_LNG测试\260709\富瑞泵老程序测试_0709\700rpm\700.mp4,48.33566893424036,-39.32717633352327,-43.1111349653283,-41.681022000721654,3.7839586318050227,-33.96512132973643
富瑞自研,700,C:\FRCloud\FRQ\04_Pump Development\06_HPDI低温泵_加密\03_Testing\02_LNG测试\260709\富瑞泵老程序测试_0709\700rpm\700.mp4,49.36331065759637,-39.72246749408977,-43.50858290576362,-42.07476217078575,3.786115411673852,-34.50818420402378
富瑞自研,700,C:\FRCloud\FRQ\04_Pump Development\06_HPDI低温泵_加密\03_Testing\02_LNG测试\260709\富瑞泵老程序测试_0709\700rpm\700.mp4,50.09743764172335,-41.276592882869245,-41.67373955247004,-51.86198695152774,0.397146669600793,-37.23799388640566
富瑞自研,700,C:\FRCloud\FRQ\04_Pump Development\06_HPDI低温泵_加密\03_Testing\02_LNG测试\260709\富瑞泵老程序测试_0709\700rpm\700.mp4,50.34356009070295,-41.12501314632592,-41.400209950198544,-53.243294235466,0.27519680387263035,-36.87385793830938
富瑞自研,700,C:\FRCloud\FRQ\04_Pump Development\06_HPDI低温泵_加密\03_Testing\02_LNG测试\260709\富瑞泵老程序测试_0709\700rpm\700.mp4,50.78097505668934,-41.37089658202334,-36.24822051351364,-56.599684034826716,-5.122676068509708,-36.24590385281199
富瑞自研,700,C:\FRCloud\FRQ\04_Pump Development\06_HPDI低温泵_加密\03_Testing\02_LNG测试\260709\富瑞泵老程序测试_0709\700rpm\700.mp4,51.08750566893424,-31.334081487248913,-43.38598245909697,-31.613656250220174,12.051900971848058,-23.997278561127494
富瑞自研,700,C:\FRCloud\FRQ\04_Pump Development\06_HPDI低温泵_加密\03_Testing\02_LNG测试\260709\富瑞泵老程序测试_0709\700rpm\700.mp4,52.35517006802721,-39.782375016893795,-44.404453836966866,-41.61981993069354,4.622078820073062,-34.65177878283141
富瑞自研,700,C:\FRCloud\FRQ\04_Pump Development\06_HPDI低温泵_加密\03_Testing\02_LNG测试\260709\富瑞泵老程序测试_0709\700rpm\700.mp4,53.6408843537415,-42.035111975459394,-37.9495330185095,-57.26389942826277,-4.085578956949888,-37.905503086980644
富瑞自研,700,C:\FRCloud\FRQ\04_Pump Development\06_HPDI低温泵_加密\03_Testing\02_LNG测试\260709\富瑞泵老程序测试_0709\700rpm\700.mp4,54.116893424036284,-33.36318363828092,-44.079937341490094,-33.747957536755926,10.716753703209175,-25.893386050856897
富瑞自研,700,C:\FRCloud\FRQ\04_Pump Development\06_HPDI低温泵_加密\03_Testing\02_LNG测试\260709\富瑞泵老程序测试_0709\700rpm\700.mp4,55.24249433106576,-37.31082580673784,-44.6273066273607,-38.201933149344995,7.316480820622864,-32.076459333121825
富瑞自研,700,C:\FRCloud\FRQ\04_Pump Development\06_HPDI低温泵_加密\03_Testing\02_LNG测试\260709\富瑞泵老程序测试_0709\700rpm\700.mp4,55.434943310657594,-42.13006326164656,-43.52433472299518,-47.7429338462655,1.394271461348621,-36.073622582392815
富瑞自研,700,C:\FRCloud\FRQ\04_Pump Development\06_HPDI低温泵_加密\03_Testing\02_LNG测试\260709\富瑞泵老程序测试_0709\700rpm\700.mp4,55.98424036281179,-41.42307316155065,-41.10236854070748,-56.65186061435403,-0.3207046208431723,-37.14293276027575
富瑞自研,700,C:\FRCloud\FRQ\04_Pump Development\06_HPDI低温泵_加密\03_Testing\02_LNG测试\260709\富瑞泵老程序测试_0709\700rpm\700.mp4,57.150408163265304,-35.442113860168256,-43.68204963640055,-36.14777490844058,8.239935776232304,-27.771882920782495
富瑞自研,800,C:\FRCloud\FRQ\04_Pump Development\06_HPDI低温泵_加密\03_Testing\02_LNG测试\260709\富瑞泵老程序测试_0709\800rpm\800.mp4,0.17732426303854876,-41.98743619620242,-39.37326006349312,-57.21622364900579,-2.6141761327092987,-36.095171778755166
富瑞自研,800,C:\FRCloud\FRQ\04_Pump Development\06_HPDI低温泵_加密\03_Testing\02_LNG测试\260709\富瑞泵老程序测试_0709\800rpm\800.mp4,0.3767120181405896,-36.73704404151388,-40.77637348718723,-38.916033189233495,4.03932944567334,-32.89113421058029
富瑞自研,800,C:\FRCloud\FRQ\04_Pump Development\06_HPDI低温泵_加密\03_Testing\02_LNG测试\260709\富瑞泵老程序测试_0709\800rpm\800.mp4,0.9356235827664399,-39.818319434377536,-39.23543163100175,-55.04710688718092,-0.5828878033757855,-35.03120134307765
富瑞自研,800,C:\FRCloud\FRQ\04_Pump Development\06_HPDI低温泵_加密\03_Testing\02_LNG测试\260709\富瑞泵老程序测试_0709\800rpm\800.mp4,1.7193197278911565,-41.911860992102405,-38.23701109673589,-57.140648444905786,-3.674849895366516,-36.79809401763442
富瑞自研,800,C:\FRCloud\FRQ\04_Pump Development\06_HPDI低温泵_加密\03_Testing\02_LNG测试\260709\富瑞泵老程序测试_0709\800rpm\800.mp4,2.149954648526077,-34.52418964804811,-42.897464404731984,-35.20674473959183,8.373274756683873,-26.487921700118527
富瑞自研,800,C:\FRCloud\FRQ\04_Pump Development\06_HPDI低温泵_加密\03_Testing\02_LNG测试\260709\富瑞泵老程序测试_0709\800rpm\800.mp4,3.1481632653061222,-39.95885754884336,-44.611512111007194,-41.780285335495606,4.652654562163829,-34.28759370286214
富瑞自研,800,C:\FRCloud\FRQ\04_Pump Development\06_HPDI低温泵_加密\03_Testing\02_LNG测试\260709\富瑞泵老程序测试_0709\800rpm\800.mp4,3.8248526077097504,-42.72364934816031,-41.76874892982867,-57.95243680096368,-0.9549004183316323,-38.45537583984491
富瑞自研,800,C:\FRCloud\FRQ\04_Pump Development\06_HPDI低温泵_加密\03_Testing\02_LNG测试\260709\富瑞泵老程序测试_0709\800rpm\800.mp4,4.3586167800453515,-41.45098401342092,-37.62434877137366,-56.679771466224295,-3.8266352420472542,-36.94436400146479
富瑞自研,800,C:\FRCloud\FRQ\04_Pump Development\06_HPDI低温泵_加密\03_Testing\02_LNG测试\260709\富瑞泵老程序测试_0709\800rpm\800.mp4,4.788253968253969,-32.69721876425433,-43.42146840548108,-33.08129888784431,10.724249641226752,-25.397536152343754
富瑞自研,800,C:\FRCloud\FRQ\04_Pump Development\06_HPDI低温泵_加密\03_Testing\02_LNG测试\260709\富瑞泵老程序测试_0709\800rpm\800.mp4,5.522857142857143,-44.9197459615291,-39.39163199938393,-60.148533414332476,-5.528113962145169,-39.043851416066325
富瑞自研,800,C:\FRCloud\FRQ\04_Pump Development\06_HPDI低温泵_加密\03_Testing\02_LNG测试\260709\富瑞泵老程序测试_0709\800rpm\800.mp4,5.791814058956916,-40.22876016489808,-43.8998268325941,-42.665678000249926,3.6710666676960164,-34.20789048078011
富瑞自研,800,C:\FRCloud\FRQ\04_Pump Development\06_HPDI低温泵_加密\03_Testing\02_LNG测试\260709\富瑞泵老程序测试_0709\800rpm\800.mp4,6.246825396825397,-42.408294766184554,-42.081260354155916,-57.63708221898793,-0.32703441202864103,-37.558016935346174
富瑞自研,800,C:\FRCloud\FRQ\04_Pump Development\06_HPDI低温泵_加密\03_Testing\02_LNG测试\260709\富瑞泵老程序测试_0709\800rpm\800.mp4,6.469569160997732,-42.07574681714247,-41.69214152310264,-57.30453426994585,-0.38360529403982724,-38.721780787477925
富瑞自研,800,C:\FRCloud\FRQ\04_Pump Development\06_HPDI低温泵_加密\03_Testing\02_LNG测试\260709\富瑞泵老程序测试_0709\800rpm\800.mp4,7.013287981859411,-41.06454252357341,-37.45239327285229,-56.29332997637678,-3.612149250721111,-35.40847439029604
富瑞自研,800,C:\FRCloud\FRQ\04_Pump Development\06_HPDI低温泵_加密\03_Testing\02_LNG测试\260709\富瑞泵老程序测试_0709\800rpm\800.mp4,7.424421768707483,-32.65391448115522,-43.048112475460385,-33.06981915670205,10.394197994305172,-24.977051041318518
富瑞自研,800,C:\FRCloud\FRQ\04_Pump Development\06_HPDI低温泵_加密\03_Testing\02_LNG测试\260709\富瑞泵老程序测试_0709\800rpm\800.mp4,8.202766439909297,-42.85010480858503,-41.038043446956614,-58.078892261388404,-1.8120613616284122,-38.42368179153097
富瑞自研,800,C:\FRCloud\FRQ\04_Pump Development\06_HPDI低温泵_加密\03_Testing\02_LNG测试\260709\富瑞泵老程序测试_0709\800rpm\800.mp4,8.399206349206349,-39.39252018846216,-43.76512692273809,-41.36735129268324,4.372606734275936,-34.28999671987532
富瑞自研,800,C:\FRCloud\FRQ\04_Pump Development\06_HPDI低温泵_加密\03_Testing\02_LNG测试\260709\富瑞泵老程序测试_0709\800rpm\800.mp4,8.579727891156463,-41.48824579445513,-43.537803934571386,-45.73403824258608,2.0495581401162544,-36.18360128801157
富瑞自研,800,C:\FRCloud\FRQ\04_Pump Development\06_HPDI低温泵_加密\03_Testing\02_LNG测试\260709\富瑞泵老程序测试_0709\800rpm\800.mp4,8.824013605442177,-42.48517216189934,-41.71832068548795,-57.713959614702716,-0.7668514764113842,-38.00572245210445
富瑞自研,800,C:\FRCloud\FRQ\04_Pump Development\06_HPDI低温泵_加密\03_Testing\02_LNG测试\260709\富瑞泵老程序测试_0709\800rpm\800.mp4,9.19968253968254,-42.05271277817182,-41.872064165277536,-57.2815002309752,-0.18064861289428535,-37.691931061384196
富瑞自研,800,C:\FRCloud\FRQ\04_Pump Development\06_HPDI低温泵_加密\03_Testing\02_LNG测试\260709\富瑞泵老程序测试_0709\800rpm\800.mp4,9.42546485260771,-42.31476186438385,-42.24995366956129,-57.54354931718723,-0.06480819482255282,-38.23340811195726
富瑞自研,800,C:\FRCloud\FRQ\04_Pump Development\06_HPDI低温泵_加密\03_Testing\02_LNG测试\260709\富瑞泵老程序测试_0709\800rpm\800.mp4,10.153628117913833,-34.74039505038057,-43.544620328114334,-35.35368444706173,8.804225277733762,-26.71923626016916
富瑞自研,800,C:\FRCloud\FRQ\04_Pump Development\06_HPDI低温泵_加密\03_Testing\02_LNG测试\260709\富瑞泵老程序测试_0709\800rpm\800.mp4,11.153628117913833,-39.90757008195785,-44.10909898145481,-41.98404250877404,4.201528899496952,-35.302526323475234
富瑞自研,800,C:\FRCloud\FRQ\04_Pump Development\06_HPDI低温泵_加密\03_Testing\02_LNG测试\260709\富瑞泵老程序测试_0709\800rpm\800.mp4,11.418866213151928,-43.83652507325809,-42.80999072434892,-59.06531252606146,-1.0265343489091614,-37.83688566080039
富瑞自研,800,C:\FRCloud\FRQ\04_Pump Development\06_HPDI低温泵_加密\03_Testing\02_LNG测试\260709\富瑞泵老程序测试_0709\800rpm\800.mp4,11.925510204081633,-42.25785874754568,-41.9231806958761,-57.48664620034906,-0.3346780516695882,-37.31720816332203
富瑞自研,800,C:\FRCloud\FRQ\04_Pump Development\06_HPDI低温泵_加密\03_Testing\02_LNG测试\260709\富瑞泵老程序测试_0709\800rpm\800.mp4,12.379433106575963,-40.481932133332485,-39.033473910315564,-55.71071958613586,-1.4484582230169227,-35.98774631489951
富瑞自研,800,C:\FRCloud\FRQ\04_Pump Development\06_HPDI低温泵_加密\03_Testing\02_LNG测试\260709\富瑞泵老程序测试_0709\800rpm\800.mp4,12.889569160997732,-34.664553567784296,-43.10516604413231,-35.335751860328635,8.440612476348017,-26.85067494190679
富瑞自研,800,C:\FRCloud\FRQ\04_Pump Development\06_HPDI低温泵_加密\03_Testing\02_LNG测试\260709\富瑞泵老程序测试_0709\800rpm\800.mp4,13.891587301587302,-39.037879251275356,-43.539190024138854,-40.9403051133513,4.501310772863504,-33.867114399353
富瑞自研,800,C:\FRCloud\FRQ\04_Pump Development\06_HPDI低温泵_加密\03_Testing\02_LNG测试\260709\富瑞泵老程序测试_0709\800rpm\800.mp4,14.646666666666667,-41.366864979618406,-29.71929040936553,-56.59565243242178,-11.647574570252878,-36.83265046845279
富瑞自研,800,C:\FRCloud\FRQ\04_Pump Development\06_HPDI低温泵_加密\03_Testing\02_LNG测试\260709\富瑞泵老程序测试_0709\800rpm\800.mp4,15.226984126984126,-23.959377362622867,-38.843877859403925,-24.102755671724427,14.884500496781062,-15.141917461904537
富瑞自研,800,C:\FRCloud\FRQ\04_Pump Development\06_HPDI低温泵_加密\03_Testing\02_LNG测试\260709\富瑞泵老程序测试_0709\800rpm\800.mp4,15.422630385487528,-33.572014547240585,-41.1827852164827,-34.398795932028825,7.610770669242104,-30.241796408245577
富瑞自研,800,C:\FRCloud\FRQ\04_Pump Development\06_HPDI低温泵_加密\03_Testing\02_LNG测试\260709\富瑞泵老程序测试_0709\800rpm\800.mp4,15.91875283446712,-41.74327994349747,-29.221344025691494,-56.972067396300844,-12.521935917805978,-37.47232516649713
富瑞自研,800,C:\FRCloud\FRQ\04_Pump Development\06_HPDI低温泵_加密\03_Testing\02_LNG测试\260709\富瑞泵老程序测试_0709\800rpm\800.mp4,16.24140589569161,-37.19070323012139,-39.24766597320867,-41.42424550086881,2.056962743087275,-30.009546784035344
富瑞自研,800,C:\FRCloud\FRQ\04_Pump Development\06_HPDI低温泵_加密\03_Testing\02_LNG测试\260709\富瑞泵老程序测试_0709\800rpm\800.mp4,16.48328798185941,-40.98511243947681,-40.78023987036662,-56.213899892280196,-0.20487256911019563,-37.414139457047916
富瑞自研,800,C:\FRCloud\FRQ\04_Pump Development\06_HPDI低温泵_加密\03_Testing\02_LNG测试\260709\富瑞泵老程序测试_0709\800rpm\800.mp4,16.68485260770975,-40.0596583599932,-40.00997941297246,-55.288445812796574,-0.049678947020736317,-36.101735511968315
富瑞自研,800,C:\FRCloud\FRQ\04_Pump Development\06_HPDI低温泵_加密\03_Testing\02_LNG测试\260709\富瑞泵老程序测试_0709\800rpm\800.mp4,17.462380952380954,-39.12986966821089,-36.92971468192622,-54.35865712101426,-2.2001549862846703,-33.539058903468145
富瑞自研,800,C:\FRCloud\FRQ\04_Pump Development\06_HPDI低温泵_加密\03_Testing\02_LNG测试\260709\富瑞泵老程序测试_0709\800rpm\800.mp4,17.666961451247165,-27.254176152792574,-41.47682440668688,-27.42161826468599,14.2226482538943,-18.96679643537398
富瑞自研,800,C:\FRCloud\FRQ\04_Pump Development\06_HPDI低温泵_加密\03_Testing\02_LNG测试\260709\富瑞泵老程序测试_0709\800rpm\800.mp4,18.34401360544218,-42.971720559550086,-32.444975195227535,-58.20050801235347,-10.526745364322554,-37.7766426099655
富瑞自研,800,C:\FRCloud\FRQ\04_Pump Development\06_HPDI低温泵_加密\03_Testing\02_LNG测试\260709\富瑞泵老程序测试_0709\800rpm\800.mp4,18.678321995464852,-38.42937255252216,-41.95837368586561,-40.976365366603844,3.529001133343452,-31.752547639161314
富瑞自研,800,C:\FRCloud\FRQ\04_Pump Development\06_HPDI低温泵_加密\03_Testing\02_LNG测试\260709\富瑞泵老程序测试_0709\800rpm\800.mp4,19.115079365079364,-41.058179222663995,-40.80935377743052,-56.28696667546737,-0.24882544523346609,-36.42267040912843
富瑞自研,800,C:\FRCloud\FRQ\04_Pump Development\06_HPDI低温泵_加密\03_Testing\02_LNG测试\260709\富瑞泵老程序测试_0709\800rpm\800.mp4,19.582902494331066,-41.6528343951551,-33.59372889099268,-56.88162184795847,-8.059105504162417,-37.79873263508896
富瑞自研,800,C:\FRCloud\FRQ\04_Pump Development\06_HPDI低温泵_加密\03_Testing\02_LNG测试\260709\富瑞泵老程序测试_0709\800rpm\800.mp4,19.88020408163265,-41.16073833535863,-37.30262768838411,-56.389525788162004,-3.858110646974512,-35.682294652488984
富瑞自研,800,C:\FRCloud\FRQ\04_Pump Development\06_HPDI低温泵_加密\03_Testing\02_LNG测试\260709\富瑞泵老程序测试_0709\800rpm\800.mp4,20.09956916099773,-28.243745855175444,-42.22928237203911,-28.42077802825774,13.985536516863665,-20.140123590862
富瑞自研,800,C:\FRCloud\FRQ\04_Pump Development\06_HPDI低温泵_加密\03_Testing\02_LNG测试\260709\富瑞泵老程序测试_0709\800rpm\800.mp4,20.374444444444446,-40.75111309533156,-35.48893100797895,-55.97990054813494,-5.262182087352615,-36.32992932054271
富瑞自研,800,C:\FRCloud\FRQ\04_Pump Development\06_HPDI低温泵_加密\03_Testing\02_LNG测试\260709\富瑞泵老程序测试_0709\800rpm\800.mp4,21.182312925170066,-39.2386639738926,-43.26185131666581,-41.4282033251968,4.023187342773214,-33.70232721052857
富瑞自研,800,C:\FRCloud\FRQ\04_Pump Development\06_HPDI低温泵_加密\03_Testing\02_LNG测试\260709\富瑞泵老程序测试_0709\800rpm\800.mp4,21.40859410430839,-42.78517105298302,-43.37986113132506,-51.714059790747946,0.5946900783420451,-37.19565998469679
富瑞自研,800,C:\FRCloud\FRQ\04_Pump Development\06_HPDI低温泵_加密\03_Testing\02_LNG测试\260709\富瑞泵老程序测试_0709\800rpm\800.mp4,21.616213151927436,-42.29587161110378,-41.768370329747285,-57.52465906390715,-0.5275012813564909,-37.718225010455456
富瑞自研,800,C:\FRCloud\FRQ\04_Pump Development\06_HPDI低温泵_加密\03_Testing\02_LNG测试\260709\富瑞泵老程序测试_0709\800rpm\800.mp4,22.418866213151926,-40.019981501318384,-36.35935409084766,-55.24876895412176,-3.660627410470717,-36.51153311270791
富瑞自研,800,C:\FRCloud\FRQ\04_Pump Development\06_HPDI低温泵_加密\03_Testing\02_LNG测试\260709\富瑞泵老程序测试_0709\800rpm\800.mp4,22.617732426303856,-25.390091654548392,-40.34677661679438,-25.531067774578382,14.956684962245987,-16.971485000840616
富瑞自研,800,C:\FRCloud\FRQ\04_Pump Development\06_HPDI低温泵_加密\03_Testing\02_LNG测试\260709\富瑞泵老程序测试_0709\800rpm\800.mp4,22.866530612244897,-36.61099176962071,-35.14375749372514,-51.83977922242409,-1.4672342758955768,-32.16296764189868
富瑞自研,800,C:\FRCloud\FRQ\04_Pump Development\06_HPDI低温泵_加密\03_Testing\02_LNG测试\260709\富瑞泵老程序测试_0709\800rpm\800.mp4,23.100136054421768,-41.22566750038463,-30.884506192157083,-56.454454953188005,-10.341161308227546,-36.03822032990151
富瑞自研,800,C:\FRCloud\FRQ\04_Pump Development\06_HPDI低温泵_加密\03_Testing\02_LNG测试\260709\富瑞泵老程序测试_0709\800rpm\800.mp4,23.294285714285714,-41.90163451637103,-30.784706762485477,-57.13042196917441,-11.116927753885557,-36.162915922072536
富瑞自研,800,C:\FRCloud\FRQ\04_Pump Development\06_HPDI低温泵_加密\03_Testing\02_LNG测试\260709\富瑞泵老程序测试_0709\800rpm\800.mp4,23.70530612244898,-40.552478677517534,-41.24879440040264,-48.84576687584716,0.6963157228851047,-35.046286311011755
富瑞自研,800,C:\FRCloud\FRQ\04_Pump Development\06_HPDI低温泵_加密\03_Testing\02_LNG测试\260709\富瑞泵老程序测试_0709\800rpm\800.mp4,24.3381179138322,-40.67816125423769,-41.36390457140016,-49.03274955441596,0.6857433171624677,-36.724871492377524
富瑞自研,800,C:\FRCloud\FRQ\04_Pump Development\06_HPDI低温泵_加密\03_Testing\02_LNG测试\260709\富瑞泵老程序测试_0709\800rpm\800.mp4,24.875215419501135,-40.91518879434752,-36.72534694013452,-56.143976247150896,-4.189841854212995,-35.10352537673476
富瑞自研,800,C:\FRCloud\FRQ\04_Pump Development\06_HPDI低温泵_加密\03_Testing\02_LNG测试\260709\富瑞泵老程序测试_0709\800rpm\800.mp4,25.258979591836734,-31.933360552458975,-42.700675201422165,-32.313480102679215,10.76731464896319,-25.504179283263852
富瑞自研,800,C:\FRCloud\FRQ\04_Pump Development\06_HPDI低温泵_加密\03_Testing\02_LNG测试\260709\富瑞泵老程序测试_0709\800rpm\800.mp4,26.263922902494333,-39.48764254815177,-44.12659287670998,-41.316228064682335,4.63895032855821,-33.967549152814065
富瑞自研,800,C:\FRCloud\FRQ\04_Pump Development\06_HPDI低温泵_加密\03_Testing\02_LNG测试\260709\富瑞泵老程序测试_0709\800rpm\800.mp4,26.990385487528346,-42.56978560526246,-42.55094853616647,-57.798573058065834,-0.018837069095986862,-37.85903015581934
富瑞自研,800,C:\FRCloud\FRQ\04_Pump Development\06_HPDI低温泵_加密\03_Testing\02_LNG测试\260709\富瑞泵老程序测试_0709\800rpm\800.mp4,27.892176870748298,-32.25884555373538,-43.79504369832087,-32.574982657471324,11.53619814458549,-24.93596096758135
富瑞自研,800,C:\FRCloud\FRQ\04_Pump Development\06_HPDI低温泵_加密\03_Testing\02_LNG测试\260709\富瑞泵老程序测试_0709\800rpm\800.mp4,28.971156462585036,-41.39784390538847,-44.481174834421104,-44.336320696186604,3.0833309290326243,-35.00534484251609
富瑞自研,800,C:\FRCloud\FRQ\04_Pump Development\06_HPDI低温泵_加密\03_Testing\02_LNG测试\260709\富瑞泵老程序测试_0709\800rpm\800.mp4,30.12637188208617,-42.711293938168396,-39.621960755691184,-57.94008139097177,-3.0893331824772137,-36.87331173691174
富瑞自研,800,C:\FRCloud\FRQ\04_Pump Development\06_HPDI低温泵_加密\03_Testing\02_LNG测试\260709\富瑞泵老程序测试_0709\800rpm\800.mp4,30.619183673469387,-35.34389581528719,-44.65468192570608,-35.885264309206946,9.31078611041889,-27.59319112396811
富瑞自研,800,C:\FRCloud\FRQ\04_Pump Development\06_HPDI低温泵_加密\03_Testing\02_LNG测试\260709\富瑞泵老程序测试_0709\800rpm\800.mp4,31.636349206349205,-39.86233911853236,-45.26784267894818,-41.33777039714725,5.405503560415815,-33.809992659128305
富瑞自研,800,C:\FRCloud\FRQ\04_Pump Development\06_HPDI低温泵_加密\03_Testing\02_LNG测试\260709\富瑞泵老程序测试_0709\800rpm\800.mp4,32.14390022675737,-42.7808054941712,-42.14493237600639,-58.00959294697457,-0.6358731181648113,-38.39114005643521
富瑞自研,800,C:\FRCloud\FRQ\04_Pump Development\06_HPDI低温泵_加密\03_Testing\02_LNG测试\260709\富瑞泵老程序测试_0709\800rpm\800.mp4,33.35596371882086,-35.67666629825036,-44.49606926191542,-36.28765828531355,8.819402963665059,-28.29428525138131
富瑞自研,800,C:\FRCloud\FRQ\04_Pump Development\06_HPDI低温泵_加密\03_Testing\02_LNG测试\260709\富瑞泵老程序测试_0709\800rpm\800.mp4,34.352380952380955,-39.95668723487492,-44.98191801971227,-41.59595339299689,5.025230784837341,-35.69984180528013
富瑞自研,800,C:\FRCloud\FRQ\04_Pump Development\06_HPDI低温泵_加密\03_Testing\02_LNG测试\260709\富瑞泵老程序测试_0709\800rpm\800.mp4,35.48625850340136,-41.974209447317335,-35.92045312313654,-57.20299690012072,-6.0537563241808,-38.288250942763696
富瑞自研,800,C:\FRCloud\FRQ\04_Pump Development\06_HPDI低温泵_加密\03_Testing\02_LNG测试\260709\富瑞泵老程序测试_0709\800rpm\800.mp4,35.692471655328795,-25.655093920196883,-40.43059461723517,-25.80217869665953,14.77550069703829,-16.77746776716909
富瑞自研,800,C:\FRCloud\FRQ\04_Pump Development\06_HPDI低温泵_加密\03_Testing\02_LNG测试\260709\富瑞泵老程序测试_0709\800rpm\800.mp4,36.79267573696145,-40.499608594099925,-42.20500182278644,-45.384035578366834,1.7053932286865154,-36.042847904569825
富瑞自研,800,C:\FRCloud\FRQ\04_Pump Development\06_HPDI低温泵_加密\03_Testing\02_LNG测试\260709\富瑞泵老程序测试_0709\800rpm\800.mp4,37.35927437641723,-43.38440858287367,-42.16601428885828,-58.61319603567704,-1.2183942940153922,-38.538553743486894
富瑞自研,800,C:\FRCloud\FRQ\04_Pump Development\06_HPDI低温泵_加密\03_Testing\02_LNG测试\260709\富瑞泵老程序测试_0709\800rpm\800.mp4,38.1237641723356,-25.877470054629057,-40.936817995031014,-26.015099969100774,15.059347940401954,-16.862936230561097
富瑞自研,800,C:\FRCloud\FRQ\04_Pump Development\06_HPDI低温泵_加密\03_Testing\02_LNG测试\260709\富瑞泵老程序测试_0709\800rpm\800.mp4,38.370770975056686,-36.91315588171463,-35.85160026625517,-52.141943334518004,-1.0615556154594599,-32.71052436822087
富瑞自研,800,C:\FRCloud\FRQ\04_Pump Development\06_HPDI低温泵_加密\03_Testing\02_LNG测试\260709\富瑞泵老程序测试_0709\800rpm\800.mp4,39.13267573696145,-39.92045501051069,-41.4370777118052,-45.22578850790181,1.5166227012945162,-32.56436429746765
富瑞自研,800,C:\FRCloud\FRQ\04_Pump Development\06_HPDI低温泵_加密\03_Testing\02_LNG测试\260709\富瑞泵老程序测试_0709\800rpm\800.mp4,39.64015873015873,-43.11522914131068,-41.7952882744386,-58.34401659411405,-1.3199408668720762,-38.68769584542449
富瑞自研,800,C:\FRCloud\FRQ\04_Pump Development\06_HPDI低温泵_加密\03_Testing\02_LNG测试\260709\富瑞泵老程序测试_0709\800rpm\800.mp4,40.02342403628118,-42.25572697821697,-34.67115986213852,-57.484514431020344,-7.5845671160784525,-37.68205408012552
富瑞自研,800,C:\FRCloud\FRQ\04_Pump Development\06_HPDI低温泵_加密\03_Testing\02_LNG测试\260709\富瑞泵老程序测试_0709\800rpm\800.mp4,40.564897959183675,-29.231400399564897,-43.11939809761509,-29.41253856758663,13.887997698050196,-21.097796065963443
富瑞自研,800,C:\FRCloud\FRQ\04_Pump Development\06_HPDI低温泵_加密\03_Testing\02_LNG测试\260709\富瑞泵老程序测试_0709\800rpm\800.mp4,41.64290249433107,-40.83785567906488,-44.417183372056115,-43.345120684701534,3.5793276929912383,-35.541744440724074
富瑞自研,800,C:\FRCloud\FRQ\04_Pump Development\06_HPDI低温泵_加密\03_Testing\02_LNG测试\260709\富瑞泵老程序测试_0709\800rpm\800.mp4,42.136916099773245,-43.27284614282753,-42.76112896845948,-58.501633595630906,-0.5117171743680486,-38.001699164919465
富瑞自研,800,C:\FRCloud\FRQ\04_Pump Development\06_HPDI低温泵_加密\03_Testing\02_LNG测试\260709\富瑞泵老程序测试_0709\800rpm\800.mp4,43.097142857142856,-29.377340725377458,-43.392841737100234,-29.553130682654107,14.015501011722776,-21.057611006135545
富瑞自研,800,C:\FRCloud\FRQ\04_Pump Development\06_HPDI低温泵_加密\03_Testing\02_LNG测试\260709\富瑞泵老程序测试_0709\800rpm\800.mp4,44.084263038548755,-40.81301120997927,-43.712262825335124,-43.9372736722262,2.8992516153558565,-35.70879298735834
富瑞自研,800,C:\FRCloud\FRQ\04_Pump Development\06_HPDI低温泵_加密\03_Testing\02_LNG测试\260709\富瑞泵老程序测试_0709\800rpm\800.mp4,45.08335600907029,-42.15921242129588,-39.251898919352634,-57.38799987409925,-2.9073135019432357,-38.153639790387544
富瑞自研,800,C:\FRCloud\FRQ\04_Pump Development\06_HPDI低温泵_加密\03_Testing\02_LNG测试\260709\富瑞泵老程序测试_0709\800rpm\800.mp4,45.722086167800455,-34.16821408342167,-44.293184364718705,-34.61212280643178,10.124970281297042,-26.55981100880341
富瑞自研,800,C:\FRCloud\FRQ\04_Pump Development\06_HPDI低温泵_加密\03_Testing\02_LNG测试\260709\富瑞泵老程序测试_0709\800rpm\800.mp4,46.70637188208617,-41.34941860779625,-45.33756126999471,-43.562087482392606,3.9881426621984586,-35.66038731422634
富瑞自研,800,C:\FRCloud\FRQ\04_Pump Development\06_HPDI低温泵_加密\03_Testing\02_LNG测试\260709\富瑞泵老程序测试_0709\800rpm\800.mp4,46.94321995464853,-43.77350191687566,-44.302213664623125,-53.1808297327325,0.5287117477474631,-36.48512130420578
富瑞自研,800,C:\FRCloud\FRQ\04_Pump Development\06_HPDI低温泵_加密\03_Testing\02_LNG测试\260709\富瑞泵老程序测试_0709\800rpm\800.mp4,47.29412698412698,-43.256599550646285,-42.51069942011212,-58.48538700344966,-0.7459001305341613,-38.61084953297911
富瑞自研,800,C:\FRCloud\FRQ\04_Pump Development\06_HPDI低温泵_加密\03_Testing\02_LNG测试\260709\富瑞泵老程序测试_0709\800rpm\800.mp4,47.57691609977324,-42.91427397869655,-43.22945057084744,-54.46321283290507,0.31517659215088933,-38.97455886271737
富瑞自研,800,C:\FRCloud\FRQ\04_Pump Development\06_HPDI低温泵_加密\03_Testing\02_LNG测试\260709\富瑞泵老程序测试_0709\800rpm\800.mp4,47.9677097505669,-41.96838890240124,-37.708694416011916,-57.19717635520461,-4.259694486389321,-36.57415054782233
富瑞自研,800,C:\FRCloud\FRQ\04_Pump Development\06_HPDI低温泵_加密\03_Testing\02_LNG测试\260709\富瑞泵老程序测试_0709\800rpm\800.mp4,48.36113378684807,-32.82096427197768,-44.05597378524519,-33.16071480529463,11.235009513267508,-25.67890054067525
富瑞自研,800,C:\FRCloud\FRQ\04_Pump Development\06_HPDI低温泵_加密\03_Testing\02_LNG测试\260709\富瑞泵老程序测试_0709\800rpm\800.mp4,49.367120181405895,-40.526723807271416,-45.05222357512765,-42.415910573626434,4.525499767856236,-33.94872470244077
富瑞自研,800,C:\FRCloud\FRQ\04_Pump Development\06_HPDI低温泵_加密\03_Testing\02_LNG测试\260709\富瑞泵老程序测试_0709\800rpm\800.mp4,49.5740589569161,-43.31500487984556,-44.42401070793779,-49.78621929652074,1.1090058280922275,-36.679257548371694
富瑞自研,800,C:\FRCloud\FRQ\04_Pump Development\06_HPDI低温泵_加密\03_Testing\02_LNG测试\260709\富瑞泵老程序测试_0709\800rpm\800.mp4,51.08845804988662,-36.023312465985384,-45.34086898661734,-36.56378293197811,9.317556520631951,-28.5097176739985
富瑞自研,800,C:\FRCloud\FRQ\04_Pump Development\06_HPDI低温泵_加密\03_Testing\02_LNG测试\260709\富瑞泵老程序测试_0709\800rpm\800.mp4,52.184013605442175,-41.40311994741044,-45.412074018824526,-43.60201593043132,4.0089540714140925,-35.634692680906134
富瑞自研,800,C:\FRCloud\FRQ\04_Pump Development\06_HPDI低温泵_加密\03_Testing\02_LNG测试\260709\富瑞泵老程序测试_0709\800rpm\800.mp4,52.96219954648526,-43.179411682150544,-43.33275080240911,-57.7771690997332,0.15333912025856594,-39.04596401669442
富瑞自研,800,C:\FRCloud\FRQ\04_Pump Development\06_HPDI低温泵_加密\03_Testing\02_LNG测试\260709\富瑞泵老程序测试_0709\800rpm\800.mp4,53.201904761904764,-42.33165810713597,-43.16825989713489,-49.89590135746688,0.8366017899989131,-38.516665568420976
富瑞自研,800,C:\FRCloud\FRQ\04_Pump Development\06_HPDI低温泵_加密\03_Testing\02_LNG测试\260709\富瑞泵老程序测试_0709\800rpm\800.mp4,53.41931972789116,-42.70406669199676,-40.55313665023094,-57.93285414480013,-2.1509300417658093,-36.43186832553907
富瑞自研,800,C:\FRCloud\FRQ\04_Pump Development\06_HPDI低温泵_加密\03_Testing\02_LNG测试\260709\富瑞泵老程序测试_0709\800rpm\800.mp4,53.92437641723356,-36.324814395218255,-44.54617833784659,-37.03376033074231,8.221363942628336,-28.358654020693272
富瑞自研,800,C:\FRCloud\FRQ\04_Pump Development\06_HPDI低温泵_加密\03_Testing\02_LNG测试\260709\富瑞泵老程序测试_0709\800rpm\800.mp4,54.93278911564626,-38.920268518449504,-44.674780442628986,-40.26210238346973,5.754511924179485,-33.31146703201205
富瑞自研,800,C:\FRCloud\FRQ\04_Pump Development\06_HPDI低温泵_加密\03_Testing\02_LNG测试\260709\富瑞泵老程序测试_0709\800rpm\800.mp4,55.46793650793651,-42.32259476310085,-41.60516990045505,-57.551382215904226,-0.7174248626458019,-39.02484551415854
富瑞自研,800,C:\FRCloud\FRQ\04_Pump Development\06_HPDI低温泵_加密\03_Testing\02_LNG测试\260709\富瑞泵老程序测试_0709\800rpm\800.mp4,55.84115646258503,-42.67603109388692,-41.12084526666847,-57.904818546690294,-1.5551858272184567,-38.360432710758616
富瑞自研,800,C:\FRCloud\FRQ\04_Pump Development\06_HPDI低温泵_加密\03_Testing\02_LNG测试\260709\富瑞泵老程序测试_0709\800rpm\800.mp4,56.157981859410434,-42.060150789310704,-37.90804969403351,-57.28893824211408,-4.152101095277202,-37.26822239633845
富瑞自研,800,C:\FRCloud\FRQ\04_Pump Development\06_HPDI低温泵_加密\03_Testing\02_LNG测试\260709\富瑞泵老程序测试_0709\800rpm\800.mp4,56.56294784580499,-33.019378917318214,-43.94286203028212,-33.385490078434565,10.923483112963908,-25.533462539389447
富瑞自研,800,C:\FRCloud\FRQ\04_Pump Development\06_HPDI低温泵_加密\03_Testing\02_LNG测试\260709\富瑞泵老程序测试_0709\800rpm\800.mp4,57.64414965986395,-40.838888521088876,-44.11910950217983,-43.59506634104717,3.2802209810909537,-35.04802753812129
富瑞自研,800,C:\FRCloud\FRQ\04_Pump Development\06_HPDI低温泵_加密\03_Testing\02_LNG测试\260709\富瑞泵老程序测试_0709\800rpm\800.mp4,58.34265306122449,-42.60386586431791,-41.90402153215715,-57.83265331712129,-0.6998443321607583,-38.149108947530195
富瑞自研,800,C:\FRCloud\FRQ\04_Pump Development\06_HPDI低温泵_加密\03_Testing\02_LNG测试\260709\富瑞泵老程序测试_0709\800rpm\800.mp4,58.84340136054422,-41.216722762471434,-37.359961502836576,-56.44551021527481,-3.856761259634862,-35.8586399934519
富瑞自研,800,C:\FRCloud\FRQ\04_Pump Development\06_HPDI低温泵_加密\03_Testing\02_LNG测试\260709\富瑞泵老程序测试_0709\800rpm\800.mp4,59.19780045351474,-32.47048802554516,-43.25512362466082,-32.849026664863416,10.784635599115667,-25.563394366272757
富瑞自研,800,C:\FRCloud\FRQ\04_Pump Development\06_HPDI低温泵_加密\03_Testing\02_LNG测试\260709\富瑞泵老程序测试_0709\800rpm\800.mp4,60.21591836734694,-38.89357529418745,-44.24687864365147,-40.39030473487721,5.353303349464017,-32.538281664149736
富瑞自研,800,C:\FRCloud\FRQ\04_Pump Development\06_HPDI低温泵_加密\03_Testing\02_LNG测试\260709\富瑞泵老程序测试_0709\800rpm\800.mp4,60.39768707482993,-43.61999942501383,-44.04333458590928,-53.94094745846093,0.4233351608954558,-36.553994068017694
富瑞自研,800,C:\FRCloud\FRQ\04_Pump Development\06_HPDI低温泵_加密\03_Testing\02_LNG测试\260709\富瑞泵老程序测试_0709\800rpm\800.mp4,60.61326530612245,-42.719953033524504,-41.7972074686685,-57.94874048632788,-0.9227455648559885,-38.24285804701826
富瑞自研,800,C:\FRCloud\FRQ\04_Pump Development\06_HPDI低温泵_加密\03_Testing\02_LNG测试\260709\富瑞泵老程序测试_0709\800rpm\800.mp4,61.06743764172336,-42.692763518028244,-42.71122097507391,-57.92155097083162,0.01845745704565925,-38.84513148407445
富瑞自研,800,C:\FRCloud\FRQ\04_Pump Development\06_HPDI低温泵_加密\03_Testing\02_LNG测试\260709\富瑞泵老程序测试_0709\800rpm\800.mp4,61.45482993197279,-41.60788381085894,-38.997824041916225,-56.83667126366231,-2.6100597689427083,-36.8645125907196
富瑞自研,800,C:\FRCloud\FRQ\04_Pump Development\06_HPDI低温泵_加密\03_Testing\02_LNG测试\260709\富瑞泵老程序测试_0709\800rpm\800.mp4,61.92655328798186,-34.496445575770586,-43.75658467066761,-35.04458245827566,9.260139094897013,-26.941198904880828
富瑞自研,800,C:\FRCloud\FRQ\04_Pump Development\06_HPDI低温泵_加密\03_Testing\02_LNG测试\260709\富瑞泵老程序测试_0709\800rpm\800.mp4,63.016439909297056,-40.926566523592456,-44.23089827371314,-43.661485560830315,3.304331750120684,-33.407174476790715
富瑞自研,800,C:\FRCloud\FRQ\04_Pump Development\06_HPDI低温泵_加密\03_Testing\02_LNG测试\260709\富瑞泵老程序测试_0709\800rpm\800.mp4,64.66195011337868,-35.7969206969964,-44.25951713785052,-36.46445560356006,8.462596440854115,-28.524913580470844
富瑞自研,800,C:\FRCloud\FRQ\04_Pump Development\06_HPDI低温泵_加密\03_Testing\02_LNG测试\260709\富瑞泵老程序测试_0709\800rpm\800.mp4,65.6280045351474,-40.35803522240017,-44.489920856389105,-42.477761141246916,4.131885633988935,-35.90755972807512
富瑞自研,800,C:\FRCloud\FRQ\04_Pump Development\06_HPDI低温泵_加密\03_Testing\02_LNG测试\260709\富瑞泵老程序测试_0709\800rpm\800.mp4,66.13761904761905,-42.49189501259678,-42.379173213236825,-57.72068246540015,-0.11272179935995075,-38.86476739659119
富瑞自研,800,C:\FRCloud\FRQ\04_Pump Development\06_HPDI低温泵_加密\03_Testing\02_LNG测试\260709\富瑞泵老程序测试_0709\800rpm\800.mp4,66.99990929705216,-25.408246114775768,-40.571243378819005,-25.542579494380316,15.162997264043238,-16.67062919030283
富瑞自研,800,C:\FRCloud\FRQ\04_Pump Development\06_HPDI低温泵_加密\03_Testing\02_LNG测试\260709\富瑞泵老程序测试_0709\800rpm\800.mp4,67.35120181405895,-38.10351389594882,-31.317781467363947,-53.332301348752196,-6.785732428584871,-32.069207805266224
富瑞自研,800,C:\FRCloud\FRQ\04_Pump Development\06_HPDI低温泵_加密\03_Testing\02_LNG测试\260709\富瑞泵老程序测试_0709\800rpm\800.mp4,68.07707482993197,-40.79318812734054,-41.278407485739386,-50.55200114703956,0.48521935839885333,-34.65537419804372
富瑞自研,800,C:\FRCloud\FRQ\04_Pump Development\06_HPDI低温泵_加密\03_Testing\02_LNG测试\260709\富瑞泵老程序测试_0709\800rpm\800.mp4,68.40628117913832,-41.75989487937014,-41.92951288480394,-55.927551454018996,0.16961800543380143,-37.732820716229774
富瑞自研,800,C:\FRCloud\FRQ\04_Pump Development\06_HPDI低温泵_加密\03_Testing\02_LNG测试\260709\富瑞泵老程序测试_0709\800rpm\800.mp4,68.85836734693878,-42.34953797459447,-33.88894927846298,-57.57832542739784,-8.460588696131488,-38.275791852472885
富瑞自研,800,C:\FRCloud\FRQ\04_Pump Development\06_HPDI低温泵_加密\03_Testing\02_LNG测试\260709\富瑞泵老程序测试_0709\800rpm\800.mp4,69.18077097505669,-41.334691194111585,-34.73985070696708,-56.56347864691496,-6.594840487144495,-37.23386622632142
富瑞自研,800,C:\FRCloud\FRQ\04_Pump Development\06_HPDI低温泵_加密\03_Testing\02_LNG测试\260709\富瑞泵老程序测试_0709\800rpm\800.mp4,69.43755102040816,-28.47965552205465,-42.345625603840645,-28.661734345204405,13.865970081786003,-20.359777196785025
富瑞自研,800,C:\FRCloud\FRQ\04_Pump Development\06_HPDI低温泵_加密\03_Testing\02_LNG测试\260709\富瑞泵老程序测试_0709\800rpm\800.mp4,70.43149659863946,-39.70234237951187,-42.75239846354279,-42.67324684493505,3.0500560840309223,-33.90336125917066
富瑞自研,800,C:\FRCloud\FRQ\04_Pump Development\06_HPDI低温泵_加密\03_Testing\02_LNG测试\260709\富瑞泵老程序测试_0709\800rpm\800.mp4,70.98780045351474,-41.73140832311951,-41.96458610913473,-54.5484469478685,0.23317778601521177,-38.081141219868485
富瑞自研,800,C:\FRCloud\FRQ\04_Pump Development\06_HPDI低温泵_加密\03_Testing\02_LNG测试\260709\富瑞泵老程序测试_0709\800rpm\800.mp4,71.66249433106576,-41.48749059149043,-38.92872839522332,-56.7162780442938,-2.5587621962671134,-35.037625892286385
富瑞自研,800,C:\FRCloud\FRQ\04_Pump Development\06_HPDI低温泵_加密\03_Testing\02_LNG测试\260709\富瑞泵老程序测试_0709\800rpm\800.mp4,71.87362811791384,-29.65107877019284,-43.31090071998542,-29.84220638975423,13.659821949792581,-21.85716754305519
富瑞自研,800,C:\FRCloud\FRQ\04_Pump Development\06_HPDI低温泵_加密\03_Testing\02_LNG测试\260709\富瑞泵老程序测试_0709\800rpm\800.mp4,72.86945578231293,-40.6059089272522,-43.53506035193091,-43.69890260542906,2.9291514246787047,-35.078599968300665
富瑞自研,800,C:\FRCloud\FRQ\04_Pump Development\06_HPDI低温泵_加密\03_Testing\02_LNG测试\260709\富瑞泵老程序测试_0709\800rpm\800.mp4,73.07319727891156,-43.1697964182493,-43.71097953980532,-52.48197910875457,0.5411831215560212,-36.19124882689314
富瑞自研,800,C:\FRCloud\FRQ\04_Pump Development\06_HPDI低温泵_加密\03_Testing\02_LNG测试\260709\富瑞泵老程序测试_0709\800rpm\800.mp4,73.4055328798186,-43.073506516081196,-42.17686428707613,-58.302293968884584,-0.8966422290050726,-38.42572281555628
富瑞自研,900,C:\FRCloud\FRQ\04_Pump Development\06_HPDI低温泵_加密\03_Testing\02_LNG测试\260709\富瑞泵老程序测试_0709\900rpm\900.mp4,0.13643990929705216,-36.41385855163358,-35.20434159330506,-51.642646004436955,-1.209516958328522,-31.7448529731845
富瑞自研,900,C:\FRCloud\FRQ\04_Pump Development\06_HPDI低温泵_加密\03_Testing\02_LNG测试\260709\富瑞泵老程序测试_0709\900rpm\900.mp4,0.5348526077097505,-35.29943074633715,-36.633331853045355,-41.07593076872612,1.333901106708202,-29.9634645155408
富瑞自研,900,C:\FRCloud\FRQ\04_Pump Development\06_HPDI低温泵_加密\03_Testing\02_LNG测试\260709\富瑞泵老程序测试_0709\900rpm\900.mp4,0.7968027210884354,-34.845591999166885,-34.823487766340435,-50.07437945197026,-0.022104232826453137,-30.496534237612796
富瑞自研,900,C:\FRCloud\FRQ\04_Pump Development\06_HPDI低温泵_加密\03_Testing\02_LNG测试\260709\富瑞泵老程序测试_0709\900rpm\900.mp4,1.349705215419501,-31.51808227558717,-37.78781128771784,-32.68750428308362,6.26972901213067,-23.267709463899845
富瑞自研,900,C:\FRCloud\FRQ\04_Pump Development\06_HPDI低温泵_加密\03_Testing\02_LNG测试\260709\富瑞泵老程序测试_0709\900rpm\900.mp4,2.2598185941043085,-34.94523658100406,-38.807114286424294,-37.24387715129331,3.861877705420241,-27.965604174538417
富瑞自研,900,C:\FRCloud\FRQ\04_Pump Development\06_HPDI低温泵_加密\03_Testing\02_LNG测试\260709\富瑞泵老程序测试_0709\900rpm\900.mp4,2.616734693877551,-36.86581428610685,-36.32057909240261,-52.09460173891023,-0.5452351937042322,-32.333048932429904
富瑞自研,900,C:\FRCloud\FRQ\04_Pump Development\06_HPDI低温泵_加密\03_Testing\02_LNG测试\260709\富瑞泵老程序测试_0709\900rpm\900.mp4,2.9651473922902496,-36.08475590234327,-27.90185918456833,-51.31354335514664,-8.18289671777494,-31.827777466913105
富瑞自研,900,C:\FRCloud\FRQ\04_Pump Development\06_HPDI低温泵_加密\03_Testing\02_LNG测试\260709\富瑞泵老程序测试_0709\900rpm\900.mp4,3.2969160997732425,-29.349683301589977,-33.360823135965845,-31.54713910731781,4.0111398343758715,-30.798294695354244
富瑞自研,900,C:\FRCloud\FRQ\04_Pump Development\06_HPDI低温泵_加密\03_Testing\02_LNG测试\260709\富瑞泵老程序测试_0709\900rpm\900.mp4,3.4890249433106577,-22.538626228255048,-36.547194471482115,-22.714702799008766,14.008568243227067,-14.32192978930006
富瑞自研,900,C:\FRCloud\FRQ\04_Pump Development\06_HPDI低温泵_加密\03_Testing\02_LNG测试\260709\富瑞泵老程序测试_0709\900rpm\900.mp4,4.3926984126984125,-35.21391200006615,-36.807605387610145,-40.34021371723503,1.5936933875439934,-29.02403940041146
富瑞自研,900,C:\FRCloud\FRQ\04_Pump Development\06_HPDI低温泵_加密\03_Testing\02_LNG测试\260709\富瑞泵老程序测试_0709\900rpm\900.mp4,5.34047619047619,-35.049810280155796,-27.78405674816799,-50.27859773295917,-7.265753531987809,-30.758598472979706
富瑞自研,900,C:\FRCloud\FRQ\04_Pump Development\06_HPDI低温泵_加密\03_Testing\02_LNG测试\260709\富瑞泵老程序测试_0709\900rpm\900.mp4,5.618231292517007,-22.29468198923766,-36.887682145340065,-22.448192174681118,14.593000156102402,-13.99854447833199
富瑞自研,900,C:\FRCloud\FRQ\04_Pump Development\06_HPDI低温泵_加密\03_Testing\02_LNG测试\260709\富瑞泵老程序测试_0709\900rpm\900.mp4,5.865600907029479,-34.647295465417784,-31.55020294244452,-49.876082918221165,-3.0970925229732655,-30.067310011709534
富瑞自研,900,C:\FRCloud\FRQ\04_Pump Development\06_HPDI低温泵_加密\03_Testing\02_LNG测试\260709\富瑞泵老程序测试_0709\900rpm\900.mp4,6.510884353741496,-34.57349122273916,-36.39011534680675,-39.23537993656201,1.8166241240675918,-28.998808619090784
富瑞自研,900,C:\FRCloud\FRQ\04_Pump Development\06_HPDI低温泵_加密\03_Testing\02_LNG测试\260709\富瑞泵老程序测试_0709\900rpm\900.mp4,6.85843537414966,-37.158339826035835,-35.89492960302632,-52.38712727883921,-1.2634102230095137,-33.35013883152841
富瑞自研,900,C:\FRCloud\FRQ\04_Pump Development\06_HPDI低温泵_加密\03_Testing\02_LNG测试\260709\富瑞泵老程序测试_0709\900rpm\900.mp4,7.226326530612245,-36.0372578883361,-31.398544409683712,-51.266045341139474,-4.638713478652386,-31.6999466254778
富瑞自研,900,C:\FRCloud\FRQ\04_Pump Development\06_HPDI低温泵_加密\03_Testing\02_LNG测试\260709\富瑞泵老程序测试_0709\900rpm\900.mp4,7.544625850340136,-34.839169081383176,-31.399288606772352,-50.06795653418656,-3.439880474610828,-30.573809544369645
富瑞自研,900,C:\FRCloud\FRQ\04_Pump Development\06_HPDI低温泵_加密\03_Testing\02_LNG测试\260709\富瑞泵老程序测试_0709\900rpm\900.mp4,7.854897959183673,-26.374513712076627,-37.72187536597733,-26.7052485528186,11.347361653900702,-18.90736139638493
富瑞自研,900,C:\FRCloud\FRQ\04_Pump Development\06_HPDI低温泵_加密\03_Testing\02_LNG测试\260709\富瑞泵老程序测试_0709\900rpm\900.mp4,8.749909297052154,-35.38867326453294,-38.33950458555781,-38.459267488885246,2.950831321024875,-29.227554021464908
富瑞自研,900,C:\FRCloud\FRQ\04_Pump Development\06_HPDI低温泵_加密\03_Testing\02_LNG测试\260709\富瑞泵老程序测试_0709\900rpm\900.mp4,9.766439909297052,-35.96314492396453,-33.514507697951025,-51.1919323767679,-2.448637226013497,-30.81796603137886
富瑞自研,900,C:\FRCloud\FRQ\04_Pump Development\06_HPDI低温泵_加密\03_Testing\02_LNG测试\260709\富瑞泵老程序测试_0709\900rpm\900.mp4,10.170521541950114,-29.092502767226268,-38.495854852072206,-29.621729482610224,9.403352084845942,-21.978863035493564
富瑞自研,900,C:\FRCloud\FRQ\04_Pump Development\06_HPDI低温泵_加密\03_Testing\02_LNG测试\260709\富瑞泵老程序测试_0709\900rpm\900.mp4,11.068480725623584,-35.184483830607505,-39.31503355309342,-37.30505050657137,4.130549722485915,-28.334451057098214
富瑞自研,900,C:\FRCloud\FRQ\04_Pump Development\06_HPDI低温泵_加密\03_Testing\02_LNG测试\260709\富瑞泵老程序测试_0709\900rpm\900.mp4,11.64657596371882,-37.207236632994395,-36.80640674245718,-52.43602408579777,-0.4008298905372187,-31.287939501969284
富瑞自研,900,C:\FRCloud\FRQ\04_Pump Development\06_HPDI低温泵_加密\03_Testing\02_LNG测试\260709\富瑞泵老程序测试_0709\900rpm\900.mp4,12.152018140589568,-36.46923449182561,-32.71233008687503,-51.69802194462899,-3.7569044049505806,-31.854212131696844
富瑞自研,900,C:\FRCloud\FRQ\04_Pump Development\06_HPDI低温泵_加密\03_Testing\02_LNG测试\260709\富瑞泵老程序测试_0709\900rpm\900.mp4,12.502176870748299,-27.888168092673006,-38.790164077697916,-28.25617426036269,10.901995985024913,-20.831129476784852
富瑞自研,900,C:\FRCloud\FRQ\04_Pump Development\06_HPDI低温泵_加密\03_Testing\02_LNG测试\260709\富瑞泵老程序测试_0709\900rpm\900.mp4,13.379909297052155,-35.21729009100546,-39.55456046529788,-37.21259674818066,4.337270374292428,-29.22622910504994
富瑞自研,900,C:\FRCloud\FRQ\04_Pump Development\06_HPDI低温泵_加密\03_Testing\02_LNG测试\260709\富瑞泵老程序测试_0709\900rpm\900.mp4,14.476938775510204,-35.97067118620065,-34.59515562590626,-51.19945863900402,-1.3755155602943825,-31.046772890368317
富瑞自研,900,C:\FRCloud\FRQ\04_Pump Development\06_HPDI低温泵_加密\03_Testing\02_LNG测试\260709\富瑞泵老程序测试_0709\900rpm\900.mp4,14.929183673469387,-30.124344550449536,-38.43317583072063,-30.817962980522342,8.308831280271088,-22.639356870581953
富瑞自研,900,C:\FRCloud\FRQ\04_Pump Development\06_HPDI低温泵_加密\03_Testing\02_LNG测试\260709\富瑞泵老程序测试_0709\900rpm\900.mp4,15.838231292517007,-35.97083221437739,-39.07919561590853,-38.88523418707412,3.108363401531145,-29.97328342305309
富瑞自研,900,C:\FRCloud\FRQ\04_Pump Development\06_HPDI低温泵_加密\03_Testing\02_LNG测试\260709\富瑞泵老程序测试_0709\900rpm\900.mp4,16.615238095238094,-36.214582483494524,-37.696213488151294,-41.60479964341999,1.4816310046567704,-31.717277096214914
富瑞自研,900,C:\FRCloud\FRQ\04_Pump Development\06_HPDI低温泵_加密\03_Testing\02_LNG测试\260709\富瑞泵老程序测试_0709\900rpm\900.mp4,16.965714285714284,-35.640278274489496,-34.291514174790215,-50.86906572729287,-1.348764099699279,-32.123863107306484
富瑞自研,900,C:\FRCloud\FRQ\04_Pump Development\06_HPDI低温泵_加密\03_Testing\02_LNG测试\260709\富瑞泵老程序测试_0709\900rpm\900.mp4,17.359024943310658,-30.19193452358433,-38.13825065703692,-30.951523649450866,7.946316133452587,-23.116543095715166
富瑞自研,900,C:\FRCloud\FRQ\04_Pump Development\06_HPDI低温泵_加密\03_Testing\02_LNG测试\260709\富瑞泵老程序测试_0709\900rpm\900.mp4,18.266734693877552,-35.39250430952992,-38.705725832364855,-38.11964090655033,3.3132215228349384,-29.844230436427054
富瑞自研,900,C:\FRCloud\FRQ\04_Pump Development\06_HPDI低温泵_加密\03_Testing\02_LNG测试\260709\富瑞泵老程序测试_0709\900rpm\900.mp4,18.675215419501132,-35.81127484453745,-36.10521319815979,-47.65269566449865,0.2939383536223349,-32.2517473030269
富瑞自研,900,C:\FRCloud\FRQ\04_Pump Development\06_HPDI低温泵_加密\03_Testing\02_LNG测试\260709\富瑞泵老程序测试_0709\900rpm\900.mp4,19.172426303854877,-35.25389053590046,-36.62796946749017,-40.92055683386625,1.3740789315897104,-31.099515811174246
富瑞自研,900,C:\FRCloud\FRQ\04_Pump Development\06_HPDI低温泵_加密\03_Testing\02_LNG测试\260709\富瑞泵老程序测试_0709\900rpm\900.mp4,19.35732426303855,-34.874444656748366,-35.4313593881281,-44.069882834035454,0.5569147313797338,-29.661142663346588
富瑞自研,900,C:\FRCloud\FRQ\04_Pump Development\06_HPDI低温泵_加密\03_Testing\02_LNG测试\260709\富瑞泵老程序测试_0709\900rpm\900.mp4,19.890045351473923,-32.425766964748576,-38.20550591745715,-33.758504155613544,5.779738952708576,-24.061380799688855
富瑞自研,900,C:\FRCloud\FRQ\04_Pump Development\06_HPDI低温泵_加密\03_Testing\02_LNG测试\260709\富瑞泵老程序测试_0709\900rpm\900.mp4,20.794739229024945,-35.84685320832235,-39.715344816686084,-38.14088513634673,3.8684916083637266,-30.189985591543753
富瑞自研,900,C:\FRCloud\FRQ\04_Pump Development\06_HPDI低温泵_加密\03_Testing\02_LNG测试\260709\富瑞泵老程序测试_0709\900rpm\900.mp4,21.573514739229026,-36.03979411606263,-33.57301911888775,-51.26858156886601,-2.466774997174884,-30.774719993281362
富瑞自研,900,C:\FRCloud\FRQ\04_Pump Development\06_HPDI低温泵_加密\03_Testing\02_LNG测试\260709\富瑞泵老程序测试_0709\900rpm\900.mp4,21.868163265306123,-35.86453568541776,-33.052511122729804,-51.093323138221145,-2.8120245626879607,-32.16886309655349
富瑞自研,900,C:\FRCloud\FRQ\04_Pump Development\06_HPDI低温泵_加密\03_Testing\02_LNG测试\260709\富瑞泵老程序测试_0709\900rpm\900.mp4,22.22997732426304,-28.534076480016857,-38.01458852386862,-29.053403266516984,9.480512043851759,-21.405417915057296
富瑞自研,900,C:\FRCloud\FRQ\04_Pump Development\06_HPDI低温泵_加密\03_Testing\02_LNG测试\260709\富瑞泵老程序测试_0709\900rpm\900.mp4,23.124036281179137,-35.25856884116473,-38.54490228576673,-38.00933618077376,3.2863334446019987,-29.322834395936045
富瑞自研,900,C:\FRCloud\FRQ\04_Pump Development\06_HPDI低温泵_加密\03_Testing\02_LNG测试\260709\富瑞泵老程序测试_0709\900rpm\900.mp4,23.792380952380952,-36.30527638883985,-36.28132440778319,-51.53406384164323,-0.0239519810566623,-31.346334840940845
富瑞自研,900,C:\FRCloud\FRQ\04_Pump Development\06_HPDI低温泵_加密\03_Testing\02_LNG测试\260709\富瑞泵老程序测试_0709\900rpm\900.mp4,24.047120181405894,-35.15898318515796,-34.7279516779743,-50.38777063796133,-0.4310315071836538,-31.579283812040003
富瑞自研,900,C:\FRCloud\FRQ\04_Pump Development\06_HPDI低温泵_加密\03_Testing\02_LNG测试\260709\富瑞泵老程序测试_0709\900rpm\900.mp4,24.654648526077096,-30.769349998645307,-37.96185112739983,-31.689195773037454,7.192501128754525,-23.576711714156705
富瑞自研,900,C:\FRCloud\FRQ\04_Pump Development\06_HPDI低温泵_加密\03_Testing\02_LNG测试\260709\富瑞泵老程序测试_0709\900rpm\900.mp4,25.56140589569161,-35.66601092693493,-39.06603070702941,-38.318701380693184,3.4000197800944747,-28.494739275087028
富瑞自研,900,C:\FRCloud\FRQ\04_Pump Development\06_HPDI低温泵_加密\03_Testing\02_LNG测试\260709\富瑞泵老程序测试_0709\900rpm\900.mp4,26.26514739229025,-36.06594567546625,-37.00039197736048,-43.19709419763705,0.9344463018942282,-31.545101633009168
富瑞自研,900,C:\FRCloud\FRQ\04_Pump Development\06_HPDI低温泵_加密\03_Testing\02_LNG测试\260709\富瑞泵老程序测试_0709\900rpm\900.mp4,26.606780045351474,-35.43240254972953,-34.625741238051475,-50.661190002532905,-0.8066613116780579,-31.27722356555075
富瑞自研,900,C:\FRCloud\FRQ\04_Pump Development\06_HPDI低温泵_加密\03_Testing\02_LNG测试\260709\富瑞泵老程序测试_0709\900rpm\900.mp4,27.085260770975058,-30.94076915446346,-38.07330598688458,-31.874882236991922,7.1325368324211125,-23.549178125161365
富瑞自研,900,C:\FRCloud\FRQ\04_Pump Development\06_HPDI低温泵_加密\03_Testing\02_LNG测试\260709\富瑞泵老程序测试_0709\900rpm\900.mp4,27.991043083900227,-35.48156063900381,-39.42417790228147,-37.724744240159865,3.942617263277662,-29.092126450798116
富瑞自研,900,C:\FRCloud\FRQ\04_Pump Development\06_HPDI低温泵_加密\03_Testing\02_LNG测试\260709\富瑞泵老程序测试_0709\900rpm\900.mp4,28.482403628117915,-37.06286918684402,-36.96545425248744,-52.29165663964739,-0.09741493435657306,-33.082126430282706
富瑞自研,900,C:\FRCloud\FRQ\04_Pump Development\06_HPDI低温泵_加密\03_Testing\02_LNG测试\260709\富瑞泵老程序测试_0709\900rpm\900.mp4,29.085691609977324,-35.50949165106927,-35.71394165709158,-48.883287465962574,0.2044500060223169,-30.354010704523038
富瑞自研,900,C:\FRCloud\FRQ\04_Pump Development\06_HPDI低温泵_加密\03_Testing\02_LNG测试\260709\富瑞泵老程序测试_0709\900rpm\900.mp4,29.61793650793651,-32.21311992318925,-39.028003238261014,-33.227046316654814,6.814883315071768,-23.79303424765045
富瑞自研,900,C:\FRCloud\FRQ\04_Pump Development\06_HPDI低温泵_加密\03_Testing\02_LNG测试\260709\富瑞泵老程序测试_0709\900rpm\900.mp4,30.512947845804987,-35.91981924310141,-39.910284302969266,-38.13094572140954,3.990465059867854,-29.629031931521666
富瑞自研,900,C:\FRCloud\FRQ\04_Pump Development\06_HPDI低温泵_加密\03_Testing\02_LNG测试\260709\富瑞泵老程序测试_0709\900rpm\900.mp4,30.92895691609977,-37.852191157472745,-37.14021427537798,-53.08097861027612,-0.7119768820947652,-33.37843832319325
富瑞自研,900,C:\FRCloud\FRQ\04_Pump Development\06_HPDI低温泵_加密\03_Testing\02_LNG测试\260709\富瑞泵老程序测试_0709\900rpm\900.mp4,31.30718820861678,-36.769363803197656,-33.756966687161984,-51.99815125600103,-3.0123971160356704,-32.57914493127641
富瑞自研,900,C:\FRCloud\FRQ\04_Pump Development\06_HPDI低温泵_加密\03_Testing\02_LNG测试\260709\富瑞泵老程序测试_0709\900rpm\900.mp4,31.592607709750567,-36.17691065795817,-33.32379146435753,-51.40569811076155,-2.853119193600642,-30.957108612557942
富瑞自研,900,C:\FRCloud\FRQ\04_Pump Development\06_HPDI低温泵_加密\03_Testing\02_LNG测试\260709\富瑞泵老程序测试_0709\900rpm\900.mp4,31.954920634920637,-28.733498396321664,-38.37638692460863,-29.23262753449043,9.642888528286964,-21.540990114044632
富瑞自研,900,C:\FRCloud\FRQ\04_Pump Development\06_HPDI低温泵_加密\03_Testing\02_LNG测试\260709\富瑞泵老程序测试_0709\900rpm\900.mp4,32.850589569160995,-35.4929311213768,-39.13818978713945,-37.94937464975839,3.6452586657626544,-29.707663784419044
富瑞自研,900,C:\FRCloud\FRQ\04_Pump Development\06_HPDI低温泵_加密\03_Testing\02_LNG测试\260709\富瑞泵老程序测试_0709\900rpm\900.mp4,34.03820861678005,-37.898086988436276,-34.81719942042535,-53.12687444123966,-3.080887568010932,-32.01146966012854
富瑞自研,900,C:\FRCloud\FRQ\04_Pump Development\06_HPDI低温泵_加密\03_Testing\02_LNG测试\260709\富瑞泵老程序测试_0709\900rpm\900.mp4,34.28408163265306,-29.435963872073746,-38.25641212084308,-30.046797976814364,8.820448248769338,-22.454217478506916
富瑞自研,900,C:\FRCloud\FRQ\04_Pump Development\06_HPDI低温泵_加密\03_Testing\02_LNG测试\260709\富瑞泵老程序测试_0709\900rpm\900.mp4,35.18333333333333,-35.055495112704904,-39.369192122825204,-37.06460861822619,4.3136970101203,-30.063625057704726
富瑞自研,900,C:\FRCloud\FRQ\04_Pump Development\06_HPDI低温泵_加密\03_Testing\02_LNG测试\260709\富瑞泵老程序测试_0709\900rpm\900.mp4,35.912131519274375,-36.406848206066435,-37.610107571373604,-42.568846708482006,1.203259365307174,-31.826582219104075
富瑞自研,900,C:\FRCloud\FRQ\04_Pump Development\06_HPDI低温泵_加密\03_Testing\02_LNG测试\260709\富瑞泵老程序测试_0709\900rpm\900.mp4,36.809115646258505,-32.63633652584375,-39.11337321778289,-33.743649980606605,6.477036691939143,-24.657412422787452
富瑞自研,900,C:\FRCloud\FRQ\04_Pump Development\06_HPDI低温泵_加密\03_Testing\02_LNG测试\260709\富瑞泵老程序测试_0709\900rpm\900.mp4,37.71675736961451,-35.991193554486586,-40.48668340669423,-37.896822397885245,4.495489852207645,-29.413466002941195
富瑞自研,900,C:\FRCloud\FRQ\04_Pump Development\06_HPDI低温泵_加密\03_Testing\02_LNG测试\260709\富瑞泵老程序测试_0709\900rpm\900.mp4,38.349591836734696,-37.582664427906884,-37.14195282014479,-52.81145188071026,-0.44071160776209506,-32.51075760688254
富瑞自研,900,C:\FRCloud\FRQ\04_Pump Development\06_HPDI低温泵_加密\03_Testing\02_LNG测试\260709\富瑞泵老程序测试_0709\900rpm\900.mp4,38.7674149659864,-36.21345749425884,-36.529045273277305,-47.756937237545785,0.3155877790184598,-32.195867863134474
富瑞自研,900,C:\FRCloud\FRQ\04_Pump Development\06_HPDI低温泵_加密\03_Testing\02_LNG测试\260709\富瑞泵老程序测试_0709\900rpm\900.mp4,39.34210884353742,-32.85510691822174,-39.08367992472964,-34.03732573289488,6.228573006507893,-24.61097874207447
富瑞自研,900,C:\FRCloud\FRQ\04_Pump Development\06_HPDI低温泵_加密\03_Testing\02_LNG测试\260709\富瑞泵老程序测试_0709\900rpm\900.mp4,40.25267573696145,-35.931092882535054,-39.26312330605122,-38.641861459181904,3.3320304235161675,-30.058619439247607
富瑞自研,900,C:\FRCloud\FRQ\04_Pump Development\06_HPDI低温泵_加密\03_Testing\02_LNG测试\260709\富瑞泵老程序测试_0709\900rpm\900.mp4,40.701201814058955,-36.508985570109424,-36.83602283352806,-47.90334884102023,0.32703726341864137,-31.90646161489324
富瑞自研,900,C:\FRCloud\FRQ\04_Pump Development\06_HPDI低温泵_加密\03_Testing\02_LNG测试\260709\富瑞泵老程序测试_0709\900rpm\900.mp4,41.086349206349205,-36.341714526279866,-38.09846087670088,-41.12127156312823,1.756746350421008,-31.224731844297263
富瑞自研,900,C:\FRCloud\FRQ\04_Pump Development\06_HPDI低温泵_加密\03_Testing\02_LNG测试\260709\富瑞泵老程序测试_0709\900rpm\900.mp4,41.30369614512472,-35.786145038314565,-35.75409252171723,-51.01493249111794,-0.032052516597332006,-31.117131865335494
富瑞自研,900,C:\FRCloud\FRQ\04_Pump Development\06_HPDI低温泵_加密\03_Testing\02_LNG测试\260709\富瑞泵老程序测试_0709\900rpm\900.mp4,41.87698412698413,-32.30030729563436,-38.8302996312219,-33.39236155436342,6.529992335587541,-23.991390055762277
富瑞自研,900,C:\FRCloud\FRQ\04_Pump Development\06_HPDI低温泵_加密\03_Testing\02_LNG测试\260709\富瑞泵老程序测试_0709\900rpm\900.mp4,42.77126984126984,-34.8683885554776,-39.24864104849127,-36.83882382872524,4.380252493013674,-28.08735630887487
富瑞自研,900,C:\FRCloud\FRQ\04_Pump Development\06_HPDI低温泵_加密\03_Testing\02_LNG测试\260709\富瑞泵老程序测试_0709\900rpm\900.mp4,43.596757369614515,-36.5786349919177,-33.290494466400396,-51.80742244472108,-3.2881405255173113,-31.74543990123462
富瑞自研,900,C:\FRCloud\FRQ\04_Pump Development\06_HPDI低温泵_加密\03_Testing\02_LNG测试\260709\富瑞泵老程序测试_0709\900rpm\900.mp4,43.86344671201814,-34.898384357880644,-33.28514452046724,-50.127171810684025,-1.6132398374134023,-30.19163137329138
富瑞自研,900,C:\FRCloud\FRQ\04_Pump Development\06_HPDI低温泵_加密\03_Testing\02_LNG测试\260709\富瑞泵老程序测试_0709\900rpm\900.mp4,44.21934240362812,-28.874365799227313,-37.688339787757116,-29.48617849542428,8.813973988529805,-21.671527676589292
富瑞自研,900,C:\FRCloud\FRQ\04_Pump Development\06_HPDI低温泵_加密\03_Testing\02_LNG测试\260709\富瑞泵老程序测试_0709\900rpm\900.mp4,45.114761904761906,-34.81773948579413,-38.1751144246497,-37.50666073227107,3.357374938855572,-29.02709901650477
富瑞自研,900,C:\FRCloud\FRQ\04_Pump Development\06_HPDI低温泵_加密\03_Testing\02_LNG测试\260709\富瑞泵老程序测试_0709\900rpm\900.mp4,45.46934240362812,-36.85045518797842,-36.87944808321155,-52.07924264078179,0.028992895233135484,-31.888702256567218
富瑞自研,900,C:\FRCloud\FRQ\04_Pump Development\06_HPDI低温泵_加密\03_Testing\02_LNG测试\260709\富瑞泵老程序测试_0709\900rpm\900.mp4,45.81591836734694,-36.980861884958045,-35.54976713253117,-52.20964933776142,-1.4310947524268811,-31.566555345197518
富瑞自研,900,C:\FRCloud\FRQ\04_Pump Development\06_HPDI低温泵_加密\03_Testing\02_LNG测试\260709\富瑞泵老程序测试_0709\900rpm\900.mp4,46.54616780045352,-28.341556204989075,-38.566526849291016,-28.77483883570479,10.224970644301944,-21.331139072799097
富瑞自研,900,C:\FRCloud\FRQ\04_Pump Development\06_HPDI低温泵_加密\03_Testing\02_LNG测试\260709\富瑞泵老程序测试_0709\900rpm\900.mp4,47.44925170068027,-35.61601201608836,-39.05424978777239,-38.23678499106653,3.438237771684036,-28.726999681231035
富瑞自研,900,C:\FRCloud\FRQ\04_Pump Development\06_HPDI低温泵_加密\03_Testing\02_LNG测试\260709\富瑞泵老程序测试_0709\900rpm\900.mp4,47.82419501133787,-37.001267998958284,-36.34258401816646,-52.23005545176166,-0.6586839807918293,-33.03607999536454
富瑞自研,900,C:\FRCloud\FRQ\04_Pump Development\06_HPDI低温泵_加密\03_Testing\02_LNG测试\260709\富瑞泵老程序测试_0709\900rpm\900.mp4,48.31115646258503,-35.45191605840027,-37.3676258169432,-39.92916402624995,1.9157097585429326,-31.444424410927397
富瑞自研,900,C:\FRCloud\FRQ\04_Pump Development\06_HPDI低温泵_加密\03_Testing\02_LNG测试\260709\富瑞泵老程序测试_0709\900rpm\900.mp4,48.50714285714286,-34.88010660437148,-33.73028545765876,-50.10889405717485,-1.149821146712713,-30.244963382926755
富瑞自研,900,C:\FRCloud\FRQ\04_Pump Development\06_HPDI低温泵_加密\03_Testing\02_LNG测试\260709\富瑞泵老程序测试_0709\900rpm\900.mp4,49.07344671201814,-29.530423186318842,-37.66686417586993,-30.2546025554075,8.136440989551087,-21.673783277704793
富瑞自研,900,C:\FRCloud\FRQ\04_Pump Development\06_HPDI低温泵_加密\03_Testing\02_LNG测试\260709\富瑞泵老程序测试_0709\900rpm\900.mp4,49.97387755102041,-34.5464907498694,-38.309022283394214,-36.91581736957259,3.7625315335248164,-28.534964062775792
富瑞自研,900,C:\FRCloud\FRQ\04_Pump Development\06_HPDI低温泵_加密\03_Testing\02_LNG测试\260709\富瑞泵老程序测试_0709\900rpm\900.mp4,50.42687074829932,-36.36646575879109,-35.93620217020197,-51.59525321159446,-0.43026358858911484,-32.0022744734069
富瑞自研,900,C:\FRCloud\FRQ\04_Pump Development\06_HPDI低温泵_加密\03_Testing\02_LNG测试\260709\富瑞泵老程序测试_0709\900rpm\900.mp4,50.8643537414966,-35.62192788376674,-37.53999120791214,-40.0949340500435,1.918063324145404,-31.4399164038338
富瑞自研,900,C:\FRCloud\FRQ\04_Pump Development\06_HPDI低温泵_加密\03_Testing\02_LNG测试\260709\富瑞泵老程序测试_0709\900rpm\900.mp4,51.12997732426304,-36.2305636771553,-34.97932113789179,-51.459351129958684,-1.2512425392635156,-31.224639403947407
富瑞自研,900,C:\FRCloud\FRQ\04_Pump Development\06_HPDI低温泵_加密\03_Testing\02_LNG测试\260709\富瑞泵老程序测试_0709\900rpm\900.mp4,51.600748299319726,-31.6360914747634,-38.404281951555745,-32.66238045343682,6.768190476792347,-23.713877072029096
富瑞自研,900,C:\FRCloud\FRQ\04_Pump Development\06_HPDI低温泵_加密\03_Testing\02_LNG测试\260709\富瑞泵老程序测试_0709\900rpm\900.mp4,52.509478458049884,-35.84942643648516,-38.84002814652771,-38.879514392083976,2.990601710042551,-29.45856273154652
富瑞自研,900,C:\FRCloud\FRQ\04_Pump Development\06_HPDI低温泵_加密\03_Testing\02_LNG测试\260709\富瑞泵老程序测试_0709\900rpm\900.mp4,52.8607029478458,-36.90249150293301,-36.49369240887429,-52.131278955736384,-0.40879909405872483,-32.432826119057246
富瑞自研,900,C:\FRCloud\FRQ\04_Pump Development\06_HPDI低温泵_加密\03_Testing\02_LNG测试\260709\富瑞泵老程序测试_0709\900rpm\900.mp4,53.084263038548755,-36.05024677276604,-36.04209712904188,-51.27903422556941,-0.008149643724157994,-32.20600205687079
富瑞自研,900,C:\FRCloud\FRQ\04_Pump Development\06_HPDI低温泵_加密\03_Testing\02_LNG测试\260709\富瑞泵老程序测试_0709\900rpm\900.mp4,53.35367346938776,-35.33120341917876,-26.67233002402696,-50.55999087198213,-8.658873395151803,-30.946716252152452
富瑞自研,900,C:\FRCloud\FRQ\04_Pump Development\06_HPDI低温泵_加密\03_Testing\02_LNG测试\260709\富瑞泵老程序测试_0709\900rpm\900.mp4,53.67326530612245,-34.94173307299029,-26.421983015247278,-50.17052052579366,-8.519750057743007,-30.319227726706753
富瑞自研,900,C:\FRCloud\FRQ\04_Pump Development\06_HPDI低温泵_加密\03_Testing\02_LNG测试\260709\富瑞泵老程序测试_0709\900rpm\900.mp4,53.9346485260771,-20.984001469471906,-34.4393372923832,-21.18455949250218,13.455335822911298,-13.164819818305649
富瑞自研,900,C:\FRCloud\FRQ\04_Pump Development\06_HPDI低温泵_加密\03_Testing\02_LNG测试\260709\富瑞泵老程序测试_0709\900rpm\900.mp4,54.182040816326534,-31.779046396645075,-30.50270982607431,-47.007833849448446,-1.2763365705707628,-27.35169228380287
富瑞自研,900,C:\FRCloud\FRQ\04_Pump Development\06_HPDI低温泵_加密\03_Testing\02_LNG测试\260709\富瑞泵老程序测试_0709\900rpm\900.mp4,54.44421768707483,-35.0848694631264,-26.363442321038267,-50.313656915929776,-8.721427142088132,-30.52921537262602
富瑞自研,900,C:\FRCloud\FRQ\04_Pump Development\06_HPDI低温泵_加密\03_Testing\02_LNG测试\260709\富瑞泵老程序测试_0709\900rpm\900.mp4,54.843333333333334,-33.65108529040992,-34.43152428310202,-41.4899162490747,0.780438992692103,-28.42363871335365
富瑞自研,900,C:\FRCloud\FRQ\04_Pump Development\06_HPDI低温泵_加密\03_Testing\02_LNG测试\260709\富瑞泵老程序测试_0709\900rpm\900.mp4,55.32546485260771,-36.340249774649095,-35.43102484767988,-51.569037227452476,-0.9092249269692166,-31.46988352264887
富瑞自研,900,C:\FRCloud\FRQ\04_Pump Development\06_HPDI低温泵_加密\03_Testing\02_LNG测试\260709\富瑞泵老程序测试_0709\900rpm\900.mp4,55.56392290249433,-36.62989226171893,-34.08073010515165,-51.85867971452231,-2.5491621565672795,-32.002304895251434
富瑞自研,900,C:\FRCloud\FRQ\04_Pump Development\06_HPDI低温泵_加密\03_Testing\02_LNG测试\260709\富瑞泵老程序测试_0709\900rpm\900.mp4,55.902426303854874,-35.05976724626499,-32.98083705973507,-50.288554699068364,-2.0789301865299197,-30.67059528623631
富瑞自研,900,C:\FRCloud\FRQ\04_Pump Development\06_HPDI低温泵_加密\03_Testing\02_LNG测试\260709\富瑞泵老程序测试_0709\900rpm\900.mp4,56.26979591836735,-28.56553365478469,-37.26863903927496,-29.19436787615528,8.703105384490266,-21.321540744471722
富瑞自研,1000,C:\FRCloud\FRQ\04_Pump Development\06_HPDI低温泵_加密\03_Testing\02_LNG测试\260709\富瑞泵老程序测试_0709\1000rpm\1000.mp4,0.3948299319727891,-35.037499465586485,-38.260945485708575,-37.84462671792474,3.2234460201220863,-29.051359589008765
富瑞自研,1000,C:\FRCloud\FRQ\04_Pump Development\06_HPDI低温泵_加密\03_Testing\02_LNG测试\260709\富瑞泵老程序测试_0709\1000rpm\1000.mp4,1.7491836734693877,-31.42031877093631,-39.467981979571164,-32.160803845893014,8.04766320863486,-24.277069717574037
富瑞自研,1000,C:\FRCloud\FRQ\04_Pump Development\06_HPDI低温泵_加密\03_Testing\02_LNG测试\260709\富瑞泵老程序测试_0709\1000rpm\1000.mp4,2.5300907029478457,-36.43605049007814,-38.84163294224975,-40.14910419835866,2.4055824521716205,-29.728781885863626
富瑞自研,1000,C:\FRCloud\FRQ\04_Pump Development\06_HPDI低温泵_加密\03_Testing\02_LNG测试\260709\富瑞泵老程序测试_0709\1000rpm\1000.mp4,3.9691156462585035,-34.35132318362382,-40.377276753831794,-35.59892746296858,6.025953570207968,-27.116994723090528
富瑞自研,1000,C:\FRCloud\FRQ\04_Pump Development\06_HPDI低温泵_加密\03_Testing\02_LNG测试\260709\富瑞泵老程序测试_0709\1000rpm\1000.mp4,4.863469387755102,-37.159904209733455,-40.959487072863034,-39.5025439968149,3.799582863129576,-31.05223207936899
富瑞自研,1000,C:\FRCloud\FRQ\04_Pump Development\06_HPDI低温泵_加密\03_Testing\02_LNG测试\260709\富瑞泵老程序测试_0709\1000rpm\1000.mp4,6.296054421768708,-35.43376658027478,-40.69465157547135,-36.969102379518276,5.260884995196569,-28.560062505163085
富瑞自研,1000,C:\FRCloud\FRQ\04_Pump Development\06_HPDI低温泵_加密\03_Testing\02_LNG测试\260709\富瑞泵老程序测试_0709\1000rpm\1000.mp4,8.524693877551021,-35.26132940483087,-40.93903642116216,-36.63130646949567,5.677707016331284,-28.197661425185427
富瑞自研,1000,C:\FRCloud\FRQ\04_Pump Development\06_HPDI低温泵_加密\03_Testing\02_LNG测试\260709\富瑞泵老程序测试_0709\1000rpm\1000.mp4,9.40845804988662,-36.799824145996695,-40.75003554164185,-39.03788032885259,3.950211395645163,-32.00918214572099
富瑞自研,1000,C:\FRCloud\FRQ\04_Pump Development\06_HPDI低温泵_加密\03_Testing\02_LNG测试\260709\富瑞泵老程序测试_0709\1000rpm\1000.mp4,10.457981859410431,-24.473483048825983,-37.43760110066512,-24.698691279519252,12.964118051839142,-15.934230160534682
富瑞自研,1000,C:\FRCloud\FRQ\04_Pump Development\06_HPDI低温泵_加密\03_Testing\02_LNG测试\260709\富瑞泵老程序测试_0709\1000rpm\1000.mp4,10.70938775510204,-34.65332658734749,-33.10470404572683,-49.88211404015087,-1.5486225416206683,-30.29446354621117
富瑞自研,1000,C:\FRCloud\FRQ\04_Pump Development\06_HPDI低温泵_加密\03_Testing\02_LNG测试\260709\富瑞泵老程序测试_0709\1000rpm\1000.mp4,10.950385487528346,-37.30507003176622,-29.738657555067384,-52.533857484569594,-7.5664124766988365,-32.90495054068763
富瑞自研,1000,C:\FRCloud\FRQ\04_Pump Development\06_HPDI低温泵_加密\03_Testing\02_LNG测试\260709\富瑞泵老程序测试_0709\1000rpm\1000.mp4,11.311043083900227,-35.9559849703289,-36.28948088356343,-47.26860387761957,0.3334959132345282,-31.457439032655188
富瑞自研,1000,C:\FRCloud\FRQ\04_Pump Development\06_HPDI低温泵_加密\03_Testing\02_LNG测试\260709\富瑞泵老程序测试_0709\1000rpm\1000.mp4,11.736621315192744,-38.45529717201691,-30.20886624633423,-53.68408462482029,-8.24643092568268,-33.53121039533819
富瑞自研,1000,C:\FRCloud\FRQ\04_Pump Development\06_HPDI低温泵_加密\03_Testing\02_LNG测试\260709\富瑞泵老程序测试_0709\1000rpm\1000.mp4,12.381587301587302,-24.362699330719582,-37.218992524007604,-24.593722177031182,12.85629319328802,-16.220020561605594
富瑞自研,1000,C:\FRCloud\FRQ\04_Pump Development\06_HPDI低温泵_加密\03_Testing\02_LNG测试\260709\富瑞泵老程序测试_0709\1000rpm\1000.mp4,12.636145124716553,-34.639116720304905,-32.98551391757474,-49.86790417310828,-1.6536028027301612,-29.947009822925423
富瑞自研,1000,C:\FRCloud\FRQ\04_Pump Development\06_HPDI低温泵_加密\03_Testing\02_LNG测试\260709\富瑞泵老程序测试_0709\1000rpm\1000.mp4,12.884240362811791,-37.21288637553621,-29.611487250990436,-52.44167382833958,-7.60139912454577,-32.830641808009204
富瑞自研,1000,C:\FRCloud\FRQ\04_Pump Development\06_HPDI低温泵_加密\03_Testing\02_LNG测试\260709\富瑞泵老程序测试_0709\1000rpm\1000.mp4,13.273061224489796,-35.77665778311814,-36.663985994446314,-43.109770801539455,0.8873282113281715,-30.828021605855163
富瑞自研,1000,C:\FRCloud\FRQ\04_Pump Development\06_HPDI低温泵_加密\03_Testing\02_LNG测试\260709\富瑞泵老程序测试_0709\1000rpm\1000.mp4,14.419251700680272,-26.689093992727024,-39.062399451715926,-26.94811835621345,12.373305458988904,-18.405033321809285
富瑞自研,1000,C:\FRCloud\FRQ\04_Pump Development\06_HPDI低温泵_加密\03_Testing\02_LNG测试\260709\富瑞泵老程序测试_0709\1000rpm\1000.mp4,15.305396825396825,-34.83021022052867,-38.97519416717807,-36.94171497167738,4.144983946649393,-27.93382979884871
富瑞自研,1000,C:\FRCloud\FRQ\04_Pump Development\06_HPDI低温泵_加密\03_Testing\02_LNG测试\260709\富瑞泵老程序测试_0709\1000rpm\1000.mp4,16.445986394557824,-26.57015838373038,-39.842492618065144,-26.77955944220375,13.272334234334764,-19.388290884202522
富瑞自研,1000,C:\FRCloud\FRQ\04_Pump Development\06_HPDI低温泵_加密\03_Testing\02_LNG测试\260709\富瑞泵老程序测试_0709\1000rpm\1000.mp4,17.33018140589569,-36.32278898154371,-39.64896039966398,-39.0386420188893,3.3261714181202646,-30.413763516456275
富瑞自研,1000,C:\FRCloud\FRQ\04_Pump Development\06_HPDI低温泵_加密\03_Testing\02_LNG测试\260709\富瑞泵老程序测试_0709\1000rpm\1000.mp4,18.565419501133785,-31.027235618308723,-40.60275293922277,-31.534641987986998,9.575517320914045,-24.36236272406067
富瑞自研,1000,C:\FRCloud\FRQ\04_Pump Development\06_HPDI低温泵_加密\03_Testing\02_LNG测试\260709\富瑞泵老程序测试_0709\1000rpm\1000.mp4,19.459433106575965,-36.7769586461919,-40.71336619508806,-39.024346114255046,3.936407548896149,-30.380892576230924
富瑞自研,1000,C:\FRCloud\FRQ\04_Pump Development\06_HPDI低温泵_加密\03_Testing\02_LNG测试\260709\富瑞泵老程序测试_0709\1000rpm\1000.mp4,20.793514739229025,-32.56638758638046,-40.83968322109244,-33.266189455064534,8.273295634711989,-25.5901836069285
富瑞自研,1000,C:\FRCloud\FRQ\04_Pump Development\06_HPDI低温泵_加密\03_Testing\02_LNG测试\260709\富瑞泵老程序测试_0709\1000rpm\1000.mp4,21.581473922902493,-37.50375235558687,-40.36773166398198,-40.665475133131764,2.8639793083951117,-32.144280327854034
富瑞自研,1000,C:\FRCloud\FRQ\04_Pump Development\06_HPDI低温泵_加密\03_Testing\02_LNG测试\260709\富瑞泵老程序测试_0709\1000rpm\1000.mp4,23.014965986394557,-34.61815993255619,-40.65247664501584,-35.862984642776,6.034316712459655,-27.83299025746379
富瑞自研,1000,C:\FRCloud\FRQ\04_Pump Development\06_HPDI低温泵_加密\03_Testing\02_LNG测试\260709\富瑞泵老程序测试_0709\1000rpm\1000.mp4,23.816281179138322,-36.96019021410423,-40.44185399858619,-39.54531394678861,3.4816637844819613,-30.720294220647194
富瑞自研,1000,C:\FRCloud\FRQ\04_Pump Development\06_HPDI低温泵_加密\03_Testing\02_LNG测试\260709\富瑞泵老程序测试_0709\1000rpm\1000.mp4,25.34485260770975,-34.35210658548015,-40.65471692648379,-35.511418154023374,6.302610341003641,-25.688164858534023
富瑞自研,1000,C:\FRCloud\FRQ\04_Pump Development\06_HPDI低温泵_加密\03_Testing\02_LNG测试\260709\富瑞泵老程序测试_0709\1000rpm\1000.mp4,26.144421768707485,-36.96412539927734,-40.15616560586194,-39.79998593659258,3.1920402065846014,-31.377502020578333
富瑞自研,1000,C:\FRCloud\FRQ\04_Pump Development\06_HPDI低温泵_加密\03_Testing\02_LNG测试\260709\富瑞泵老程序测试_0709\1000rpm\1000.mp4,26.513537414965988,-38.60532473037522,-38.6444652393326,-53.834112183178604,0.03914050895737383,-34.37712224159438
富瑞自研,1000,C:\FRCloud\FRQ\04_Pump Development\06_HPDI低温泵_加密\03_Testing\02_LNG测试\260709\富瑞泵老程序测试_0709\1000rpm\1000.mp4,27.106326530612243,-37.75495782854164,-37.57728784913076,-52.98374528134502,-0.17766997941088328,-33.84066848420346
富瑞自研,1000,C:\FRCloud\FRQ\04_Pump Development\06_HPDI低温泵_加密\03_Testing\02_LNG测试\260709\富瑞泵老程序测试_0709\1000rpm\1000.mp4,27.673537414965985,-34.56197642154217,-40.10597054573536,-35.982609783051075,5.543994124193188,-26.39932588012035
富瑞自研,1000,C:\FRCloud\FRQ\04_Pump Development\06_HPDI低温泵_加密\03_Testing\02_LNG测试\260709\富瑞泵老程序测试_0709\1000rpm\1000.mp4,28.480385487528345,-36.953181903915116,-39.658647124558485,-40.29133933582471,2.705465220643367,-30.66988723966073
富瑞自研,1000,C:\FRCloud\FRQ\04_Pump Development\06_HPDI低温泵_加密\03_Testing\02_LNG测试\260709\富瑞泵老程序测试_0709\1000rpm\1000.mp4,28.922902494331066,-37.99979198813332,-32.432146796857204,-53.22857944093669,-5.567645191276113,-33.53700554957465
富瑞自研,1000,C:\FRCloud\FRQ\04_Pump Development\06_HPDI低温泵_加密\03_Testing\02_LNG测试\260709\富瑞泵老程序测试_0709\1000rpm\1000.mp4,29.61575963718821,-26.039452498336225,-39.03635198901056,-26.262922879809953,12.996899490674336,-18.068988960317533
富瑞自研,1000,C:\FRCloud\FRQ\04_Pump Development\06_HPDI低温泵_加密\03_Testing\02_LNG测试\260709\富瑞泵老程序测试_0709\1000rpm\1000.mp4,30.391201814058956,-35.810111571421814,-36.1015545925931,-47.687324708989614,0.29144302117128534,-29.854579910826715
富瑞自研,1000,C:\FRCloud\FRQ\04_Pump Development\06_HPDI低温泵_加密\03_Testing\02_LNG测试\260709\富瑞泵老程序测试_0709\1000rpm\1000.mp4,30.788866213151927,-37.395776199757044,-37.20765473394284,-52.624563652560425,-0.18812146581420844,-33.894914903536026
富瑞自研,1000,C:\FRCloud\FRQ\04_Pump Development\06_HPDI低温泵_加密\03_Testing\02_LNG测试\260709\富瑞泵老程序测试_0709\1000rpm\1000.mp4,31.3584126984127,-29.223408851885473,-35.40627699202516,-30.420026722721563,6.182868140139686,-31.87369882416035
富瑞自研,1000,C:\FRCloud\FRQ\04_Pump Development\06_HPDI低温泵_加密\03_Testing\02_LNG测试\260709\富瑞泵老程序测试_0709\1000rpm\1000.mp4,31.540589569160996,-24.967691315647688,-38.407734677040864,-25.168973442214263,13.440043361393176,-17.35941682293291
富瑞自研,1000,C:\FRCloud\FRQ\04_Pump Development\06_HPDI低温泵_加密\03_Testing\02_LNG测试\260709\富瑞泵老程序测试_0709\1000rpm\1000.mp4,32.42065759637188,-33.797313857605474,-37.534300990991895,-36.185269246794824,3.736987133386418,-27.32304193457608
富瑞自研,1000,C:\FRCloud\FRQ\04_Pump Development\06_HPDI低温泵_加密\03_Testing\02_LNG测试\260709\富瑞泵老程序测试_0709\1000rpm\1000.mp4,32.80968253968254,-37.196143002111704,-36.4410094734942,-52.42493045491508,-0.7551335286175072,-31.895469635895147
富瑞自研,1000,C:\FRCloud\FRQ\04_Pump Development\06_HPDI低温泵_加密\03_Testing\02_LNG测试\260709\富瑞泵老程序测试_0709\1000rpm\1000.mp4,33.561179138322,-23.042205756838246,-36.45199421557455,-23.244928356932697,13.409788458736305,-14.793812775275562
富瑞自研,1000,C:\FRCloud\FRQ\04_Pump Development\06_HPDI低温泵_加密\03_Testing\02_LNG测试\260709\富瑞泵老程序测试_0709\1000rpm\1000.mp4,33.813310657596375,-33.614139627534946,-31.707756242549063,-48.84292708033833,-1.9063833849858862,-28.9938663322311
富瑞自研,1000,C:\FRCloud\FRQ\04_Pump Development\06_HPDI低温泵_加密\03_Testing\02_LNG测试\260709\富瑞泵老程序测试_0709\1000rpm\1000.mp4,34.11337868480726,-36.47575413084042,-28.287549841015895,-51.704541583643795,-8.188204289824522,-32.969203047119976
富瑞自研,1000,C:\FRCloud\FRQ\04_Pump Development\06_HPDI低温泵_加密\03_Testing\02_LNG测试\260709\富瑞泵老程序测试_0709\1000rpm\1000.mp4,34.345396825396826,-33.7852038137736,-33.16989359685721,-49.01399126657697,-0.615310216916392,-29.10700618690815
富瑞自研,1000,C:\FRCloud\FRQ\04_Pump Development\06_HPDI低温泵_加密\03_Testing\02_LNG测试\260709\富瑞泵老程序测试_0709\1000rpm\1000.mp4,34.80142857142857,-36.58688702161049,-35.52398791899219,-51.81567447441387,-1.0628991026182957,-33.08472814238286
富瑞自研,1000,C:\FRCloud\FRQ\04_Pump Development\06_HPDI低温泵_加密\03_Testing\02_LNG测试\260709\富瑞泵老程序测试_0709\1000rpm\1000.mp4,35.28895691609977,-35.38167202385679,-32.77385739731397,-50.61045947666017,-2.6078146265428224,-30.966036041548808
富瑞自研,1000,C:\FRCloud\FRQ\04_Pump Development\06_HPDI低温泵_加密\03_Testing\02_LNG测试\260709\富瑞泵老程序测试_0709\1000rpm\1000.mp4,35.590113378684805,-28.136465428430828,-37.992109821381675,-28.610380093260538,9.855644392950845,-21.2237830447649
富瑞自研,1000,C:\FRCloud\FRQ\04_Pump Development\06_HPDI低温泵_加密\03_Testing\02_LNG测试\260709\富瑞泵老程序测试_0709\1000rpm\1000.mp4,36.47725623582767,-34.75003834380312,-38.01696144861853,-37.518036611402394,3.266923104815416,-29.188261199630936
富瑞自研,1000,C:\FRCloud\FRQ\04_Pump Development\06_HPDI低温泵_加密\03_Testing\02_LNG测试\260709\富瑞泵老程序测试_0709\1000rpm\1000.mp4,36.97371882086168,-37.15698123352765,-36.39746265140259,-52.38576868633103,-0.7595185821250644,-33.21555804998782
富瑞自研,1000,C:\FRCloud\FRQ\04_Pump Development\06_HPDI低温泵_加密\03_Testing\02_LNG测试\260709\富瑞泵老程序测试_0709\1000rpm\1000.mp4,37.21492063492064,-36.625638506551034,-32.805548405504936,-51.854425959354415,-3.8200901010461026,-32.97360628800955
富瑞自研,1000,C:\FRCloud\FRQ\04_Pump Development\06_HPDI低温泵_加密\03_Testing\02_LNG测试\260709\富瑞泵老程序测试_0709\1000rpm\1000.mp4,37.720839002267574,-28.577777044600797,-38.34053308010083,-29.062530550186306,9.762756035500033,-21.844896475231437
富瑞自研,1000,C:\FRCloud\FRQ\04_Pump Development\06_HPDI低温泵_加密\03_Testing\02_LNG测试\260709\富瑞泵老程序测试_0709\1000rpm\1000.mp4,38.59505668934241,-33.53819147659144,-38.34485278628476,-35.281487603596,4.8066613096933155,-27.75500002092413
富瑞自研,1000,C:\FRCloud\FRQ\04_Pump Development\06_HPDI低温泵_加密\03_Testing\02_LNG测试\260709\富瑞泵老程序测试_0709\1000rpm\1000.mp4,38.78285714285714,-38.43335241526691,-38.88814001384211,-48.458519007626315,0.4547875985752017,-34.375392591454485
富瑞自研,1000,C:\FRCloud\FRQ\04_Pump Development\06_HPDI低温泵_加密\03_Testing\02_LNG测试\260709\富瑞泵老程序测试_0709\1000rpm\1000.mp4,39.945260770975054,-30.024414005184333,-38.29787159566144,-30.7241875575021,8.273457590477104,-23.35502613857944
富瑞自研,1000,C:\FRCloud\FRQ\04_Pump Development\06_HPDI低温泵_加密\03_Testing\02_LNG测试\260709\富瑞泵老程序测试_0709\1000rpm\1000.mp4,40.73526077097506,-34.994398901012204,-37.968690333573875,-38.041008435952975,2.974291432561672,-29.29516815984671
富瑞自研,1000,C:\FRCloud\FRQ\04_Pump Development\06_HPDI低温泵_加密\03_Testing\02_LNG测试\260709\富瑞泵老程序测试_0709\1000rpm\1000.mp4,40.91748299319728,-38.4251152227573,-38.95459988153911,-47.82647743826971,0.5294846587818175,-34.33893579546068
富瑞自研,1000,C:\FRCloud\FRQ\04_Pump Development\06_HPDI低温泵_加密\03_Testing\02_LNG测试\260709\富瑞泵老程序测试_0709\1000rpm\1000.mp4,41.21714285714286,-37.57696459142021,-36.42883275148916,-52.80575204422359,-1.1481318399310512,-32.37986773921138
富瑞自研,1000,C:\FRCloud\FRQ\04_Pump Development\06_HPDI低温泵_加密\03_Testing\02_LNG测试\260709\富瑞泵老程序测试_0709\1000rpm\1000.mp4,41.701292517006806,-35.66245063003073,-33.35250283303991,-50.89123808283411,-2.309947796990826,-32.24722552940216
富瑞自研,1000,C:\FRCloud\FRQ\04_Pump Development\06_HPDI低温泵_加密\03_Testing\02_LNG测试\260709\富瑞泵老程序测试_0709\1000rpm\1000.mp4,42.178934240362814,-28.845709473452178,-37.97017539220154,-29.41242541484863,9.124465918749362,-21.88746599062654
富瑞自研,1000,C:\FRCloud\FRQ\04_Pump Development\06_HPDI低温泵_加密\03_Testing\02_LNG测试\260709\富瑞泵老程序测试_0709\1000rpm\1000.mp4,42.967392290249435,-35.92983274650405,-37.197958450700675,-41.89469791353767,1.2681257041966254,-30.614101513096195
富瑞自研,1000,C:\FRCloud\FRQ\04_Pump Development\06_HPDI低温泵_加密\03_Testing\02_LNG测试\260709\富瑞泵老程序测试_0709\1000rpm\1000.mp4,43.393469387755104,-37.26000895123668,-36.906384744705704,-52.48879640404006,-0.35362420653097115,-33.45186251698901
富瑞自研,1000,C:\FRCloud\FRQ\04_Pump Development\06_HPDI低温泵_加密\03_Testing\02_LNG测试\260709\富瑞泵老程序测试_0709\1000rpm\1000.mp4,44.00326530612245,-37.049098614448866,-35.57467315626535,-52.27788606725224,-1.4744254581835203,-31.960457529473885
富瑞自研,1000,C:\FRCloud\FRQ\04_Pump Development\06_HPDI低温泵_加密\03_Testing\02_LNG测试\260709\富瑞泵老程序测试_0709\1000rpm\1000.mp4,44.390589569160994,-32.13798371490833,-38.19911145730585,-33.37394541573252,6.0611277423975105,-24.75777934572136
富瑞自研,1000,C:\FRCloud\FRQ\04_Pump Development\06_HPDI低温泵_加密\03_Testing\02_LNG测试\260709\富瑞泵老程序测试_0709\1000rpm\1000.mp4,45.28578231292517,-34.115949656401774,-38.525454117076585,-36.06967879372264,4.409504460674817,-26.960023620816575
富瑞自研,1000,C:\FRCloud\FRQ\04_Pump Development\06_HPDI低温泵_加密\03_Testing\02_LNG测试\260709\富瑞泵老程序测试_0709\1000rpm\1000.mp4,45.69997732426304,-36.80831818572627,-28.081585075432592,-52.037105638529646,-8.726733110293678,-31.7747858303181
富瑞自研,1000,C:\FRCloud\FRQ\04_Pump Development\06_HPDI低温泵_加密\03_Testing\02_LNG测试\260709\富瑞泵老程序测试_0709\1000rpm\1000.mp4,45.98952380952381,-37.12297330942677,-27.556861994438222,-52.35176076223014,-9.566111314988547,-33.56787946295066
富瑞自研,1000,C:\FRCloud\FRQ\04_Pump Development\06_HPDI低温泵_加密\03_Testing\02_LNG测试\260709\富瑞泵老程序测试_0709\1000rpm\1000.mp4,46.32156462585034,-22.350793753321412,-35.60580643395541,-22.5610522498679,13.255012680633998,-14.018080981680622
富瑞自研,1000,C:\FRCloud\FRQ\04_Pump Development\06_HPDI低温泵_加密\03_Testing\02_LNG测试\260709\富瑞泵老程序测试_0709\1000rpm\1000.mp4,46.57142857142857,-32.66650691664874,-31.185688746582542,-47.895294369452124,-1.480818170066205,-27.713730093643655
富瑞自研,1000,C:\FRCloud\FRQ\04_Pump Development\06_HPDI低温泵_加密\03_Testing\02_LNG测试\260709\富瑞泵老程序测试_0709\1000rpm\1000.mp4,46.82959183673469,-35.72840299731469,-27.598649277056886,-50.95719045011806,-8.129753720257808,-31.692622065592495
富瑞自研,1000,C:\FRCloud\FRQ\04_Pump Development\06_HPDI低温泵_加密\03_Testing\02_LNG测试\260709\富瑞泵老程序测试_0709\1000rpm\1000.mp4,47.01401360544218,-35.851920269474824,-27.62505358543464,-51.0807077222782,-8.22686668404019,-33.12963294920713
富瑞自研,1000,C:\FRCloud\FRQ\04_Pump Development\06_HPDI低温泵_加密\03_Testing\02_LNG测试\260709\富瑞泵老程序测试_0709\1000rpm\1000.mp4,47.21460317460318,-33.86504802039681,-34.98810896517977,-40.28829437891238,1.1230609447829547,-27.954135348904984
富瑞自研,1000,C:\FRCloud\FRQ\04_Pump Development\06_HPDI低温泵_加密\03_Testing\02_LNG测试\260709\富瑞泵老程序测试_0709\1000rpm\1000.mp4,48.361836734693874,-25.55363082079111,-37.64045098199117,-25.830893672600077,12.086820161200063,-18.05884663129092
富瑞自研,1000,C:\FRCloud\FRQ\04_Pump Development\06_HPDI低温泵_加密\03_Testing\02_LNG测试\260709\富瑞泵老程序测试_0709\1000rpm\1000.mp4,49.131791383219955,-34.56399600540492,-35.03191583769594,-44.47198409144012,0.4679198322910245,-27.990685676817854
富瑞自研,1000,C:\FRCloud\FRQ\04_Pump Development\06_HPDI低温泵_加密\03_Testing\02_LNG测试\260709\富瑞泵老程序测试_0709\1000rpm\1000.mp4,49.40775510204082,-37.47712362457332,-37.089880277741564,-52.7059110773767,-0.38724334683176165,-33.67014777428511
富瑞自研,1000,C:\FRCloud\FRQ\04_Pump Development\06_HPDI低温泵_加密\03_Testing\02_LNG测试\260709\富瑞泵老程序测试_0709\1000rpm\1000.mp4,50.28294784580499,-24.972730805890727,-37.92565721610903,-25.198535511710922,12.952926410218307,-17.371188654413924
富瑞自研,1000,C:\FRCloud\FRQ\04_Pump Development\06_HPDI低温泵_加密\03_Testing\02_LNG测试\260709\富瑞泵老程序测试_0709\1000rpm\1000.mp4,51.16886621315193,-34.12599897026757,-37.22571803235282,-37.04868383569576,3.0997190620852555,-28.621661991530956
富瑞自研,1000,C:\FRCloud\FRQ\04_Pump Development\06_HPDI低温泵_加密\03_Testing\02_LNG测试\260709\富瑞泵老程序测试_0709\1000rpm\1000.mp4,51.55863945578231,-36.71350175663898,-35.97682869840488,-51.942289209442364,-0.7366730582341058,-32.755123447197484
富瑞自研,1000,C:\FRCloud\FRQ\04_Pump Development\06_HPDI低温泵_加密\03_Testing\02_LNG测试\260709\富瑞泵老程序测试_0709\1000rpm\1000.mp4,52.1202947845805,-35.32002397334265,-33.084271574357416,-50.54881142614603,-2.2357523989852313,-31.12221881736811
富瑞自研,1000,C:\FRCloud\FRQ\04_Pump Development\06_HPDI低温泵_加密\03_Testing\02_LNG测试\260709\富瑞泵老程序测试_0709\1000rpm\1000.mp4,52.406666666666666,-28.343703104482074,-38.044928281880566,-28.83578045321752,9.701225177398488,-21.51430418857427
富瑞自研,1000,C:\FRCloud\FRQ\04_Pump Development\06_HPDI低温泵_加密\03_Testing\02_LNG测试\260709\富瑞泵老程序测试_0709\1000rpm\1000.mp4,53.1921768707483,-34.73864329663566,-36.55954950826453,-39.39229904672012,1.820906211628868,-28.514537658869685
富瑞自研,1000,C:\FRCloud\FRQ\04_Pump Development\06_HPDI低温泵_加密\03_Testing\02_LNG测试\260709\富瑞泵老程序测试_0709\1000rpm\1000.mp4,53.54857142857143,-36.97454103968093,-36.42322043183868,-52.2033284924843,-0.5513206078422508,-33.340228243121636
富瑞自研,1000,C:\FRCloud\FRQ\04_Pump Development\06_HPDI低温泵_加密\03_Testing\02_LNG测试\260709\富瑞泵老程序测试_0709\1000rpm\1000.mp4,54.14875283446712,-35.178353588167376,-33.27248590569494,-50.40714104097076,-1.905867682472432,-31.485465543549292
富瑞自研,1000,C:\FRCloud\FRQ\04_Pump Development\06_HPDI低温泵_加密\03_Testing\02_LNG测试\260709\富瑞泵老程序测试_0709\1000rpm\1000.mp4,54.53092970521542,-28.787747645865732,-37.795074135400334,-29.371045211119466,9.007326489534606,-21.421982923343176
富瑞自研,1000,C:\FRCloud\FRQ\04_Pump Development\06_HPDI低温泵_加密\03_Testing\02_LNG测试\260709\富瑞泵老程序测试_0709\1000rpm\1000.mp4,55.32358276643991,-33.909589472713016,-37.33825589014216,-36.53830760982495,3.428666417429145,-27.332336637704646
富瑞自研,1000,C:\FRCloud\FRQ\04_Pump Development\06_HPDI低温泵_加密\03_Testing\02_LNG测试\260709\富瑞泵老程序测试_0709\1000rpm\1000.mp4,56.33956916099773,-35.98718805123459,-33.8250293576832,-51.21597550403797,-2.162158693551393,-32.19525476039791
富瑞自研,1000,C:\FRCloud\FRQ\04_Pump Development\06_HPDI低温泵_加密\03_Testing\02_LNG测试\260709\富瑞泵老程序测试_0709\1000rpm\1000.mp4,56.657120181405894,-29.425738228038234,-38.1855971267768,-30.045796538867645,8.75985889873856,-22.554972632818956
富瑞自研,1000,C:\FRCloud\FRQ\04_Pump Development\06_HPDI低温泵_加密\03_Testing\02_LNG测试\260709\富瑞泵老程序测试_0709\1000rpm\1000.mp4,57.54802721088436,-34.40915014935377,-38.56538361809936,-36.51362624401308,4.156233468745592,-28.834838630989474
富瑞自研,1000,C:\FRCloud\FRQ\04_Pump Development\06_HPDI低温泵_加密\03_Testing\02_LNG测试\260709\富瑞泵老程序测试_0709\1000rpm\1000.mp4,58.10775510204082,-36.82437629561607,-36.24336813663577,-52.05316374841945,-0.5810081589802978,-32.43136945372316
富瑞自研,1000,C:\FRCloud\FRQ\04_Pump Development\06_HPDI低温泵_加密\03_Testing\02_LNG测试\260709\富瑞泵老程序测试_0709\1000rpm\1000.mp4,58.88802721088435,-29.237026325614053,-37.83758496124086,-29.882057816844366,8.600558635626806,-22.075308799832058
富瑞自研,1000,C:\FRCloud\FRQ\04_Pump Development\06_HPDI低温泵_加密\03_Testing\02_LNG测试\260709\富瑞泵老程序测试_0709\1000rpm\1000.mp4,59.78004535147392,-33.54558979777562,-38.448196309728374,-35.242266676265615,4.90260651195276,-27.849695554061306
富瑞自研,1000,C:\FRCloud\FRQ\04_Pump Development\06_HPDI低温泵_加密\03_Testing\02_LNG测试\260709\富瑞泵老程序测试_0709\1000rpm\1000.mp4,59.96267573696145,-38.43203393990321,-38.38103424537047,-53.66082139270659,-0.05099969453273216,-32.43109539426243
富瑞自研,1000,C:\FRCloud\FRQ\04_Pump Development\06_HPDI低温泵_加密\03_Testing\02_LNG测试\260709\富瑞泵老程序测试_0709\1000rpm\1000.mp4,60.198253968253965,-36.97180649844219,-35.92577839789576,-52.20059395124557,-1.0460281005464351,-33.31783174275002
富瑞自研,1000,C:\FRCloud\FRQ\04_Pump Development\06_HPDI低温泵_加密\03_Testing\02_LNG测试\260709\富瑞泵老程序测试_0709\1000rpm\1000.mp4,60.405351473922906,-36.59029063954744,-35.87194391749092,-51.819078092350814,-0.7183467220565243,-32.35228728070225
富瑞自研,1000,C:\FRCloud\FRQ\04_Pump Development\06_HPDI低温泵_加密\03_Testing\02_LNG测试\260709\富瑞泵老程序测试_0709\1000rpm\1000.mp4,60.71845804988662,-35.56481629597846,-35.41827357088844,-50.79360374878184,-0.14654272509002178,-31.565531632344396
富瑞自研,1000,C:\FRCloud\FRQ\04_Pump Development\06_HPDI低温泵_加密\03_Testing\02_LNG测试\260709\富瑞泵老程序测试_0709\1000rpm\1000.mp4,61.20857142857143,-32.18597491348063,-37.97043470373475,-33.517017773802856,5.7844597902541235,-24.987478923735157
富瑞自研,1000,C:\FRCloud\FRQ\04_Pump Development\06_HPDI低温泵_加密\03_Testing\02_LNG测试\260709\富瑞泵老程序测试_0709\1000rpm\1000.mp4,61.99981859410431,-34.35564404144853,-37.93027598835258,-36.86658116601219,3.5746319469040513,-27.65968309576855
富瑞自研,1000,C:\FRCloud\FRQ\04_Pump Development\06_HPDI低温泵_加密\03_Testing\02_LNG测试\260709\富瑞泵老程序测试_0709\1000rpm\1000.mp4,62.454195011337866,-36.324999273123694,-36.039568171601715,-51.55378672592707,-0.28543110152197154,-31.363696248161027
富瑞自研,1000,C:\FRCloud\FRQ\04_Pump Development\06_HPDI低温泵_加密\03_Testing\02_LNG测试\260709\富瑞泵老程序测试_0709\1000rpm\1000.mp4,62.75541950113379,-36.299627672654196,-37.13199290917071,-43.88386899851608,0.8323652365165171,-32.085179918116246
富瑞自研,1000,C:\FRCloud\FRQ\04_Pump Development\06_HPDI低温泵_加密\03_Testing\02_LNG测试\260709\富瑞泵老程序测试_0709\1000rpm\1000.mp4,63.07281179138322,-36.079509704612455,-35.26114027592463,-51.30829715741583,-0.8183694286878197,-32.15408005338414
富瑞自研,1000,C:\FRCloud\FRQ\04_Pump Development\06_HPDI低温泵_加密\03_Testing\02_LNG测试\260709\富瑞泵老程序测试_0709\1000rpm\1000.mp4,63.54009070294784,-32.18285061059455,-37.98217105803189,-33.508576214405565,5.799320447437336,-23.495539147803946
富瑞自研,1000,C:\FRCloud\FRQ\04_Pump Development\06_HPDI低温泵_加密\03_Testing\02_LNG测试\260709\富瑞泵老程序测试_0709\1000rpm\1000.mp4,64.34963718820862,-35.14753504019659,-38.08136187322228,-38.23567887727898,2.93382683302569,-29.164052061195736
富瑞自研,1000,C:\FRCloud\FRQ\04_Pump Development\06_HPDI低温泵_加密\03_Testing\02_LNG测试\260709\富瑞泵老程序测试_0709\1000rpm\1000.mp4,64.75018140589569,-36.474238682706165,-34.381935762949915,-51.703026135509546,-2.0923029197562535,-32.578787820469216
富瑞自研,1000,C:\FRCloud\FRQ\04_Pump Development\06_HPDI低温泵_加密\03_Testing\02_LNG测试\260709\富瑞泵老程序测试_0709\1000rpm\1000.mp4,65.48056689342404,-24.531749981013466,-37.258430688181335,-24.769966922898377,12.726680707167864,-17.045657959576555
富瑞自研,1000,C:\FRCloud\FRQ\04_Pump Development\06_HPDI低温泵_加密\03_Testing\02_LNG测试\260709\富瑞泵老程序测试_0709\1000rpm\1000.mp4,66.25244897959183,-33.279972536441555,-33.98479217501757,-41.524680479780685,0.7048196385760117,-26.62224963828478
富瑞自研,1000,C:\FRCloud\FRQ\04_Pump Development\06_HPDI低温泵_加密\03_Testing\02_LNG测试\260709\富瑞泵老程序测试_0709\1000rpm\1000.mp4,66.4482993197279,-37.79618776191279,-37.27184518928189,-53.024975214716164,-0.5243425726309037,-34.32715137768143
富瑞自研,1000,C:\FRCloud\FRQ\04_Pump Development\06_HPDI低温泵_加密\03_Testing\02_LNG测试\260709\富瑞泵老程序测试_0709\1000rpm\1000.mp4,66.63303854875284,-36.21021650076181,-35.5360377826071,-51.439003953565184,-0.6741787181547009,-32.326447888652694
富瑞自研,1000,C:\FRCloud\FRQ\04_Pump Development\06_HPDI低温泵_加密\03_Testing\02_LNG测试\260709\富瑞泵老程序测试_0709\1000rpm\1000.mp4,66.86873015873016,-36.38881320062714,-29.51100974335331,-51.617600653430515,-6.87780345727383,-32.55728531317461
富瑞自研,1000,C:\FRCloud\FRQ\04_Pump Development\06_HPDI低温泵_加密\03_Testing\02_LNG测试\260709\富瑞泵老程序测试_0709\1000rpm\1000.mp4,67.17886621315193,-35.37766930652222,-32.65574045651162,-50.606456759325596,-2.721928850010602,-31.803497233801554
富瑞自研,1000,C:\FRCloud\FRQ\04_Pump Development\06_HPDI低温泵_加密\03_Testing\02_LNG测试\260709\富瑞泵老程序测试_0709\1000rpm\1000.mp4,67.40517006802722,-24.58271081131653,-37.43086789861665,-24.814178615279573,12.848157087300114,-17.15539942726972
富瑞自研,1000,C:\FRCloud\FRQ\04_Pump Development\06_HPDI低温泵_加密\03_Testing\02_LNG测试\260709\富瑞泵老程序测试_0709\1000rpm\1000.mp4,68.17850340136054,-33.728039855234826,-34.22173793466399,-43.41577943643066,0.4936980794291672,-27.607867952767002
富瑞自研,1000,C:\FRCloud\FRQ\04_Pump Development\06_HPDI低温泵_加密\03_Testing\02_LNG测试\260709\富瑞泵老程序测试_0709\1000rpm\1000.mp4,68.56600907029478,-36.19773637543007,-35.6734763682283,-51.42652382823344,-0.524260007201765,-31.832343805115094
富瑞自研,1000,C:\FRCloud\FRQ\04_Pump Development\06_HPDI低温泵_加密\03_Testing\02_LNG测试\260709\富瑞泵老程序测试_0709\1000rpm\1000.mp4,69.22972789115646,-35.30629847196077,-35.63867693056531,-46.63294225840655,0.33237845860453613,-31.608483276792324
富瑞自研,1000,C:\FRCloud\FRQ\04_Pump Development\06_HPDI低温泵_加密\03_Testing\02_LNG测试\260709\富瑞泵老程序测试_0709\1000rpm\1000.mp4,69.4337641723356,-27.843321749230256,-37.576408703196165,-28.33159218690579,9.733086953965909,-21.14768291834512
富瑞自研,1000,C:\FRCloud\FRQ\04_Pump Development\06_HPDI低温泵_加密\03_Testing\02_LNG测试\260709\富瑞泵老程序测试_0709\1000rpm\1000.mp4,70.21104308390022,-35.249747719174145,-36.15445669222781,-42.50700642062361,0.9047089730536623,-29.978267850332514
富瑞自研,1000,C:\FRCloud\FRQ\04_Pump Development\06_HPDI低温泵_加密\03_Testing\02_LNG测试\260709\富瑞泵老程序测试_0709\1000rpm\1000.mp4,70.68680272108844,-36.81310851694557,-36.69759329276705,-52.04189596974895,-0.11551522417852177,-32.366045487067005
富瑞自研,1000,C:\FRCloud\FRQ\04_Pump Development\06_HPDI低温泵_加密\03_Testing\02_LNG测试\260709\富瑞泵老程序测试_0709\1000rpm\1000.mp4,70.99272108843537,-36.705273830113555,-33.12961308341332,-51.93406128291692,-3.575660746700235,-32.542971720364704
富瑞自研,1000,C:\FRCloud\FRQ\04_Pump Development\06_HPDI低温泵_加密\03_Testing\02_LNG测试\260709\富瑞泵老程序测试_0709\1000rpm\1000.mp4,71.18160997732426,-36.19694905976135,-33.29407055366899,-51.42573651256473,-2.9028785060923723,-32.351938715149885
富瑞自研,1000,C:\FRCloud\FRQ\04_Pump Development\06_HPDI低温泵_加密\03_Testing\02_LNG测试\260709\富瑞泵老程序测试_0709\1000rpm\1000.mp4,71.45632653061224,-28.67159232948078,-38.421211959898685,-29.157899691733185,9.749619630417902,-22.481618526682354
富瑞自研,1000,C:\FRCloud\FRQ\04_Pump Development\06_HPDI低温泵_加密\03_Testing\02_LNG测试\260709\富瑞泵老程序测试_0709\1000rpm\1000.mp4,72.33068027210885,-34.7048864124726,-40.13217495714763,-36.171535112886424,5.42728854467504,-27.503316653412874
富瑞自研,1125,C:\FRCloud\FRQ\04_Pump Development\06_HPDI低温泵_加密\03_Testing\02_LNG测试\260709\富瑞泵老程序测试_0709\1125rpm\1125.mp4,0.31002267573696146,-26.482752787692405,-38.95808464818459,-26.73558440254434,12.475331860492183,-19.121562315503404
富瑞自研,1125,C:\FRCloud\FRQ\04_Pump Development\06_HPDI低温泵_加密\03_Testing\02_LNG测试\260709\富瑞泵老程序测试_0709\1125rpm\1125.mp4,1.931904761904762,-27.208999751223768,-40.22427638310121,-27.43150192596749,13.015276631877452,-20.474085805498056
富瑞自研,1125,C:\FRCloud\FRQ\04_Pump Development\06_HPDI低温泵_加密\03_Testing\02_LNG测试\260709\富瑞泵老程序测试_0709\1125rpm\1125.mp4,2.709750566893424,-37.34071047678868,-36.602924188448995,-52.56949792959205,-0.7377862883396791,-31.373929901932534
富瑞自研,1125,C:\FRCloud\FRQ\04_Pump Development\06_HPDI低温泵_加密\03_Testing\02_LNG测试\260709\富瑞泵老程序测试_0709\1125rpm\1125.mp4,3.4518820861678003,-26.485213970511357,-39.81337886831504,-26.691875638443186,13.328164897803681,-19.408832222758132
富瑞自研,1125,C:\FRCloud\FRQ\04_Pump Development\06_HPDI低温泵_加密\03_Testing\02_LNG测试\260709\富瑞泵老程序测试_0709\1125rpm\1125.mp4,5.073492063492063,-25.98928407095564,-39.596161253775925,-26.18280899609356,13.606877182820282,-18.738738972494776
富瑞自研,1125,C:\FRCloud\FRQ\04_Pump Development\06_HPDI低温泵_加密\03_Testing\02_LNG测试\260709\富瑞泵老程序测试_0709\1125rpm\1125.mp4,5.833333333333333,-37.9443071127886,-34.68631502904936,-53.173094565591974,-3.257992083739241,-32.89320654395616
富瑞自研,1125,C:\FRCloud\FRQ\04_Pump Development\06_HPDI低温泵_加密\03_Testing\02_LNG测试\260709\富瑞泵老程序测试_0709\1125rpm\1125.mp4,6.593356009070295,-26.762396043306637,-40.08421581182374,-26.969367184349842,13.3218197685171,-19.344638272948224
富瑞自研,1125,C:\FRCloud\FRQ\04_Pump Development\06_HPDI低温泵_加密\03_Testing\02_LNG测试\260709\富瑞泵老程序测试_0709\1125rpm\1125.mp4,7.3631292517006806,-36.41905873415291,-36.00768500675806,-51.647846186956286,-0.411373727394857,-30.714935755243147
富瑞自研,1125,C:\FRCloud\FRQ\04_Pump Development\06_HPDI低温泵_加密\03_Testing\02_LNG测试\260709\富瑞泵老程序测试_0709\1125rpm\1125.mp4,8.215396825396825,-26.529367680688946,-39.69783981016548,-26.743964235053518,13.168472129476537,-18.99799213370908
富瑞自研,1125,C:\FRCloud\FRQ\04_Pump Development\06_HPDI低温泵_加密\03_Testing\02_LNG测试\260709\富瑞泵老程序测试_0709\1125rpm\1125.mp4,8.99424036281179,-37.93590765600071,-36.80331206948281,-53.16469510880409,-1.1325955865178992,-32.32688629070388
富瑞自研,1125,C:\FRCloud\FRQ\04_Pump Development\06_HPDI低温泵_加密\03_Testing\02_LNG测试\260709\富瑞泵老程序测试_0709\1125rpm\1125.mp4,9.7337641723356,-26.901789214528456,-40.29958602511045,-27.105085667686176,13.397796810582,-19.49269921673421
富瑞自研,1125,C:\FRCloud\FRQ\04_Pump Development\06_HPDI低温泵_加密\03_Testing\02_LNG测试\260709\富瑞泵老程序测试_0709\1125rpm\1125.mp4,10.510657596371882,-37.22795420442204,-36.77711585888069,-52.456741657225415,-0.4508383455413528,-31.144802670700177
富瑞自研,1125,C:\FRCloud\FRQ\04_Pump Development\06_HPDI低温泵_加密\03_Testing\02_LNG测试\260709\富瑞泵老程序测试_0709\1125rpm\1125.mp4,11.356281179138321,-25.454293782797997,-38.738005888333305,-25.663133572521378,13.283712105535306,-18.113577156301368
富瑞自研,1125,C:\FRCloud\FRQ\04_Pump Development\06_HPDI低温泵_加密\03_Testing\02_LNG测试\260709\富瑞泵老程序测试_0709\1125rpm\1125.mp4,12.136666666666667,-37.9132950297138,-35.32952397545587,-53.142082482517175,-2.5837710542579275,-31.80277988077007
富瑞自研,1125,C:\FRCloud\FRQ\04_Pump Development\06_HPDI低温泵_加密\03_Testing\02_LNG测试\260709\富瑞泵老程序测试_0709\1125rpm\1125.mp4,12.874829931972789,-26.57377082601859,-39.80898602316615,-26.78501372808554,13.235215197147557,-19.015382794558214
富瑞自研,1125,C:\FRCloud\FRQ\04_Pump Development\06_HPDI低温泵_加密\03_Testing\02_LNG测试\260709\富瑞泵老程序测试_0709\1125rpm\1125.mp4,13.63952380952381,-36.81679583848626,-35.3326592821874,-52.04558329128963,-1.4841365562988535,-31.609119678769318
富瑞自研,1125,C:\FRCloud\FRQ\04_Pump Development\06_HPDI低温泵_加密\03_Testing\02_LNG测试\260709\富瑞泵老程序测试_0709\1125rpm\1125.mp4,14.497460317460318,-25.336172822697716,-37.674097932545465,-25.597380988935086,12.337925109847752,-18.007273867921192
富瑞自研,1125,C:\FRCloud\FRQ\04_Pump Development\06_HPDI低温泵_加密\03_Testing\02_LNG测试\260709\富瑞泵老程序测试_0709\1125rpm\1125.mp4,15.164943310657597,-36.044961853794305,-30.535215693827293,-51.273749306597686,-5.509746159967014,-30.014934472614236
富瑞自研,1125,C:\FRCloud\FRQ\04_Pump Development\06_HPDI低温泵_加密\03_Testing\02_LNG测试\260709\富瑞泵老程序测试_0709\1125rpm\1125.mp4,16.017142857142858,-25.674577720799302,-39.236864380084306,-25.87014551682251,13.562286659285004,-18.55080962854983
富瑞自研,1125,C:\FRCloud\FRQ\04_Pump Development\06_HPDI低温泵_加密\03_Testing\02_LNG测试\260709\富瑞泵老程序测试_0709\1125rpm\1125.mp4,16.810249433106577,-37.444359163922144,-36.296525133125066,-52.67314661672552,-1.147834030797079,-32.66680675484102
富瑞自研,1125,C:\FRCloud\FRQ\04_Pump Development\06_HPDI低温泵_加密\03_Testing\02_LNG测试\260709\富瑞泵老程序测试_0709\1125rpm\1125.mp4,17.637256235827664,-24.78151598447571,-37.62682276772139,-25.01313987754348,12.84530678324568,-17.332241733826148
富瑞自研,1125,C:\FRCloud\FRQ\04_Pump Development\06_HPDI低温泵_加密\03_Testing\02_LNG测试\260709\富瑞泵老程序测试_0709\1125rpm\1125.mp4,18.31526077097506,-35.70895327449799,-30.113097298572985,-50.937740727301374,-5.595855975925011,-29.508648770447937
富瑞自研,1125,C:\FRCloud\FRQ\04_Pump Development\06_HPDI低温泵_加密\03_Testing\02_LNG测试\260709\富瑞泵老程序测试_0709\1125rpm\1125.mp4,19.15687074829932,-25.82779900989599,-39.362321465695274,-26.024649923443455,13.534522455799287,-18.7759217882137
富瑞自研,1125,C:\FRCloud\FRQ\04_Pump Development\06_HPDI低温泵_加密\03_Testing\02_LNG测试\260709\富瑞泵老程序测试_0709\1125rpm\1125.mp4,20.77861678004535,-25.556586123342832,-38.7888545425393,-25.76797595351424,13.23226841919647,-18.15377710754298
富瑞自研,1125,C:\FRCloud\FRQ\04_Pump Development\06_HPDI低温泵_加密\03_Testing\02_LNG测试\260709\富瑞泵老程序测试_0709\1125rpm\1125.mp4,21.543582766439908,-36.664865045806586,-34.50750037409291,-51.89365249860997,-2.157364671713676,-30.60291710952294
富瑞自研,1125,C:\FRCloud\FRQ\04_Pump Development\06_HPDI低温泵_加密\03_Testing\02_LNG测试\260709\富瑞泵老程序测试_0709\1125rpm\1125.mp4,22.29684807256236,-26.32071048456574,-39.520446637123726,-26.533729368971922,13.199736152557985,-18.979667882122314
富瑞自研,1125,C:\FRCloud\FRQ\04_Pump Development\06_HPDI低温泵_加密\03_Testing\02_LNG测试\260709\富瑞泵老程序测试_0709\1125rpm\1125.mp4,23.91857142857143,-25.339307122112686,-39.23054736683821,-25.520307241770603,13.891240244725525,-18.123115059744045
富瑞自研,1125,C:\FRCloud\FRQ\04_Pump Development\06_HPDI低温泵_加密\03_Testing\02_LNG测试\260709\富瑞泵老程序测试_0709\1125rpm\1125.mp4,25.437256235827665,-26.553672065078757,-39.26104808726828,-26.79298003644137,12.707376022189521,-19.52932903670859
