product,series_id,speed_rpm,event_index,time_s,thump_level_est_dba,event_energy_est_dba,raw_peak_est_dba,raw_low_band_dbfs,local_background_est_dba,exhaust_ratio_db,wav
富瑞初始,FR_INIT_260709_600,600,1,1.44,77.40581059163644,75.82939901645199,77.5890567350693,-39.625137067651856,63.75026114065161,15.070196175080156,C:\Users\admin\Documents\Codex\2026-07-13\yi-j\work\hpdi_thump_loudness_quant\wav\富瑞自研_600rpm_600.wav
富瑞初始,FR_INIT_260709_600,600,2,2.96,74.98060539763657,71.9476144675718,75.3161023511405,-41.89809145158067,64.02847641179079,17.866849237031424,C:\Users\admin\Documents\Codex\2026-07-13\yi-j\work\hpdi_thump_loudness_quant\wav\富瑞自研_600rpm_600.wav
富瑞初始,FR_INIT_260709_600,600,3,4.78,87.86702383864237,86.2947997533953,87.8959961513348,-29.318197651386374,66.12350657330592,6.264398196377957,C:\Users\admin\Documents\Codex\2026-07-13\yi-j\work\hpdi_thump_loudness_quant\wav\富瑞自研_600rpm_600.wav
富瑞初始,FR_INIT_260709_600,600,4,6.2,73.31265652732122,70.92859123527285,73.97724050653017,-43.236953296191004,65.49684070088774,16.615076593817992,C:\Users\admin\Documents\Codex\2026-07-13\yi-j\work\hpdi_thump_loudness_quant\wav\富瑞自研_600rpm_600.wav
富瑞初始,FR_INIT_260709_600,600,5,8.22,81.8510928758657,79.67130266437337,81.91345350175345,-35.30074030096771,63.45357203947533,8.972636007198723,C:\Users\admin\Documents\Codex\2026-07-13\yi-j\work\hpdi_thump_loudness_quant\wav\富瑞自研_600rpm_600.wav
富瑞初始,FR_INIT_260709_600,600,6,9.74,74.42683594855768,72.19658822337946,74.76076521221573,-42.45342859050544,63.45357203947533,18.244132764703927,C:\Users\admin\Documents\Codex\2026-07-13\yi-j\work\hpdi_thump_loudness_quant\wav\富瑞自研_600rpm_600.wav
富瑞初始,FR_INIT_260709_600,600,7,11.88,77.41514337474169,76.14027631937401,77.59720905551276,-39.6169847472084,63.73093201561999,13.53949313123395,C:\Users\admin\Documents\Codex\2026-07-13\yi-j\work\hpdi_thump_loudness_quant\wav\富瑞自研_600rpm_600.wav
富瑞初始,FR_INIT_260709_600,600,8,13.34,75.0686099539096,72.69596552158251,75.37659269566561,-41.83760110705556,63.73093201561999,17.14337655087035,C:\Users\admin\Documents\Codex\2026-07-13\yi-j\work\hpdi_thump_loudness_quant\wav\富瑞自研_600rpm_600.wav
富瑞初始,FR_INIT_260709_600,600,9,15.1,62.59573851892178,51.841821444923625,66.87667657795534,-50.33751722476583,64.84817745962157,25.231815053890507,C:\Users\admin\Documents\Codex\2026-07-13\yi-j\work\hpdi_thump_loudness_quant\wav\富瑞自研_600rpm_600.wav
富瑞初始,FR_INIT_260709_600,600,10,15.52,78.70169669249414,77.20803596523797,78.86277772633542,-38.35141607638575,64.47508711582955,12.842700814606498,C:\Users\admin\Documents\Codex\2026-07-13\yi-j\work\hpdi_thump_loudness_quant\wav\富瑞自研_600rpm_600.wav
富瑞初始,FR_INIT_260709_600,600,11,17.06,74.3861969471718,71.34990423819463,74.82494899302671,-42.38924480969445,64.65176814286048,16.626720820946414,C:\Users\admin\Documents\Codex\2026-07-13\yi-j\work\hpdi_thump_loudness_quant\wav\富瑞自研_600rpm_600.wav
富瑞初始,FR_INIT_260709_600,600,12,18.62,64.54653097432669,52.950011796372166,67.66690370431377,-49.5472900984074,64.76395552742233,23.627470026161348,C:\Users\admin\Documents\Codex\2026-07-13\yi-j\work\hpdi_thump_loudness_quant\wav\富瑞自研_600rpm_600.wav
富瑞初始,FR_INIT_260709_600,600,13,19.26,77.6213007209644,76.65643599402227,77.81119229946829,-39.40300150325288,64.12380639021535,13.151123309052117,C:\Users\admin\Documents\Codex\2026-07-13\yi-j\work\hpdi_thump_loudness_quant\wav\富瑞自研_600rpm_600.wav
富瑞初始,FR_INIT_260709_600,600,14,20.84,76.10963043890997,73.52145130234948,76.38168548059028,-40.8325083221309,64.21509270697896,18.073535479355236,C:\Users\admin\Documents\Codex\2026-07-13\yi-j\work\hpdi_thump_loudness_quant\wav\富瑞自研_600rpm_600.wav
富瑞初始,FR_INIT_260709_600,600,15,21.82,66.35451137128427,52.9483078645047,69.33655713537371,-47.87763666734746,66.2978179666031,22.100970462068744,C:\Users\admin\Documents\Codex\2026-07-13\yi-j\work\hpdi_thump_loudness_quant\wav\富瑞自研_600rpm_600.wav
富瑞初始,FR_INIT_260709_600,600,16,22.22,86.89453217348802,85.72150123825048,86.93799584800496,-30.276197954716203,66.91970341956745,5.27996108864339,C:\Users\admin\Documents\Codex\2026-07-13\yi-j\work\hpdi_thump_loudness_quant\wav\富瑞自研_600rpm_600.wav
富瑞初始,FR_INIT_260709_600,600,17,23.62,75.76153327152545,73.48233496928037,76.27300113003699,-40.94119267268418,66.73011708066457,15.322764746035414,C:\Users\admin\Documents\Codex\2026-07-13\yi-j\work\hpdi_thump_loudness_quant\wav\富瑞自研_600rpm_600.wav
富瑞初始,FR_INIT_260709_600,600,18,25.36,87.75402800712676,85.6130318025998,87.78798425411134,-29.426209548609833,66.70237091797755,5.0395830937865185,C:\Users\admin\Documents\Codex\2026-07-13\yi-j\work\hpdi_thump_loudness_quant\wav\富瑞自研_600rpm_600.wav
富瑞初始,FR_INIT_260709_600,600,19,26.78,73.53578677459379,71.68416129420237,74.31237591126705,-42.90181789145411,66.45393591523283,17.149458510655982,C:\Users\admin\Documents\Codex\2026-07-13\yi-j\work\hpdi_thump_loudness_quant\wav\富瑞自研_600rpm_600.wav
富瑞初始,FR_INIT_260709_600,600,20,28.06,66.16802993254909,53.00278512951262,69.51936082194936,-47.69483298077181,66.82525104611699,22.471340937110703,C:\Users\admin\Documents\Codex\2026-07-13\yi-j\work\hpdi_thump_loudness_quant\wav\富瑞自研_600rpm_600.wav
富瑞初始,FR_INIT_260709_600,600,21,28.6,86.64084130340724,85.62192393648358,86.68965318517506,-30.524540617546112,67.17268249669702,7.106723918237467,C:\Users\admin\Documents\Codex\2026-07-13\yi-j\work\hpdi_thump_loudness_quant\wav\富瑞自研_600rpm_600.wav
富瑞初始,FR_INIT_260709_600,600,22,29.98,76.45434857000052,73.64311604066496,76.99441402526828,-40.219779777452885,67.67380013294844,14.772097856401984,C:\Users\admin\Documents\Codex\2026-07-13\yi-j\work\hpdi_thump_loudness_quant\wav\富瑞自研_600rpm_600.wav
富瑞初始,FR_INIT_260709_600,600,23,31.84,87.12641266932701,86.47805520746039,87.1721555048718,-30.042038297849366,67.37469187396083,8.42596515817274,C:\Users\admin\Documents\Codex\2026-07-13\yi-j\work\hpdi_thump_loudness_quant\wav\富瑞自研_600rpm_600.wav
富瑞初始,FR_INIT_260709_600,600,24,33.26,75.81026341635186,73.76444132680008,76.41235846669149,-40.80183533602968,67.53359588156331,17.097998105100974,C:\Users\admin\Documents\Codex\2026-07-13\yi-j\work\hpdi_thump_loudness_quant\wav\富瑞自研_600rpm_600.wav
富瑞初始,FR_INIT_260709_600,600,25,34.68,66.01348171841597,53.1464613283419,69.15010859238615,-48.06408521033502,66.26256460158655,22.817797792736577,C:\Users\admin\Documents\Codex\2026-07-13\yi-j\work\hpdi_thump_loudness_quant\wav\富瑞自研_600rpm_600.wav
富瑞初始,FR_INIT_260709_600,600,26,35.28,83.39308327199568,81.38383149653252,83.45618365035233,-33.75801015236884,65.04714818182549,10.104025136212961,C:\Users\admin\Documents\Codex\2026-07-13\yi-j\work\hpdi_thump_loudness_quant\wav\富瑞自研_600rpm_600.wav
富瑞初始,FR_INIT_260709_600,600,27,36.76,75.01789194480943,71.55337219805241,75.3856633460613,-41.828530456659855,64.4810116580082,16.594986229269903,C:\Users\admin\Documents\Codex\2026-07-13\yi-j\work\hpdi_thump_loudness_quant\wav\富瑞自研_600rpm_600.wav
富瑞初始,FR_INIT_260709_600,600,28,37.3,67.4327319875074,52.681025570597356,69.21325904589071,-48.00093475683045,64.4810116580082,25.5041389171393,C:\Users\admin\Documents\Codex\2026-07-13\yi-j\work\hpdi_thump_loudness_quant\wav\富瑞自研_600rpm_600.wav
富瑞初始,FR_INIT_260709_600,600,29,38.4,65.03037764846829,52.009351440536435,68.18834562481436,-49.02584817790681,65.32085737765179,23.071823656089823,C:\Users\admin\Documents\Codex\2026-07-13\yi-j\work\hpdi_thump_loudness_quant\wav\富瑞自研_600rpm_600.wav
富瑞初始,FR_INIT_260709_600,600,30,38.72,84.72515617837288,82.26504362543176,84.77640866657553,-32.437785136145635,65.47011405481686,6.430378556927849,C:\Users\admin\Documents\Codex\2026-07-13\yi-j\work\hpdi_thump_loudness_quant\wav\富瑞自研_600rpm_600.wav
富瑞初始,FR_INIT_260709_600,600,31,40.16,75.7954341139546,73.94563520797807,76.18232116010059,-41.031872642620584,65.48831237787768,15.215397283526276,C:\Users\admin\Documents\Codex\2026-07-13\yi-j\work\hpdi_thump_loudness_quant\wav\富瑞自研_600rpm_600.wav
富瑞初始,FR_INIT_260709_600,600,32,41.86,68.35904100296662,53.31106470781522,70.07707001466616,-47.13712378805501,65.21879867697078,22.24774213944497,C:\Users\admin\Documents\Codex\2026-07-13\yi-j\work\hpdi_thump_loudness_quant\wav\富瑞自研_600rpm_600.wav
富瑞初始,FR_INIT_260709_600,600,33,42.28,79.84613970715472,77.93447346717306,79.96489961188618,-37.24929419083499,64.27451026546231,13.458648089547637,C:\Users\admin\Documents\Codex\2026-07-13\yi-j\work\hpdi_thump_loudness_quant\wav\富瑞自研_600rpm_600.wav
东德基准,DD_BASE_260707_700,700,1,0.5,74.11976258253836,70.16205975769842,74.11976258253836,-43.094431220182805,-282.7858061972788,16.33514594058058,C:\Users\admin\Documents\Codex\2026-07-13\yi-j\work\hpdi_thump_loudness_quant\wav\东德竞品_700rpm_700.wav
东德基准,DD_BASE_260707_700,700,2,2.02,82.74763834507377,79.37579590556633,82.79898792797536,-34.4152058747458,63.50086452397112,12.070035732769583,C:\Users\admin\Documents\Codex\2026-07-13\yi-j\work\hpdi_thump_loudness_quant\wav\东德竞品_700rpm_700.wav
东德基准,DD_BASE_260707_700,700,3,3.24,71.80230022373732,69.928054660702,72.4011968233379,-44.812996979383264,63.50086452397112,23.401579969959176,C:\Users\admin\Documents\Codex\2026-07-13\yi-j\work\hpdi_thump_loudness_quant\wav\东德竞品_700rpm_700.wav
东德基准,DD_BASE_260707_700,700,4,4.84,78.26063031769108,73.61434720747994,78.38594252695194,-38.828251275769226,62.925527832800796,16.99521239717086,C:\Users\admin\Documents\Codex\2026-07-13\yi-j\work\hpdi_thump_loudness_quant\wav\东德竞品_700rpm_700.wav
东德基准,DD_BASE_260707_700,700,5,6.08,70.3737946074223,67.83634216013121,71.15311002266604,-46.06108378005513,63.308567119798695,24.62218537813068,C:\Users\admin\Documents\Codex\2026-07-13\yi-j\work\hpdi_thump_loudness_quant\wav\东德竞品_700rpm_700.wav
东德基准,DD_BASE_260707_700,700,6,7.68,76.87001486596793,72.49484398044481,76.98931531015161,-40.22487849256956,61.31837912975052,16.394808041832704,C:\Users\admin\Documents\Codex\2026-07-13\yi-j\work\hpdi_thump_loudness_quant\wav\东德竞品_700rpm_700.wav
东德基准,DD_BASE_260707_700,700,7,8.92,70.07418209107477,67.30797554612744,70.61714840940638,-46.59704539331478,61.31837912975052,24.3268239653086,C:\Users\admin\Documents\Codex\2026-07-13\yi-j\work\hpdi_thump_loudness_quant\wav\东德竞品_700rpm_700.wav
东德基准,DD_BASE_260707_700,700,8,13.8,69.97741792500756,69.08165155738989,70.38406886643756,-46.83012493628361,59.89670451644752,23.279198405261315,C:\Users\admin\Documents\Codex\2026-07-13\yi-j\work\hpdi_thump_loudness_quant\wav\东德竞品_700rpm_700.wav
东德基准,DD_BASE_260707_700,700,9,15.14,71.58263834404178,68.62770777836657,71.906304228814,-45.307889573907175,60.46860246195556,19.600712905485437,C:\Users\admin\Documents\Codex\2026-07-13\yi-j\work\hpdi_thump_loudness_quant\wav\东德竞品_700rpm_700.wav
东德基准,DD_BASE_260707_700,700,10,16.7,79.22030999645517,74.98919488652191,79.30190394286257,-37.91228985985861,61.99990711899203,13.3104591841306,C:\Users\admin\Documents\Codex\2026-07-13\yi-j\work\hpdi_thump_loudness_quant\wav\东德竞品_700rpm_700.wav
东德基准,DD_BASE_260707_700,700,11,17.94,71.39369585160807,68.81510745155668,71.86636541005095,-45.34782839267023,61.99990711899203,18.70509450174335,C:\Users\admin\Documents\Codex\2026-07-13\yi-j\work\hpdi_thump_loudness_quant\wav\东德竞品_700rpm_700.wav
东德基准,DD_BASE_260707_700,700,12,18.8,70.77809467094724,66.5615769141401,71.3463360970965,-45.86785770562468,62.23279866580043,21.20706166580135,C:\Users\admin\Documents\Codex\2026-07-13\yi-j\work\hpdi_thump_loudness_quant\wav\东德竞品_700rpm_700.wav
东德基准,DD_BASE_260707_700,700,13,19.24,70.22065901983487,64.39933229321613,70.9270564396951,-46.28713736302607,62.691292037106045,21.21256909914551,C:\Users\admin\Documents\Codex\2026-07-13\yi-j\work\hpdi_thump_loudness_quant\wav\东德竞品_700rpm_700.wav
东德基准,DD_BASE_260707_700,700,14,19.64,73.01740332137462,66.98982724325575,73.40808884591516,-43.80610495680601,62.75464047265247,15.651292398219553,C:\Users\admin\Documents\Codex\2026-07-13\yi-j\work\hpdi_thump_loudness_quant\wav\东德竞品_700rpm_700.wav
东德基准,DD_BASE_260707_700,700,15,20.94,72.37765842038802,68.35424635878752,72.82724100946608,-44.38695279325509,62.75464047265247,18.571914930174575,C:\Users\admin\Documents\Codex\2026-07-13\yi-j\work\hpdi_thump_loudness_quant\wav\东德竞品_700rpm_700.wav
东德基准,DD_BASE_260707_700,700,16,21.86,67.95088358436797,53.44908070660682,69.81925180104724,-47.394942001673925,65.25528888282572,22.967041237741057,C:\Users\admin\Documents\Codex\2026-07-13\yi-j\work\hpdi_thump_loudness_quant\wav\东德竞品_700rpm_700.wav
东德基准,DD_BASE_260707_700,700,17,22.2,87.04685287142478,85.81696671596012,87.08067931316613,-30.13351448955504,65.97849711757718,4.3731881945756435,C:\Users\admin\Documents\Codex\2026-07-13\yi-j\work\hpdi_thump_loudness_quant\wav\东德竞品_700rpm_700.wav
东德基准,DD_BASE_260707_700,700,18,23.4,71.90609174237102,69.18508134436092,73.09785571250944,-44.11633809021173,66.8996511087315,21.30940255569595,C:\Users\admin\Documents\Codex\2026-07-13\yi-j\work\hpdi_thump_loudness_quant\wav\东德竞品_700rpm_700.wav
东德基准,DD_BASE_260707_700,700,19,24.92,82.45886914293098,79.03185743037683,82.54898154121992,-34.66521226150125,65.67400561864281,6.486999603383847,C:\Users\admin\Documents\Codex\2026-07-13\yi-j\work\hpdi_thump_loudness_quant\wav\东德竞品_700rpm_700.wav
东德基准,DD_BASE_260707_700,700,20,26.04,74.67476206314026,71.28576917857532,75.18964690751103,-42.024546895210136,65.67400561864281,15.69131312046638,C:\Users\admin\Documents\Codex\2026-07-13\yi-j\work\hpdi_thump_loudness_quant\wav\东德竞品_700rpm_700.wav
东德基准,DD_BASE_260707_700,700,21,27.64,81.42551508049814,77.08937011828559,81.53085409462985,-35.683339708091324,65.32634042793985,9.276011049143179,C:\Users\admin\Documents\Codex\2026-07-13\yi-j\work\hpdi_thump_loudness_quant\wav\东德竞品_700rpm_700.wav
东德基准,DD_BASE_260707_700,700,22,28.88,74.093484229035,70.54778023257398,74.63511927189577,-42.57907453082539,65.32634042793985,17.266081496190075,C:\Users\admin\Documents\Codex\2026-07-13\yi-j\work\hpdi_thump_loudness_quant\wav\东德竞品_700rpm_700.wav
东德基准,DD_BASE_260707_700,700,23,30.48,81.49759404972971,76.79921716065392,81.59480414192018,-35.619389660800984,65.04556019482345,15.988861455258313,C:\Users\admin\Documents\Codex\2026-07-13\yi-j\work\hpdi_thump_loudness_quant\wav\东德竞品_700rpm_700.wav
东德基准,DD_BASE_260707_700,700,24,31.72,74.9359718226026,72.2824465518976,75.35997631214771,-41.85421749057346,65.04556019482345,19.5057311681403,C:\Users\admin\Documents\Codex\2026-07-13\yi-j\work\hpdi_thump_loudness_quant\wav\东德竞品_700rpm_700.wav
东德基准,DD_BASE_260707_700,700,25,32.88,70.1004408229816,55.33956981915979,70.99060439529563,-46.223589407425536,63.66997729934492,22.855200005942454,C:\Users\admin\Documents\Codex\2026-07-13\yi-j\work\hpdi_thump_loudness_quant\wav\东德竞品_700rpm_700.wav
东德基准,DD_BASE_260707_700,700,26,33.3,81.28380986612709,76.83317595405256,81.36545254950703,-35.84874125321414,64.06602474833593,11.150039737461235,C:\Users\admin\Documents\Codex\2026-07-13\yi-j\work\hpdi_thump_loudness_quant\wav\东德竞品_700rpm_700.wav
东德基准,DD_BASE_260707_700,700,27,34.56,74.15604092718007,71.52206359543332,74.5618611530571,-42.652332649664075,64.06602474833593,21.70790087599222,C:\Users\admin\Documents\Codex\2026-07-13\yi-j\work\hpdi_thump_loudness_quant\wav\东德竞品_700rpm_700.wav
东德基准,DD_BASE_260707_700,700,28,35.88,69.21876609296206,58.673542119534915,70.34515258291478,-46.869041219806384,63.933156223932,23.18332928429993,C:\Users\admin\Documents\Codex\2026-07-13\yi-j\work\hpdi_thump_loudness_quant\wav\东德竞品_700rpm_700.wav
东德基准,DD_BASE_260707_700,700,29,36.26,74.58129531636328,68.66088920466034,74.96973444368842,-42.244459359032746,64.29234897413777,16.773844059969715,C:\Users\admin\Documents\Codex\2026-07-13\yi-j\work\hpdi_thump_loudness_quant\wav\东德竞品_700rpm_700.wav
东德基准,DD_BASE_260707_700,700,30,37.54,74.837421512734,71.99321602605085,75.20452831173948,-42.00966549098169,64.29234897413777,18.378609901492947,C:\Users\admin\Documents\Codex\2026-07-13\yi-j\work\hpdi_thump_loudness_quant\wav\东德竞品_700rpm_700.wav
东德基准,DD_BASE_260707_700,700,31,38.5,68.33031664054147,55.10125096724728,70.27676379116676,-46.937430011554405,65.85441138152896,21.7775876462931,C:\Users\admin\Documents\Codex\2026-07-13\yi-j\work\hpdi_thump_loudness_quant\wav\东德竞品_700rpm_700.wav
东德基准,DD_BASE_260707_700,700,32,38.82,87.0688781134422,86.27250803122806,87.10987803973603,-30.104315762985138,66.83938185103241,8.937964464785594,C:\Users\admin\Documents\Codex\2026-07-13\yi-j\work\hpdi_thump_loudness_quant\wav\东德竞品_700rpm_700.wav
东德基准,DD_BASE_260707_700,700,33,40.02,71.45769590780645,68.99904170897805,73.03044077936994,-44.18375302335122,67.85651339758519,19.55742831625859,C:\Users\admin\Documents\Codex\2026-07-13\yi-j\work\hpdi_thump_loudness_quant\wav\东德竞品_700rpm_700.wav
东德基准,DD_BASE_260707_700,700,34,41.54,82.57929939226217,80.20104988073919,82.66497076695273,-34.54922303576843,65.57271973996448,10.74538567940866,C:\Users\admin\Documents\Codex\2026-07-13\yi-j\work\hpdi_thump_loudness_quant\wav\东德竞品_700rpm_700.wav
东德基准,DD_BASE_260707_700,700,35,42.66,73.50829663074737,71.35853066986837,74.15608712702108,-43.05810667570009,65.57271973996448,16.83649540624002,C:\Users\admin\Documents\Codex\2026-07-13\yi-j\work\hpdi_thump_loudness_quant\wav\东德竞品_700rpm_700.wav
东德基准,DD_BASE_260707_700,700,36,44.26,80.28055984701757,75.76011070832074,80.38466515858472,-36.829528644136445,64.1296022519615,14.700810730637919,C:\Users\admin\Documents\Codex\2026-07-13\yi-j\work\hpdi_thump_loudness_quant\wav\东德竞品_700rpm_700.wav
东德基准,DD_BASE_260707_700,700,37,45.52,71.42990087031762,68.79844586465974,72.1714650947001,-45.04272870802108,64.1296022519615,21.544745093730068,C:\Users\admin\Documents\Codex\2026-07-13\yi-j\work\hpdi_thump_loudness_quant\wav\东德竞品_700rpm_700.wav
东德基准,DD_BASE_260707_700,700,38,47.1,79.47478641132946,75.01126331630016,79.57637962066022,-37.63781418206094,63.21648572411094,10.929420659708597,C:\Users\admin\Documents\Codex\2026-07-13\yi-j\work\hpdi_thump_loudness_quant\wav\东德竞品_700rpm_700.wav
东德基准,DD_BASE_260707_700,700,39,48.34,72.67734832010127,69.73598528180823,73.1431487518436,-44.07104505087758,63.21648572411094,18.33961125127403,C:\Users\admin\Documents\Codex\2026-07-13\yi-j\work\hpdi_thump_loudness_quant\wav\东德竞品_700rpm_700.wav
东德基准,DD_BASE_260707_700,700,40,49.0,64.4656752600535,53.66973642041675,66.8961405323658,-50.318053270355364,63.21648572411094,29.41939469045278,C:\Users\admin\Documents\Codex\2026-07-13\yi-j\work\hpdi_thump_loudness_quant\wav\东德竞品_700rpm_700.wav
东德基准,DD_BASE_260707_700,700,41,50.06,73.7509965512756,70.2303209156895,74.05495748378951,-43.15923631893167,62.35419797124764,19.904341042724756,C:\Users\admin\Documents\Codex\2026-07-13\yi-j\work\hpdi_thump_loudness_quant\wav\东德竞品_700rpm_700.wav
东德基准,DD_BASE_260707_700,700,42,51.3,72.1198343088491,69.1213830741459,72.55559731723983,-44.65859648548134,62.35419797124764,17.01737843941902,C:\Users\admin\Documents\Codex\2026-07-13\yi-j\work\hpdi_thump_loudness_quant\wav\东德竞品_700rpm_700.wav
东德基准,DD_BASE_260707_700,700,43,52.96,77.42330498381554,73.32331708315515,77.49666712799431,-39.717526674726855,59.736914739394386,12.654266551707536,C:\Users\admin\Documents\Codex\2026-07-13\yi-j\work\hpdi_thump_loudness_quant\wav\东德竞品_700rpm_700.wav
东德基准,DD_BASE_260707_700,700,44,54.24,74.06912866254132,70.87075897367541,74.22640926214116,-42.98778454058001,59.736914739394386,18.468295304656575,C:\Users\admin\Documents\Codex\2026-07-13\yi-j\work\hpdi_thump_loudness_quant\wav\东德竞品_700rpm_700.wav
东德基准,DD_BASE_260707_700,700,45,55.6,69.26774967788334,57.91147051166219,70.13090842384793,-47.08328537887324,62.68953836086324,24.999709161268544,C:\Users\admin\Documents\Codex\2026-07-13\yi-j\work\hpdi_thump_loudness_quant\wav\东德竞品_700rpm_700.wav
东德基准,DD_BASE_260707_700,700,46,55.9,76.69548121510815,71.50305711435792,76.86696414321514,-40.347229659506034,62.7458705962289,15.664492042450064,C:\Users\admin\Documents\Codex\2026-07-13\yi-j\work\hpdi_thump_loudness_quant\wav\东德竞品_700rpm_700.wav
东德基准,DD_BASE_260707_700,700,47,57.18,72.92175457661168,71.14475319992437,73.31998308710666,-43.8942107156145,62.7458705962289,19.180120032689075,C:\Users\admin\Documents\Codex\2026-07-13\yi-j\work\hpdi_thump_loudness_quant\wav\东德竞品_700rpm_700.wav
东德基准,DD_BASE_260707_700,700,48,58.24,68.52603445344033,54.52102663742959,70.01976551488072,-47.19442828784045,64.65916660582849,23.89195620114251,C:\Users\admin\Documents\Codex\2026-07-13\yi-j\work\hpdi_thump_loudness_quant\wav\东德竞品_700rpm_700.wav
东德基准,DD_BASE_260707_700,700,49,58.58,85.51378475750508,84.36229960329544,85.55533040210285,-31.65886340061832,65.34198604274772,9.000113089184918,C:\Users\admin\Documents\Codex\2026-07-13\yi-j\work\hpdi_thump_loudness_quant\wav\东德竞品_700rpm_700.wav
东德基准,DD_BASE_260707_700,700,50,59.78,72.41898285225201,69.50780703897506,73.31026894832125,-43.90392485439992,65.9945728999396,20.14296879047458,C:\Users\admin\Documents\Codex\2026-07-13\yi-j\work\hpdi_thump_loudness_quant\wav\东德竞品_700rpm_700.wav
东德基准,DD_BASE_260707_700,700,51,60.88,69.86520409149685,54.151841804782386,70.86246401955577,-46.35172978316539,63.98361203840964,26.821088722562106,C:\Users\admin\Documents\Codex\2026-07-13\yi-j\work\hpdi_thump_loudness_quant\wav\东德竞品_700rpm_700.wav
东德基准,DD_BASE_260707_700,700,52,61.3,80.07250339573562,78.31158552720125,80.17258486585916,-37.041608936862,63.74833387680599,18.581011020043768,C:\Users\admin\Documents\Codex\2026-07-13\yi-j\work\hpdi_thump_loudness_quant\wav\东德竞品_700rpm_700.wav
东德基准,DD_BASE_260707_700,700,53,62.44,70.44388634567704,66.33401879584201,71.286127824801,-45.92806597792017,63.74833387680599,20.252035097847337,C:\Users\admin\Documents\Codex\2026-07-13\yi-j\work\hpdi_thump_loudness_quant\wav\东德竞品_700rpm_700.wav
东德基准,DD_BASE_260707_700,700,54,64.04,75.96063176568477,73.38898213612777,76.1691552635376,-41.045038539183565,62.87901757829448,10.661822416502453,C:\Users\admin\Documents\Codex\2026-07-13\yi-j\work\hpdi_thump_loudness_quant\wav\东德竞品_700rpm_700.wav
东德基准,DD_BASE_260707_700,700,55,65.26,71.65249203197358,68.78999076534225,72.24216373819071,-44.97203006453046,63.27892315038258,23.2614432811524,C:\Users\admin\Documents\Codex\2026-07-13\yi-j\work\hpdi_thump_loudness_quant\wav\东德竞品_700rpm_700.wav
东德基准,DD_BASE_260707_700,700,56,66.2,67.2157206135443,53.08818842619934,68.42762227491569,-48.78657152780548,62.292583922602006,23.460261082242386,C:\Users\admin\Documents\Codex\2026-07-13\yi-j\work\hpdi_thump_loudness_quant\wav\东德竞品_700rpm_700.wav
东德基准,DD_BASE_260707_700,700,57,66.86,77.74135555009497,73.80385026381452,77.86347556258575,-39.35071824013542,62.292583922602006,10.766967415775937,C:\Users\admin\Documents\Codex\2026-07-13\yi-j\work\hpdi_thump_loudness_quant\wav\东德竞品_700rpm_700.wav
东德基准,DD_BASE_260707_700,700,58,68.06,73.67285671748242,69.83031263913054,73.98716675301223,-43.22702704970894,62.42669886735846,21.08610608550705,C:\Users\admin\Documents\Codex\2026-07-13\yi-j\work\hpdi_thump_loudness_quant\wav\东德竞品_700rpm_700.wav
东德基准,DD_BASE_260707_700,700,59,69.06,68.02021170748257,60.862889960755176,68.90869137427978,-48.305502428441386,61.58065426962878,23.631007794706154,C:\Users\admin\Documents\Codex\2026-07-13\yi-j\work\hpdi_thump_loudness_quant\wav\东德竞品_700rpm_700.wav
东德基准,DD_BASE_260707_700,700,60,69.82,71.5732926797472,68.97326632340777,71.96402390926023,-45.250169893460935,61.311061062761716,20.73834110068707,C:\Users\admin\Documents\Codex\2026-07-13\yi-j\work\hpdi_thump_loudness_quant\wav\东德竞品_700rpm_700.wav
富瑞初始,FR_INIT_260709_700,700,1,1.48,88.06501052116852,86.079253519422,88.10941695511275,-29.104776847608417,68.18384852987535,5.657300232398324,C:\Users\admin\Documents\Codex\2026-07-13\yi-j\work\hpdi_thump_loudness_quant\wav\富瑞自研_700rpm_700.wav
富瑞初始,FR_INIT_260709_700,700,2,2.58,73.85965435236201,70.27428068558649,75.02371886277861,-42.19047493994256,68.73660666311982,18.11454122470824,C:\Users\admin\Documents\Codex\2026-07-13\yi-j\work\hpdi_thump_loudness_quant\wav\富瑞自研_700rpm_700.wav
富瑞初始,FR_INIT_260709_700,700,3,4.22,86.99197423899426,85.44351563615346,87.04242673180524,-30.171767070915937,67.668208085633,5.973402283543418,C:\Users\admin\Documents\Codex\2026-07-13\yi-j\work\hpdi_thump_loudness_quant\wav\富瑞自研_700rpm_700.wav
富瑞初始,FR_INIT_260709_700,700,4,5.32,73.38995917132736,70.49376361716773,74.4525689694146,-42.76162483330657,67.81798680252597,18.904918609743817,C:\Users\admin\Documents\Codex\2026-07-13\yi-j\work\hpdi_thump_loudness_quant\wav\富瑞自研_700rpm_700.wav
富瑞初始,FR_INIT_260709_700,700,5,6.46,69.31347689943121,55.11081550525648,70.89195190496984,-46.322241897751326,65.73112663440804,24.459851941360448,C:\Users\admin\Documents\Codex\2026-07-13\yi-j\work\hpdi_thump_loudness_quant\wav\富瑞自研_700rpm_700.wav
富瑞初始,FR_INIT_260709_700,700,6,7.06,82.50407493514464,80.26256432850461,82.57806212703278,-34.63613167568838,64.854843381189,11.866882933471167,C:\Users\admin\Documents\Codex\2026-07-13\yi-j\work\hpdi_thump_loudness_quant\wav\富瑞自研_700rpm_700.wav
富瑞初始,FR_INIT_260709_700,700,7,8.26,71.51940706048285,69.15675204190164,72.36712754338652,-44.84706625933465,64.854843381189,22.149612702911188,C:\Users\admin\Documents\Codex\2026-07-13\yi-j\work\hpdi_thump_loudness_quant\wav\富瑞自研_700rpm_700.wav
富瑞初始,FR_INIT_260709_700,700,8,9.42,67.01791426791758,53.39366109018145,68.61548936409699,-48.59870443862419,63.49793048591885,25.06054873644897,C:\Users\admin\Documents\Codex\2026-07-13\yi-j\work\hpdi_thump_loudness_quant\wav\富瑞自研_700rpm_700.wav
富瑞初始,FR_INIT_260709_700,700,9,10.0,80.13071522099924,78.11845700588552,80.23668520475259,-36.97750859796858,64.05779351517349,13.44129923718895,C:\Users\admin\Documents\Codex\2026-07-13\yi-j\work\hpdi_thump_loudness_quant\wav\富瑞自研_700rpm_700.wav
富瑞初始,FR_INIT_260709_700,700,10,11.18,70.46010608704647,68.39634139635453,71.35550056769094,-45.85869323503022,64.05779351517349,23.341647378682175,C:\Users\admin\Documents\Codex\2026-07-13\yi-j\work\hpdi_thump_loudness_quant\wav\富瑞自研_700rpm_700.wav
富瑞初始,FR_INIT_260709_700,700,11,12.26,64.96735507249947,52.32449356108327,67.12602466824265,-50.08816913447851,63.055323948925505,24.607497063600256,C:\Users\admin\Documents\Codex\2026-07-13\yi-j\work\hpdi_thump_loudness_quant\wav\富瑞自研_700rpm_700.wav
富瑞初始,FR_INIT_260709_700,700,12,13.02,78.74313063796833,76.77978038185614,78.85281915525297,-38.3613746474682,62.82185887457557,15.559639174124332,C:\Users\admin\Documents\Codex\2026-07-13\yi-j\work\hpdi_thump_loudness_quant\wav\富瑞自研_700rpm_700.wav
富瑞初始,FR_INIT_260709_700,700,13,14.14,71.18664625741619,69.0808725267378,71.77743387046779,-45.43675993225338,62.82185887457557,20.87449665017725,C:\Users\admin\Documents\Codex\2026-07-13\yi-j\work\hpdi_thump_loudness_quant\wav\富瑞自研_700rpm_700.wav
富瑞初始,FR_INIT_260709_700,700,14,15.5,65.19101338306722,51.4138567780075,67.14345089333955,-50.07074290938163,62.731671895861396,26.44907280714559,C:\Users\admin\Documents\Codex\2026-07-13\yi-j\work\hpdi_thump_loudness_quant\wav\富瑞自研_700rpm_700.wav
富瑞初始,FR_INIT_260709_700,700,15,16.06,76.01243095351954,74.39296329684828,76.19483306722414,-41.01936073549703,62.33640676057651,17.89206735835409,C:\Users\admin\Documents\Codex\2026-07-13\yi-j\work\hpdi_thump_loudness_quant\wav\富瑞自研_700rpm_700.wav
富瑞初始,FR_INIT_260709_700,700,16,17.28,68.5352395047627,65.82887047446879,69.46927343799209,-47.74492036472908,62.33640676057651,24.371234714869246,C:\Users\admin\Documents\Codex\2026-07-13\yi-j\work\hpdi_thump_loudness_quant\wav\富瑞自研_700rpm_700.wav
富瑞初始,FR_INIT_260709_700,700,17,18.62,65.67418331126272,51.292169457852665,67.27632137681982,-49.93787242590135,62.16900734526437,25.617668356020243,C:\Users\admin\Documents\Codex\2026-07-13\yi-j\work\hpdi_thump_loudness_quant\wav\富瑞自研_700rpm_700.wav
富瑞初始,FR_INIT_260709_700,700,18,19.02,78.02055468649168,76.23311640936622,78.13398647012329,-39.08020733259787,62.246898520713984,13.59705141766203,C:\Users\admin\Documents\Codex\2026-07-13\yi-j\work\hpdi_thump_loudness_quant\wav\富瑞自研_700rpm_700.wav
富瑞初始,FR_INIT_260709_700,700,19,20.14,67.8337926143272,66.70915410679184,68.89316813967162,-48.32102566304955,62.246898520713984,23.8168320488914,C:\Users\admin\Documents\Codex\2026-07-13\yi-j\work\hpdi_thump_loudness_quant\wav\富瑞自研_700rpm_700.wav
富瑞初始,FR_INIT_260709_700,700,20,22.04,74.20844911469656,72.79327869598373,74.47604901476524,-42.73814478795593,62.2399524301494,17.254441293580346,C:\Users\admin\Documents\Codex\2026-07-13\yi-j\work\hpdi_thump_loudness_quant\wav\富瑞自研_700rpm_700.wav
富瑞初始,FR_INIT_260709_700,700,21,23.16,69.51629591899187,68.93664532345774,70.26162910819778,-46.95256469452338,62.2399524301494,23.2456318712176,C:\Users\admin\Documents\Codex\2026-07-13\yi-j\work\hpdi_thump_loudness_quant\wav\富瑞自研_700rpm_700.wav
富瑞初始,FR_INIT_260709_700,700,22,24.5,64.6093811392819,51.320375099913974,66.36594712823731,-50.84824667448387,61.586028305243474,26.25214557046763,C:\Users\admin\Documents\Codex\2026-07-13\yi-j\work\hpdi_thump_loudness_quant\wav\富瑞自研_700rpm_700.wav
富瑞初始,FR_INIT_260709_700,700,23,25.08,74.15859670377984,73.09618691172142,74.3824003398053,-42.83179346291587,61.3918073284529,17.96530126499784,C:\Users\admin\Documents\Codex\2026-07-13\yi-j\work\hpdi_thump_loudness_quant\wav\富瑞自研_700rpm_700.wav
富瑞初始,FR_INIT_260709_700,700,24,26.28,70.5145510625079,67.23192876286514,71.0159668047393,-46.19822699798186,61.3918073284529,21.673857365163673,C:\Users\admin\Documents\Codex\2026-07-13\yi-j\work\hpdi_thump_loudness_quant\wav\富瑞自研_700rpm_700.wav
富瑞初始,FR_INIT_260709_700,700,25,26.84,65.13334142668384,51.2309861822487,66.72252333220612,-50.491670470515054,61.586028305243474,25.979038816080006,C:\Users\admin\Documents\Codex\2026-07-13\yi-j\work\hpdi_thump_loudness_quant\wav\富瑞自研_700rpm_700.wav
富瑞初始,FR_INIT_260709_700,700,26,28.04,78.14198063606179,75.9381503038523,78.24273462313207,-38.9714591795891,61.847234321408976,15.548418851690627,C:\Users\admin\Documents\Codex\2026-07-13\yi-j\work\hpdi_thump_loudness_quant\wav\富瑞自研_700rpm_700.wav
富瑞初始,FR_INIT_260709_700,700,27,29.2,70.44215399672765,67.50298194074496,71.00433979661659,-46.209854006104585,61.847234321408976,21.918113397380456,C:\Users\admin\Documents\Codex\2026-07-13\yi-j\work\hpdi_thump_loudness_quant\wav\富瑞自研_700rpm_700.wav
富瑞初始,FR_INIT_260709_700,700,28,31.06,77.46165669276726,75.5106121535444,77.55821850701241,-39.65597529570875,60.980238112497815,14.686902033429384,C:\Users\admin\Documents\Codex\2026-07-13\yi-j\work\hpdi_thump_loudness_quant\wav\富瑞自研_700rpm_700.wav
富瑞初始,FR_INIT_260709_700,700,29,32.28,66.43366660502993,63.27947350796166,67.52228163156074,-49.691912171160425,60.980238112497815,24.293183615631293,C:\Users\admin\Documents\Codex\2026-07-13\yi-j\work\hpdi_thump_loudness_quant\wav\富瑞自研_700rpm_700.wav
富瑞初始,FR_INIT_260709_700,700,30,34.2,74.56418074652188,73.26530746413496,74.79295619954819,-42.42123760317298,61.89532172689134,17.846675063004028,C:\Users\admin\Documents\Codex\2026-07-13\yi-j\work\hpdi_thump_loudness_quant\wav\富瑞自研_700rpm_700.wav
富瑞初始,FR_INIT_260709_700,700,31,35.32,70.47588704849014,68.99193658655328,71.03981828360716,-46.174375519114015,61.89532172689134,21.70603412987164,C:\Users\admin\Documents\Codex\2026-07-13\yi-j\work\hpdi_thump_loudness_quant\wav\富瑞自研_700rpm_700.wav
富瑞初始,FR_INIT_260709_700,700,32,36.72,65.82443677070313,51.44476197537807,67.27005416283828,-49.94413963988289,61.78996737140584,25.761499812195144,C:\Users\admin\Documents\Codex\2026-07-13\yi-j\work\hpdi_thump_loudness_quant\wav\富瑞自研_700rpm_700.wav
富瑞初始,FR_INIT_260709_700,700,33,37.24,75.72452577255426,73.9604349137705,75.88945677256432,-41.324737030156854,61.60243205950056,17.44663228452268,C:\Users\admin\Documents\Codex\2026-07-13\yi-j\work\hpdi_thump_loudness_quant\wav\富瑞自研_700rpm_700.wav
富瑞初始,FR_INIT_260709_700,700,34,38.44,70.45117180919627,67.48239421911988,70.98331848157714,-46.230875321144026,61.60243205950056,20.448719257214048,C:\Users\admin\Documents\Codex\2026-07-13\yi-j\work\hpdi_thump_loudness_quant\wav\富瑞自研_700rpm_700.wav
富瑞初始,FR_INIT_260709_700,700,35,39.88,83.76133618182243,82.54668057678161,83.81820272879943,-33.39599107392173,64.96052594804692,7.799040009426111,C:\Users\admin\Documents\Codex\2026-07-13\yi-j\work\hpdi_thump_loudness_quant\wav\富瑞自研_700rpm_700.wav
富瑞初始,FR_INIT_260709_700,700,36,41.06,69.60941219845154,66.07788252625525,71.10516402460442,-46.109029778116756,65.74948387448838,22.484366499779515,C:\Users\admin\Documents\Codex\2026-07-13\yi-j\work\hpdi_thump_loudness_quant\wav\富瑞自研_700rpm_700.wav
富瑞初始,FR_INIT_260709_700,700,37,42.62,83.93035765111279,82.89446324381564,83.99927064832342,-33.21492315439775,65.97002798857562,9.204596626201695,C:\Users\admin\Documents\Codex\2026-07-13\yi-j\work\hpdi_thump_loudness_quant\wav\富瑞自研_700rpm_700.wav
富瑞初始,FR_INIT_260709_700,700,38,43.7,71.12359736392746,66.55106454617919,72.37275104949148,-44.841442753229686,66.3514500192037,18.80760067277944,C:\Users\admin\Documents\Codex\2026-07-13\yi-j\work\hpdi_thump_loudness_quant\wav\富瑞自研_700rpm_700.wav
富瑞初始,FR_INIT_260709_700,700,39,44.38,58.350156425553735,51.78776815504888,66.99019341086432,-50.22400039185685,66.3514500192037,26.742297080639936,C:\Users\admin\Documents\Codex\2026-07-13\yi-j\work\hpdi_thump_loudness_quant\wav\富瑞自研_700rpm_700.wav
富瑞初始,FR_INIT_260709_700,700,40,45.36,83.26861327130823,81.45233866854551,83.34134535003591,-33.87284845268526,65.54444695146273,9.52872491186109,C:\Users\admin\Documents\Codex\2026-07-13\yi-j\work\hpdi_thump_loudness_quant\wav\富瑞自研_700rpm_700.wav
富瑞初始,FR_INIT_260709_700,700,41,46.54,70.78125882642613,66.87503480805348,71.95985938662889,-45.25433441609227,65.71970141925456,21.010751463241057,C:\Users\admin\Documents\Codex\2026-07-13\yi-j\work\hpdi_thump_loudness_quant\wav\富瑞自研_700rpm_700.wav
富瑞初始,FR_INIT_260709_700,700,42,47.66,63.95664045303603,51.97987204693584,66.91345723326125,-50.30073656945991,63.849007236284095,25.563043511781387,C:\Users\admin\Documents\Codex\2026-07-13\yi-j\work\hpdi_thump_loudness_quant\wav\富瑞自研_700rpm_700.wav
富瑞初始,FR_INIT_260709_700,700,43,48.2,80.53805948424781,79.798287168398,80.62849374071612,-36.58570006200505,63.76884168574921,12.249960665356106,C:\Users\admin\Documents\Codex\2026-07-13\yi-j\work\hpdi_thump_loudness_quant\wav\富瑞自研_700rpm_700.wav
富瑞初始,FR_INIT_260709_700,700,44,49.38,69.06477202746288,65.63678265243831,70.25259385397504,-46.96159994874613,64.04188093275806,22.957535708790623,C:\Users\admin\Documents\Codex\2026-07-13\yi-j\work\hpdi_thump_loudness_quant\wav\富瑞自研_700rpm_700.wav
富瑞初始,FR_INIT_260709_700,700,45,50.76,66.07219202021791,51.46665704181872,67.54477859336836,-49.669415209352806,62.1322355833642,24.839881967908312,C:\Users\admin\Documents\Codex\2026-07-13\yi-j\work\hpdi_thump_loudness_quant\wav\富瑞自研_700rpm_700.wav
富瑞初始,FR_INIT_260709_700,700,46,51.14,78.49740772237708,76.38539415151298,78.59655940333582,-38.61763439938536,62.1322355833642,14.212136846302432,C:\Users\admin\Documents\Codex\2026-07-13\yi-j\work\hpdi_thump_loudness_quant\wav\富瑞自研_700rpm_700.wav
富瑞初始,FR_INIT_260709_700,700,47,52.32,70.70748739080183,67.34010192290691,71.27515043767099,-45.93904336505018,62.15747321725155,21.029349979005854,C:\Users\admin\Documents\Codex\2026-07-13\yi-j\work\hpdi_thump_loudness_quant\wav\富瑞自研_700rpm_700.wav
富瑞初始,FR_INIT_260709_700,700,48,53.7,65.53131161438877,51.026450348365145,67.3202061264073,-49.89398767631387,62.60442229297076,24.913047510267113,C:\Users\admin\Documents\Codex\2026-07-13\yi-j\work\hpdi_thump_loudness_quant\wav\富瑞自研_700rpm_700.wav
富瑞初始,FR_INIT_260709_700,700,49,54.16,78.16779490563334,76.27973973986718,78.28698435213852,-38.927209450582644,62.6120608399913,14.98016554071043,C:\Users\admin\Documents\Codex\2026-07-13\yi-j\work\hpdi_thump_loudness_quant\wav\富瑞自研_700rpm_700.wav
富瑞初始,FR_INIT_260709_700,700,50,55.28,69.53519107542553,68.33214100291613,70.33816960657762,-46.87602419614355,62.6120608399913,21.035694299938356,C:\Users\admin\Documents\Codex\2026-07-13\yi-j\work\hpdi_thump_loudness_quant\wav\富瑞自研_700rpm_700.wav
富瑞初始,FR_INIT_260709_700,700,51,56.64,66.23759737395702,51.760367761181996,67.63615164411084,-49.57804215861033,62.034574069253196,25.581840858643453,C:\Users\admin\Documents\Codex\2026-07-13\yi-j\work\hpdi_thump_loudness_quant\wav\富瑞自研_700rpm_700.wav
富瑞初始,FR_INIT_260709_700,700,52,57.2,76.07967199838515,74.17802109348818,76.07967199838515,-41.13452180433602,-282.7858061972788,18.358305719282008,C:\Users\admin\Documents\Codex\2026-07-13\yi-j\work\hpdi_thump_loudness_quant\wav\富瑞自研_700rpm_700.wav
东德基准,DD_BASE_260707_800,800,1,0.78,70.63181067543935,54.90148323358052,70.63181067543935,-46.582383127281815,-282.7858061972788,21.866588097967462,C:\Users\admin\Documents\Codex\2026-07-13\yi-j\work\hpdi_thump_loudness_quant\wav\东德竞品_800rpm_800.wav
东德基准,DD_BASE_260707_800,800,2,1.08,79.97469050608103,76.98218026072419,80.07008584759916,-37.14410795512202,63.439904043757934,13.529839021367081,C:\Users\admin\Documents\Codex\2026-07-13\yi-j\work\hpdi_thump_loudness_quant\wav\东德竞品_800rpm_800.wav
东德基准,DD_BASE_260707_800,800,3,2.08,74.49616059704249,70.97862219738269,74.96538834998555,-42.248805452735624,65.06888044382795,17.87877145208185,C:\Users\admin\Documents\Codex\2026-07-13\yi-j\work\hpdi_thump_loudness_quant\wav\东德竞品_800rpm_800.wav
东德基准,DD_BASE_260707_800,800,4,3.26,70.3187964350746,55.024154583231784,71.45796724308133,-45.75622655963984,65.08887043554225,21.926324358660768,C:\Users\admin\Documents\Codex\2026-07-13\yi-j\work\hpdi_thump_loudness_quant\wav\东德竞品_800rpm_800.wav
东德基准,DD_BASE_260707_800,800,5,3.62,76.21617874018604,73.21146146366348,76.5374642764649,-40.676729526256274,65.06888044382795,16.280600463562987,C:\Users\admin\Documents\Codex\2026-07-13\yi-j\work\hpdi_thump_loudness_quant\wav\东德竞品_800rpm_800.wav
东德基准,DD_BASE_260707_800,800,6,4.62,74.2348886711223,71.6817058758437,74.74950024218123,-42.46469356053994,65.23168727693411,21.1767603737598,C:\Users\admin\Documents\Codex\2026-07-13\yi-j\work\hpdi_thump_loudness_quant\wav\东德竞品_800rpm_800.wav
东德基准,DD_BASE_260707_800,800,7,5.96,82.92789188637698,81.5589254428942,83.01678834081113,-34.197405461910044,66.08341721668337,9.090476871664851,C:\Users\admin\Documents\Codex\2026-07-13\yi-j\work\hpdi_thump_loudness_quant\wav\东德竞品_800rpm_800.wav
东德基准,DD_BASE_260707_800,800,8,6.94,73.85215609475281,70.1670639670243,74.66441344964234,-42.54978035307883,66.98370616596134,17.757868229091233,C:\Users\admin\Documents\Codex\2026-07-13\yi-j\work\hpdi_thump_loudness_quant\wav\东德竞品_800rpm_800.wav
东德基准,DD_BASE_260707_800,800,9,8.28,83.16295217978694,81.53895564445526,83.23709037587753,-33.977103426843634,65.52265104535522,9.354406933267029,C:\Users\admin\Documents\Codex\2026-07-13\yi-j\work\hpdi_thump_loudness_quant\wav\东德竞品_800rpm_800.wav
东德基准,DD_BASE_260707_800,800,10,9.26,74.99660115931748,70.51373978701767,75.50852341369495,-41.705670389026224,65.96927325254131,16.64638626290471,C:\Users\admin\Documents\Codex\2026-07-13\yi-j\work\hpdi_thump_loudness_quant\wav\东德竞品_800rpm_800.wav
东德基准,DD_BASE_260707_800,800,11,10.7,81.15017821808266,77.63266538956438,81.26405349208801,-35.95014031063315,65.39369150343333,11.147247943666201,C:\Users\admin\Documents\Codex\2026-07-13\yi-j\work\hpdi_thump_loudness_quant\wav\东德竞品_800rpm_800.wav
东德基准,DD_BASE_260707_800,800,12,11.8,74.56780679499622,70.22003915769213,75.1552221648779,-42.05897163784327,66.1764344312303,17.77724714540822,C:\Users\admin\Documents\Codex\2026-07-13\yi-j\work\hpdi_thump_loudness_quant\wav\东德竞品_800rpm_800.wav
东德基准,DD_BASE_260707_800,800,13,12.9,80.04474130564014,77.32695920846213,80.23033406603196,-36.98385973668922,66.44563534599845,13.211284823606189,C:\Users\admin\Documents\Codex\2026-07-13\yi-j\work\hpdi_thump_loudness_quant\wav\东德竞品_800rpm_800.wav
东德基准,DD_BASE_260707_800,800,14,13.24,79.48339171402341,73.88889234994338,79.70370645640185,-37.51048734631932,66.64660723621455,12.737849839018917,C:\Users\admin\Documents\Codex\2026-07-13\yi-j\work\hpdi_thump_loudness_quant\wav\东德竞品_800rpm_800.wav
东德基准,DD_BASE_260707_800,800,15,14.24,73.7314679560285,70.41437018398912,74.53560109275807,-42.6785927099631,66.8151730657146,19.1275254661854,C:\Users\admin\Documents\Codex\2026-07-13\yi-j\work\hpdi_thump_loudness_quant\wav\东德竞品_800rpm_800.wav
东德基准,DD_BASE_260707_800,800,16,15.4,68.62986022467695,54.89032387700102,70.3826450650321,-46.831548737689076,65.59513124174751,22.751874155829622,C:\Users\admin\Documents\Codex\2026-07-13\yi-j\work\hpdi_thump_loudness_quant\wav\东德竞品_800rpm_800.wav
东德基准,DD_BASE_260707_800,800,17,15.76,76.49590711428591,72.2877539724123,76.82436523875063,-40.38982856397054,65.44812815845839,16.012133324423566,C:\Users\admin\Documents\Codex\2026-07-13\yi-j\work\hpdi_thump_loudness_quant\wav\东德竞品_800rpm_800.wav
东德基准,DD_BASE_260707_800,800,18,16.78,73.5760298495459,70.93613197032454,74.21756835887082,-42.99662544385035,65.59513124174751,19.389883885243584,C:\Users\admin\Documents\Codex\2026-07-13\yi-j\work\hpdi_thump_loudness_quant\wav\东德竞品_800rpm_800.wav
东德基准,DD_BASE_260707_800,800,19,18.02,85.84165282388952,84.43175002800704,85.88612306452654,-31.328070738194622,65.96675859957273,7.139924907864668,C:\Users\admin\Documents\Codex\2026-07-13\yi-j\work\hpdi_thump_loudness_quant\wav\东德竞品_800rpm_800.wav
东德基准,DD_BASE_260707_800,800,20,19.08,74.64513815987198,70.28317307446459,75.34079041509646,-41.873403387624705,67.04368505096264,16.418039470970754,C:\Users\admin\Documents\Codex\2026-07-13\yi-j\work\hpdi_thump_loudness_quant\wav\东德竞品_800rpm_800.wav
东德基准,DD_BASE_260707_800,800,21,20.42,85.4802152616722,81.76095851583631,85.5278511986227,-31.686342604098474,65.9055590055834,6.100962634466676,C:\Users\admin\Documents\Codex\2026-07-13\yi-j\work\hpdi_thump_loudness_quant\wav\东德竞品_800rpm_800.wav
东德基准,DD_BASE_260707_800,800,22,21.42,75.14000133066529,70.74352578787727,75.72166208547856,-41.492531717242606,66.70293170141473,16.563873220131,C:\Users\admin\Documents\Codex\2026-07-13\yi-j\work\hpdi_thump_loudness_quant\wav\东德竞品_800rpm_800.wav
东德基准,DD_BASE_260707_800,800,23,22.56,68.97639295390543,55.57266262720929,70.43837604314116,-46.77581775958001,64.99945193345485,21.987791805041645,C:\Users\admin\Documents\Codex\2026-07-13\yi-j\work\hpdi_thump_loudness_quant\wav\东德竞品_800rpm_800.wav
东德基准,DD_BASE_260707_800,800,24,22.88,77.53706683421404,75.88307276614935,77.7726743757928,-39.441519426928366,64.99945193345485,15.098293829273238,C:\Users\admin\Documents\Codex\2026-07-13\yi-j\work\hpdi_thump_loudness_quant\wav\东德竞品_800rpm_800.wav
东德基准,DD_BASE_260707_800,800,25,23.86,74.1689669119539,70.29257836782969,74.73975878513708,-42.474435017584085,65.64442288815054,19.929999012277076,C:\Users\admin\Documents\Codex\2026-07-13\yi-j\work\hpdi_thump_loudness_quant\wav\东德竞品_800rpm_800.wav
东德基准,DD_BASE_260707_800,800,26,24.6,70.67047984963203,67.50909687431144,71.61852828486536,-45.59566551785581,64.54358593124036,21.144357573634107,C:\Users\admin\Documents\Codex\2026-07-13\yi-j\work\hpdi_thump_loudness_quant\wav\东德竞品_800rpm_800.wav
东德基准,DD_BASE_260707_800,800,27,25.4,75.62936509347145,72.96390609334605,75.97178974273746,-41.242404059983706,64.7695093961057,21.336810574625705,C:\Users\admin\Documents\Codex\2026-07-13\yi-j\work\hpdi_thump_loudness_quant\wav\东德竞品_800rpm_800.wav
东德基准,DD_BASE_260707_800,800,28,26.4,74.18561288596612,70.85816903927747,74.66734189385967,-42.5468519088615,64.87888847047657,20.215665891306646,C:\Users\admin\Documents\Codex\2026-07-13\yi-j\work\hpdi_thump_loudness_quant\wav\东德竞品_800rpm_800.wav
东德基准,DD_BASE_260707_800,800,29,27.72,84.98648714215918,81.92661165469059,85.0457958462298,-32.168397956491376,66.36951647413579,7.175313636005214,C:\Users\admin\Documents\Codex\2026-07-13\yi-j\work\hpdi_thump_loudness_quant\wav\东德竞品_800rpm_800.wav
东德基准,DD_BASE_260707_800,800,30,28.72,74.76230538831226,70.60622592976742,75.4417548009582,-41.77243900176297,67.05018648686394,17.792756900902656,C:\Users\admin\Documents\Codex\2026-07-13\yi-j\work\hpdi_thump_loudness_quant\wav\东德竞品_800rpm_800.wav
东德基准,DD_BASE_260707_800,800,31,29.62,67.03344003030426,54.55066276540826,69.47680265467498,-47.737391148046186,65.81428417190479,22.765353995559526,C:\Users\admin\Documents\Codex\2026-07-13\yi-j\work\hpdi_thump_loudness_quant\wav\东德竞品_800rpm_800.wav
东德基准,DD_BASE_260707_800,800,32,30.06,82.49062823429311,80.8015136357188,82.57271851135172,-34.64147529136945,65.29681212683707,8.858329169595901,C:\Users\admin\Documents\Codex\2026-07-13\yi-j\work\hpdi_thump_loudness_quant\wav\东德竞品_800rpm_800.wav
东德基准,DD_BASE_260707_800,800,33,31.04,76.24221965372955,71.81115302042488,76.62212379017289,-40.59207001254828,65.85245343277967,16.05300948846976,C:\Users\admin\Documents\Codex\2026-07-13\yi-j\work\hpdi_thump_loudness_quant\wav\东德竞品_800rpm_800.wav
东德基准,DD_BASE_260707_800,800,34,32.2,67.88774468129441,55.57274931419674,69.67540285303778,-47.53879094968339,64.95719235309772,22.746486509700492,C:\Users\admin\Documents\Codex\2026-07-13\yi-j\work\hpdi_thump_loudness_quant\wav\东德竞品_800rpm_800.wav
东德基准,DD_BASE_260707_800,800,35,32.58,77.92926117392781,73.54980219795694,78.1474708943831,-39.066722908338065,65.04972066879911,14.144124595837177,C:\Users\admin\Documents\Codex\2026-07-13\yi-j\work\hpdi_thump_loudness_quant\wav\东德竞品_800rpm_800.wav
东德基准,DD_BASE_260707_800,800,36,33.6,73.52580462738291,70.63492596118385,74.18235864992157,-43.0318351527996,65.65307806842053,20.169333823874336,C:\Users\admin\Documents\Codex\2026-07-13\yi-j\work\hpdi_thump_loudness_quant\wav\东德竞品_800rpm_800.wav
东德基准,DD_BASE_260707_800,800,37,35.0,82.24741885462429,77.68098548242804,82.3342040960895,-34.879989706631676,65.29749938335442,10.70270649445711,C:\Users\admin\Documents\Codex\2026-07-13\yi-j\work\hpdi_thump_loudness_quant\wav\东德竞品_800rpm_800.wav
东德基准,DD_BASE_260707_800,800,38,36.02,74.80092017649368,70.41210876997908,75.29183854839606,-41.92235525432511,65.58094104302023,16.98980066339667,C:\Users\admin\Documents\Codex\2026-07-13\yi-j\work\hpdi_thump_loudness_quant\wav\东德竞品_800rpm_800.wav
东德基准,DD_BASE_260707_800,800,39,37.16,68.52164623138492,55.316302053005984,70.2694141000657,-46.94477970265547,65.47179214888283,24.01896721914679,C:\Users\admin\Documents\Codex\2026-07-13\yi-j\work\hpdi_thump_loudness_quant\wav\东德竞品_800rpm_800.wav
东德基准,DD_BASE_260707_800,800,40,37.56,74.53619372796553,71.63728383013137,75.04977053605404,-42.16442326666713,65.52372331404298,20.034387306180296,C:\Users\admin\Documents\Codex\2026-07-13\yi-j\work\hpdi_thump_loudness_quant\wav\东德竞品_800rpm_800.wav
东德基准,DD_BASE_260707_800,800,41,38.56,74.47698740309164,71.99731865723396,75.01378245134272,-42.20041135137845,65.66839100287152,18.44380164867728,C:\Users\admin\Documents\Codex\2026-07-13\yi-j\work\hpdi_thump_loudness_quant\wav\东德竞品_800rpm_800.wav
东德基准,DD_BASE_260707_800,800,42,39.42,68.49974983156042,55.266736271329876,70.62232840505372,-46.59186539766745,66.49497274836226,21.90903136864877,C:\Users\admin\Documents\Codex\2026-07-13\yi-j\work\hpdi_thump_loudness_quant\wav\东德竞品_800rpm_800.wav
东德基准,DD_BASE_260707_800,800,43,39.8,87.15884768563322,85.1345853435776,87.19771838003179,-30.01647542268938,66.69667740661238,5.937455332978722,C:\Users\admin\Documents\Codex\2026-07-13\yi-j\work\hpdi_thump_loudness_quant\wav\东德竞品_800rpm_800.wav
东德基准,DD_BASE_260707_800,800,44,40.84,75.20740141884448,70.56001746147281,76.07068838915269,-41.14350541356848,68.62990144363265,18.3686086216893,C:\Users\admin\Documents\Codex\2026-07-13\yi-j\work\hpdi_thump_loudness_quant\wav\东德竞品_800rpm_800.wav
东德基准,DD_BASE_260707_800,800,45,42.2,85.2268229311935,80.99979788413646,85.27189688394463,-31.942296918776528,65.41079273759155,9.559545536414763,C:\Users\admin\Documents\Codex\2026-07-13\yi-j\work\hpdi_thump_loudness_quant\wav\东德竞品_800rpm_800.wav
东德基准,DD_BASE_260707_800,800,46,43.2,73.78559868653288,70.40927287710352,74.43227609358595,-42.781917709135215,65.84198259339342,19.17032534309981,C:\Users\admin\Documents\Codex\2026-07-13\yi-j\work\hpdi_thump_loudness_quant\wav\东德竞品_800rpm_800.wav
东德基准,DD_BASE_260707_800,800,47,44.32,67.17503768156875,54.773623917212724,69.61311352369759,-47.60108027902358,65.94358497939265,22.71167882117274,C:\Users\admin\Documents\Codex\2026-07-13\yi-j\work\hpdi_thump_loudness_quant\wav\东德竞品_800rpm_800.wav
东德基准,DD_BASE_260707_800,800,48,44.64,80.9250562034897,76.53135340922776,81.09222456675556,-36.121969235965615,66.8626062819016,12.169760817212357,C:\Users\admin\Documents\Codex\2026-07-13\yi-j\work\hpdi_thump_loudness_quant\wav\东德竞品_800rpm_800.wav
东德基准,DD_BASE_260707_800,800,49,45.24,69.49714052932487,56.680261933661214,71.9321312370756,-45.282062565645575,68.25850274237189,20.40230533051706,C:\Users\admin\Documents\Codex\2026-07-13\yi-j\work\hpdi_thump_loudness_quant\wav\东德竞品_800rpm_800.wav
东德基准,DD_BASE_260707_800,800,50,45.66,70.22040993774299,65.71531370320783,72.5041154651627,-44.71007833755848,68.6207420645774,18.75894570121453,C:\Users\admin\Documents\Codex\2026-07-13\yi-j\work\hpdi_thump_loudness_quant\wav\东德竞品_800rpm_800.wav
东德基准,DD_BASE_260707_800,800,51,46.86,70.5497920180338,56.61354840345041,72.3003768887694,-44.91381691395176,67.50843492925924,21.169145508186638,C:\Users\admin\Documents\Codex\2026-07-13\yi-j\work\hpdi_thump_loudness_quant\wav\东德竞品_800rpm_800.wav
东德基准,DD_BASE_260707_800,800,52,47.14,78.98742698747404,75.10277085936508,79.24353189429871,-37.97066190842245,66.82244457814858,13.367138114672692,C:\Users\admin\Documents\Codex\2026-07-13\yi-j\work\hpdi_thump_loudness_quant\wav\东德竞品_800rpm_800.wav
东德基准,DD_BASE_260707_800,800,53,48.12,75.99480422751593,73.95169344780149,76.59690690643973,-40.61728689628144,67.71819562017569,17.9647313875039,C:\Users\admin\Documents\Codex\2026-07-13\yi-j\work\hpdi_thump_loudness_quant\wav\东德竞品_800rpm_800.wav
东德基准,DD_BASE_260707_800,800,54,49.5,86.16048640640403,82.74421905767514,86.20382096565284,-31.010372837068335,66.17267242721753,6.747396526145412,C:\Users\admin\Documents\Codex\2026-07-13\yi-j\work\hpdi_thump_loudness_quant\wav\东德竞品_800rpm_800.wav
东德基准,DD_BASE_260707_800,800,55,50.5,75.27060253358297,70.44227196826421,75.27060253358297,-41.9435912691382,-282.7858061972788,18.491972947742973,C:\Users\admin\Documents\Codex\2026-07-13\yi-j\work\hpdi_thump_loudness_quant\wav\东德竞品_800rpm_800.wav
富瑞初始,FR_INIT_260709_800,800,1,0.44,71.74462928669752,65.78496579527548,71.74462928669752,-45.46956451602366,-282.7858061972788,22.287195292882128,C:\Users\admin\Documents\Codex\2026-07-13\yi-j\work\hpdi_thump_loudness_quant\wav\富瑞自研_800rpm_800.wav
富瑞初始,FR_INIT_260709_800,800,2,1.24,70.55875684143885,66.05406607825596,71.15688110523473,-46.05731269748644,62.25132183983132,24.439936589450664,C:\Users\admin\Documents\Codex\2026-07-13\yi-j\work\hpdi_thump_loudness_quant\wav\富瑞自研_800rpm_800.wav
富瑞初始,FR_INIT_260709_800,800,3,2.2,74.41039289137922,73.36682345212348,74.67494626976548,-42.539247532955685,62.39063104278579,19.560950071415277,C:\Users\admin\Documents\Codex\2026-07-13\yi-j\work\hpdi_thump_loudness_quant\wav\富瑞自研_800rpm_800.wav
富瑞初始,FR_INIT_260709_800,800,4,3.18,66.61126321919542,62.88201505099637,68.00497648298546,-49.20921731973571,62.39063104278579,26.63711679679311,C:\Users\admin\Documents\Codex\2026-07-13\yi-j\work\hpdi_thump_loudness_quant\wav\富瑞自研_800rpm_800.wav
富瑞初始,FR_INIT_260709_800,800,5,4.14,68.17891568440879,52.689585948069194,69.0049363606711,-48.209257442050074,61.390536275788925,24.32799355557549,C:\Users\admin\Documents\Codex\2026-07-13\yi-j\work\hpdi_thump_loudness_quant\wav\富瑞自研_800rpm_800.wav
富瑞初始,FR_INIT_260709_800,800,6,4.82,79.01720809858108,75.49948523241062,79.11279326092493,-38.10140054179624,62.49115004420798,13.90762418624876,C:\Users\admin\Documents\Codex\2026-07-13\yi-j\work\hpdi_thump_loudness_quant\wav\富瑞自研_800rpm_800.wav
富瑞初始,FR_INIT_260709_800,800,7,5.82,65.19219420289757,58.89158721808147,67.24040558729246,-49.97378821542871,62.99237909735055,24.397265145784555,C:\Users\admin\Documents\Codex\2026-07-13\yi-j\work\hpdi_thump_loudness_quant\wav\富瑞自研_800rpm_800.wav
富瑞初始,FR_INIT_260709_800,800,8,6.94,67.42721428622573,53.22244712741883,68.60281007525944,-48.61138372746173,62.35300049526262,24.677398191720307,C:\Users\admin\Documents\Codex\2026-07-13\yi-j\work\hpdi_thump_loudness_quant\wav\富瑞自研_800rpm_800.wav
富瑞初始,FR_INIT_260709_800,800,9,7.46,78.01248935783619,75.50056642477274,78.13620464270969,-39.07798916001148,62.620884323579034,13.675203350994984,C:\Users\admin\Documents\Codex\2026-07-13\yi-j\work\hpdi_thump_loudness_quant\wav\富瑞自研_800rpm_800.wav
富瑞初始,FR_INIT_260709_800,800,10,8.44,67.02747590282426,63.1702356359702,68.41835477029947,-48.795839032421696,62.79650968956198,24.952914980686497,C:\Users\admin\Documents\Codex\2026-07-13\yi-j\work\hpdi_thump_loudness_quant\wav\富瑞自研_800rpm_800.wav
富瑞初始,FR_INIT_260709_800,800,11,9.32,66.8084143936243,63.27716561755273,67.99498377515545,-49.21921002756573,61.780286943466294,24.830322351552972,C:\Users\admin\Documents\Codex\2026-07-13\yi-j\work\hpdi_thump_loudness_quant\wav\富瑞自研_800rpm_800.wav
富瑞初始,FR_INIT_260709_800,800,12,10.2,75.01612483370371,73.60273380202563,75.24927990831206,-41.96491389440911,62.43182951627198,19.217476903977918,C:\Users\admin\Documents\Codex\2026-07-13\yi-j\work\hpdi_thump_loudness_quant\wav\富瑞自研_800rpm_800.wav
富瑞初始,FR_INIT_260709_800,800,13,11.2,62.09522626942167,59.457777836543414,65.34335785907795,-51.870835943643215,62.558538661439414,29.597854513346082,C:\Users\admin\Documents\Codex\2026-07-13\yi-j\work\hpdi_thump_loudness_quant\wav\富瑞自研_800rpm_800.wav
富瑞初始,FR_INIT_260709_800,800,14,12.32,66.69617492743305,52.865094245335186,67.94223574360942,-49.271958059111746,61.911640865078226,24.832091742445105,C:\Users\admin\Documents\Codex\2026-07-13\yi-j\work\hpdi_thump_loudness_quant\wav\富瑞自研_800rpm_800.wav
富瑞初始,FR_INIT_260709_800,800,15,12.94,74.83011931059357,73.43247262386534,75.11606390250016,-42.09812990022101,63.158851791673726,17.65842329013858,C:\Users\admin\Documents\Codex\2026-07-13\yi-j\work\hpdi_thump_loudness_quant\wav\富瑞自研_800rpm_800.wav
富瑞初始,FR_INIT_260709_800,800,16,13.92,67.156506193821,60.61851997825605,68.66426137825557,-48.549932424465595,63.33763763724143,22.172995748996883,C:\Users\admin\Documents\Codex\2026-07-13\yi-j\work\hpdi_thump_loudness_quant\wav\富瑞自研_800rpm_800.wav
富瑞初始,FR_INIT_260709_800,800,17,14.6,69.1958560111152,53.69062766716651,70.26868368641118,-46.94551011630998,63.6707632320228,21.800273910225904,C:\Users\admin\Documents\Codex\2026-07-13\yi-j\work\hpdi_thump_loudness_quant\wav\富瑞自研_800rpm_800.wav
富瑞初始,FR_INIT_260709_800,800,18,15.28,84.61176335608863,83.34539365274563,84.66365798228347,-32.5505358204377,65.41111727364756,8.695324157757632,C:\Users\admin\Documents\Codex\2026-07-13\yi-j\work\hpdi_thump_loudness_quant\wav\富瑞自研_800rpm_800.wav
富瑞初始,FR_INIT_260709_800,800,19,16.24,70.73298718616233,62.683498966967754,72.2653729459858,-44.94882085673537,66.99752363559426,20.835100267408304,C:\Users\admin\Documents\Codex\2026-07-13\yi-j\work\hpdi_thump_loudness_quant\wav\富瑞自研_800rpm_800.wav
富瑞初始,FR_INIT_260709_800,800,20,17.04,66.23567075274383,53.74206526943897,68.83409858676494,-48.38009521595623,65.36873374045712,25.68287900644824,C:\Users\admin\Documents\Codex\2026-07-13\yi-j\work\hpdi_thump_loudness_quant\wav\富瑞自研_800rpm_800.wav
富瑞初始,FR_INIT_260709_800,800,21,17.72,80.78166750144528,80.36445532329144,80.89969301527796,-36.314500787443215,65.18272978902111,13.692617913148577,C:\Users\admin\Documents\Codex\2026-07-13\yi-j\work\hpdi_thump_loudness_quant\wav\富瑞自研_800rpm_800.wav
富瑞初始,FR_INIT_260709_800,800,22,18.66,67.6937909279728,64.3827519028771,69.70083726439226,-47.51335653832891,65.38362373070544,23.260091517893603,C:\Users\admin\Documents\Codex\2026-07-13\yi-j\work\hpdi_thump_loudness_quant\wav\富瑞自研_800rpm_800.wav
富瑞初始,FR_INIT_260709_800,800,23,19.14,66.02841396678602,60.627455358767826,68.25359437451738,-48.96059942820379,64.28421435521365,24.855337529959584,C:\Users\admin\Documents\Codex\2026-07-13\yi-j\work\hpdi_thump_loudness_quant\wav\富瑞自研_800rpm_800.wav
富瑞初始,FR_INIT_260709_800,800,24,20.14,81.86450547471675,79.61723990738169,81.91966473140317,-35.29452907131799,62.93045523139453,11.70627925226907,C:\Users\admin\Documents\Codex\2026-07-13\yi-j\work\hpdi_thump_loudness_quant\wav\富瑞自研_800rpm_800.wav
富瑞初始,FR_INIT_260709_800,800,25,21.18,70.7271444484839,65.81724752443984,71.46887476395707,-45.74531903876409,63.42790383586951,22.984801244234813,C:\Users\admin\Documents\Codex\2026-07-13\yi-j\work\hpdi_thump_loudness_quant\wav\富瑞自研_800rpm_800.wav
富瑞初始,FR_INIT_260709_800,800,26,22.32,66.77041257933266,53.48232258084298,68.48574030438829,-48.72845349833288,63.62189699958844,25.916600467577975,C:\Users\admin\Documents\Codex\2026-07-13\yi-j\work\hpdi_thump_loudness_quant\wav\富瑞自研_800rpm_800.wav
富瑞初始,FR_INIT_260709_800,800,27,22.66,84.93869404364668,82.96424769299776,84.97411853873294,-32.240075263988224,64.07161190638485,9.3089590392605,C:\Users\admin\Documents\Codex\2026-07-13\yi-j\work\hpdi_thump_loudness_quant\wav\富瑞自研_800rpm_800.wav
富瑞初始,FR_INIT_260709_800,800,28,23.64,66.01057533123526,51.6455447447826,68.54330964070687,-48.6708841620143,64.9963659330999,25.035089513918273,C:\Users\admin\Documents\Codex\2026-07-13\yi-j\work\hpdi_thump_loudness_quant\wav\富瑞自研_800rpm_800.wav
富瑞初始,FR_INIT_260709_800,800,29,24.82,67.61144759041954,53.48552809917877,68.86956285185218,-48.344630950868996,62.87504187430061,25.9932915873624,C:\Users\admin\Documents\Codex\2026-07-13\yi-j\work\hpdi_thump_loudness_quant\wav\富瑞自研_800rpm_800.wav
富瑞初始,FR_INIT_260709_800,800,30,25.3,78.54384465229626,76.05502631228302,78.64069278712122,-38.57350101559995,62.075428206443945,14.789747659684124,C:\Users\admin\Documents\Codex\2026-07-13\yi-j\work\hpdi_thump_loudness_quant\wav\富瑞自研_800rpm_800.wav
富瑞初始,FR_INIT_260709_800,800,31,26.28,67.1011650458745,61.07872694269517,68.39536524232116,-48.818828560400014,62.506494454977926,23.755662496529396,C:\Users\admin\Documents\Codex\2026-07-13\yi-j\work\hpdi_thump_loudness_quant\wav\富瑞自研_800rpm_800.wav
富瑞初始,FR_INIT_260709_800,800,32,26.88,68.29290932826999,62.20544993713749,69.13751763404409,-48.076676168677075,61.61076577243283,24.08623409422914,C:\Users\admin\Documents\Codex\2026-07-13\yi-j\work\hpdi_thump_loudness_quant\wav\富瑞自研_800rpm_800.wav
富瑞初始,FR_INIT_260709_800,800,33,27.94,77.42791332339053,74.82475586521812,77.55130967837142,-39.662884124349745,62.0249377851857,15.755711863174149,C:\Users\admin\Documents\Codex\2026-07-13\yi-j\work\hpdi_thump_loudness_quant\wav\富瑞自研_800rpm_800.wav
富瑞初始,FR_INIT_260709_800,800,34,29.76,68.26554400282443,64.21902687963399,68.92090343126497,-48.293290371456195,60.38429597034566,25.386767995088864,C:\Users\admin\Documents\Codex\2026-07-13\yi-j\work\hpdi_thump_loudness_quant\wav\富瑞自研_800rpm_800.wav
富瑞初始,FR_INIT_260709_800,800,35,30.66,75.2711246473599,73.0897754926347,75.43733630823996,-41.776857494481206,61.18326730365361,19.319079746371013,C:\Users\admin\Documents\Codex\2026-07-13\yi-j\work\hpdi_thump_loudness_quant\wav\富瑞自研_800rpm_800.wav
富瑞初始,FR_INIT_260709_800,800,36,31.66,63.70855866844931,61.318456084148146,65.63723158133283,-51.57696222138835,61.18326730365361,28.49786134378473,C:\Users\admin\Documents\Codex\2026-07-13\yi-j\work\hpdi_thump_loudness_quant\wav\富瑞自研_800rpm_800.wav
富瑞初始,FR_INIT_260709_800,800,37,32.18,66.72311346120365,60.890546133455985,67.62433088833434,-49.58986291438683,60.351964342821624,24.585687833607242,C:\Users\admin\Documents\Codex\2026-07-13\yi-j\work\hpdi_thump_loudness_quant\wav\富瑞自研_800rpm_800.wav
富瑞初始,FR_INIT_260709_800,800,38,33.4,73.7678630922363,72.36562177753129,74.00100246164348,-43.21319134107768,61.18326730365361,18.695022570545746,C:\Users\admin\Documents\Codex\2026-07-13\yi-j\work\hpdi_thump_loudness_quant\wav\富瑞自研_800rpm_800.wav
富瑞初始,FR_INIT_260709_800,800,39,34.4,62.0016181948991,60.09528082122464,64.7849136242146,-52.42928017850658,61.53508609189611,27.30416305493319,C:\Users\admin\Documents\Codex\2026-07-13\yi-j\work\hpdi_thump_loudness_quant\wav\富瑞自研_800rpm_800.wav
富瑞初始,FR_INIT_260709_800,800,40,35.74,84.14975155332806,82.40061332561399,84.1858850288231,-33.028308773898075,63.36908506591754,8.900519573439773,C:\Users\admin\Documents\Codex\2026-07-13\yi-j\work\hpdi_thump_loudness_quant\wav\富瑞自研_800rpm_800.wav
富瑞初始,FR_INIT_260709_800,800,41,36.76,69.42076028586368,59.82821080372412,70.54761024006515,-46.666583562656015,64.13717874222685,22.361334430220676,C:\Users\admin\Documents\Codex\2026-07-13\yi-j\work\hpdi_thump_loudness_quant\wav\富瑞自研_800rpm_800.wav
富瑞初始,FR_INIT_260709_800,800,42,37.32,65.40790343165955,51.32641117000915,67.72535077823353,-49.488843024487636,63.89028676983749,24.4074294063833,C:\Users\admin\Documents\Codex\2026-07-13\yi-j\work\hpdi_thump_loudness_quant\wav\富瑞自研_800rpm_800.wav
富瑞初始,FR_INIT_260709_800,800,43,37.72,66.14165152932287,52.32709889280021,68.08234326786715,-49.131850534854024,63.649794044325944,23.850168356821,C:\Users\admin\Documents\Codex\2026-07-13\yi-j\work\hpdi_thump_loudness_quant\wav\富瑞自研_800rpm_800.wav
富瑞初始,FR_INIT_260709_800,800,44,38.16,85.03547244433719,82.35857170414823,85.06576301221467,-32.148430790506495,63.48585757221215,9.045168652426753,C:\Users\admin\Documents\Codex\2026-07-13\yi-j\work\hpdi_thump_loudness_quant\wav\富瑞自研_800rpm_800.wav
富瑞初始,FR_INIT_260709_800,800,45,39.14,65.23358052372845,50.84813274922793,68.42632367869035,-48.78787012403081,65.59111063864799,24.990512358736584,C:\Users\admin\Documents\Codex\2026-07-13\yi-j\work\hpdi_thump_loudness_quant\wav\富瑞自研_800rpm_800.wav
富瑞初始,FR_INIT_260709_800,800,46,40.16,67.45077571817419,52.94449180815617,68.59824956085353,-48.61594424186764,62.25672265019792,24.86578628316913,C:\Users\admin\Documents\Codex\2026-07-13\yi-j\work\hpdi_thump_loudness_quant\wav\富瑞自研_800rpm_800.wav
富瑞初始,FR_INIT_260709_800,800,47,40.6,81.79454669323735,78.90580827592814,81.841238592427,-35.372955210294165,62.132485838105175,11.547777232408635,C:\Users\admin\Documents\Codex\2026-07-13\yi-j\work\hpdi_thump_loudness_quant\wav\富瑞自研_800rpm_800.wav
富瑞初始,FR_INIT_260709_800,800,48,41.68,66.22932105470416,62.8861719207227,67.70671088499421,-49.50748291772696,62.30604461822334,25.88291976291385,C:\Users\admin\Documents\Codex\2026-07-13\yi-j\work\hpdi_thump_loudness_quant\wav\富瑞自研_800rpm_800.wav
富瑞初始,FR_INIT_260709_800,800,49,42.82,66.35884005936285,52.45406098092326,67.69283084728873,-49.52136295543244,61.91658025245643,25.83131030964959,C:\Users\admin\Documents\Codex\2026-07-13\yi-j\work\hpdi_thump_loudness_quant\wav\富瑞自研_800rpm_800.wav
富瑞初始,FR_INIT_260709_800,800,50,43.14,81.03883126567904,78.83423072552387,81.09563632124517,-36.118557481475996,62.23329152879924,12.928255061251566,C:\Users\admin\Documents\Codex\2026-07-13\yi-j\work\hpdi_thump_loudness_quant\wav\富瑞自研_800rpm_800.wav
富瑞初始,FR_INIT_260709_800,800,51,45.14,66.34429754724229,52.40640817113869,67.43646316254214,-49.77773064017902,60.90686030646391,27.679577997390364,C:\Users\admin\Documents\Codex\2026-07-13\yi-j\work\hpdi_thump_loudness_quant\wav\富瑞自研_800rpm_800.wav
富瑞初始,FR_INIT_260709_800,800,52,45.76,76.6361234899524,74.09561470246089,76.76752525439008,-40.44666854833109,61.51015888263533,17.642972810360014,C:\Users\admin\Documents\Codex\2026-07-13\yi-j\work\hpdi_thump_loudness_quant\wav\富瑞自研_800rpm_800.wav
富瑞初始,FR_INIT_260709_800,800,53,47.96,67.77782924730164,52.198159762348055,68.69573293931188,-48.51846086340929,61.49498962598567,25.22263430708193,C:\Users\admin\Documents\Codex\2026-07-13\yi-j\work\hpdi_thump_loudness_quant\wav\富瑞自研_800rpm_800.wav
富瑞初始,FR_INIT_260709_800,800,54,48.4,77.58258825823197,75.20869682355395,77.68481834675922,-39.52937545596195,61.35174782569523,14.977538044276578,C:\Users\admin\Documents\Codex\2026-07-13\yi-j\work\hpdi_thump_loudness_quant\wav\富瑞自研_800rpm_800.wav
富瑞初始,FR_INIT_260709_800,800,55,50.44,65.8474057563243,51.83231165357462,66.97562103923184,-50.23857276348933,60.569795253685484,26.48704913753348,C:\Users\admin\Documents\Codex\2026-07-13\yi-j\work\hpdi_thump_loudness_quant\wav\富瑞自研_800rpm_800.wav
富瑞初始,FR_INIT_260709_800,800,56,51.14,74.14404471569263,71.96136386003971,74.33487972789763,-42.87931407482354,60.66854907144812,19.16065066556922,C:\Users\admin\Documents\Codex\2026-07-13\yi-j\work\hpdi_thump_loudness_quant\wav\富瑞自研_800rpm_800.wav
富瑞初始,FR_INIT_260709_800,800,57,53.3,66.89531767265443,52.30095218574807,67.7718328329778,-49.442360969743376,60.390694907886235,25.007613708787982,C:\Users\admin\Documents\Codex\2026-07-13\yi-j\work\hpdi_thump_loudness_quant\wav\富瑞自研_800rpm_800.wav
富瑞初始,FR_INIT_260709_800,800,58,53.98,71.48117938182665,70.3829246203826,71.83814987128181,-45.37604393143936,60.809367148825864,20.74607049013059,C:\Users\admin\Documents\Codex\2026-07-13\yi-j\work\hpdi_thump_loudness_quant\wav\富瑞自研_800rpm_800.wav
富瑞初始,FR_INIT_260709_800,800,59,54.94,68.4805965278723,65.09579862970301,69.16599165386326,-48.04820214885791,60.809367148825864,23.23787044282396,C:\Users\admin\Documents\Codex\2026-07-13\yi-j\work\hpdi_thump_loudness_quant\wav\富瑞自研_800rpm_800.wav
富瑞初始,FR_INIT_260709_800,800,60,56.12,66.82886869843092,52.19915381381924,68.06811809038706,-49.1460757123341,62.016961482801484,23.163300005577042,C:\Users\admin\Documents\Codex\2026-07-13\yi-j\work\hpdi_thump_loudness_quant\wav\富瑞自研_800rpm_800.wav
富瑞初始,FR_INIT_260709_800,800,61,56.6,78.02174577394595,75.4003358578479,78.12937086078927,-39.084822941931904,62.016961482801484,13.424755076833062,C:\Users\admin\Documents\Codex\2026-07-13\yi-j\work\hpdi_thump_loudness_quant\wav\富瑞自研_800rpm_800.wav
富瑞初始,FR_INIT_260709_800,800,62,58.78,65.09246789524207,52.17733690873243,66.93448227700463,-50.27971152571653,62.32106643775417,26.23335463398308,C:\Users\admin\Documents\Codex\2026-07-13\yi-j\work\hpdi_thump_loudness_quant\wav\富瑞自研_800rpm_800.wav
富瑞初始,FR_INIT_260709_800,800,63,59.24,77.33282598467696,75.17586294767659,77.47271442076305,-39.74147938195811,62.48293298205566,15.481197073875258,C:\Users\admin\Documents\Codex\2026-07-13\yi-j\work\hpdi_thump_loudness_quant\wav\富瑞自研_800rpm_800.wav
富瑞初始,FR_INIT_260709_800,800,64,60.22,67.3810429957001,62.51893281783178,68.63654641615557,-48.5776473865656,62.63424315672022,25.17798170218709,C:\Users\admin\Documents\Codex\2026-07-13\yi-j\work\hpdi_thump_loudness_quant\wav\富瑞自研_800rpm_800.wav
富瑞初始,FR_INIT_260709_800,800,65,61.42,68.40797693499356,52.944506343084115,69.36448376398806,-47.84971003873311,62.32404213852554,23.278485015875525,C:\Users\admin\Documents\Codex\2026-07-13\yi-j\work\hpdi_thump_loudness_quant\wav\富瑞自研_800rpm_800.wav
富瑞初始,FR_INIT_260709_800,800,66,61.96,77.99736599316537,74.03289293195505,78.11452977919524,-39.09966402352593,62.36617044428882,15.017360382042057,C:\Users\admin\Documents\Codex\2026-07-13\yi-j\work\hpdi_thump_loudness_quant\wav\富瑞自研_800rpm_800.wav
富瑞初始,FR_INIT_260709_800,800,67,62.94,68.59738586598439,65.25167192234292,69.52366171652878,-47.69053208619239,62.35831259122557,23.396134515091486,C:\Users\admin\Documents\Codex\2026-07-13\yi-j\work\hpdi_thump_loudness_quant\wav\富瑞自研_800rpm_800.wav
富瑞初始,FR_INIT_260709_800,800,68,64.1,67.88208346377147,52.534430211052964,68.77173955798767,-48.44245424473349,61.44888094297481,24.748113524793432,C:\Users\admin\Documents\Codex\2026-07-13\yi-j\work\hpdi_thump_loudness_quant\wav\富瑞自研_800rpm_800.wav
富瑞初始,FR_INIT_260709_800,800,69,64.72,73.37981625355567,72.20521298560541,73.6755145170907,-43.538679285630465,61.85914886580663,19.490048880898353,C:\Users\admin\Documents\Codex\2026-07-13\yi-j\work\hpdi_thump_loudness_quant\wav\富瑞自研_800rpm_800.wav
富瑞初始,FR_INIT_260709_800,800,70,65.68,67.44088628181495,63.81259758111633,68.501378529078,-48.71281527364317,61.85914886580663,23.966569469075537,C:\Users\admin\Documents\Codex\2026-07-13\yi-j\work\hpdi_thump_loudness_quant\wav\富瑞自研_800rpm_800.wav
富瑞初始,FR_INIT_260709_800,800,71,67.04,85.53068190338577,82.93479529143758,85.56167737643256,-31.652516426288607,64.0813284326905,8.053522357561295,C:\Users\admin\Documents\Codex\2026-07-13\yi-j\work\hpdi_thump_loudness_quant\wav\富瑞自研_800rpm_800.wav
富瑞初始,FR_INIT_260709_800,800,72,68.0,61.301606509480244,51.533161059857775,66.88583006526099,-50.32836373746018,65.48066435207507,26.410318140823186,C:\Users\admin\Documents\Codex\2026-07-13\yi-j\work\hpdi_thump_loudness_quant\wav\富瑞自研_800rpm_800.wav
富瑞初始,FR_INIT_260709_800,800,73,69.16,66.8164886834243,52.65612673911831,68.67106469971397,-48.5431291030072,64.0813284326905,24.030663369651315,C:\Users\admin\Documents\Codex\2026-07-13\yi-j\work\hpdi_thump_loudness_quant\wav\富瑞自研_800rpm_800.wav
富瑞初始,FR_INIT_260709_800,800,74,69.48,82.31138140386379,79.9790958259125,82.3749892964616,-34.83920450625956,64.00049112591269,11.969743619063216,C:\Users\admin\Documents\Codex\2026-07-13\yi-j\work\hpdi_thump_loudness_quant\wav\富瑞自研_800rpm_800.wav
富瑞初始,FR_INIT_260709_800,800,75,70.44,67.56345139839291,61.991372103317616,69.2642938410441,-47.94989996167708,64.37038941473199,25.738916092206285,C:\Users\admin\Documents\Codex\2026-07-13\yi-j\work\hpdi_thump_loudness_quant\wav\富瑞自研_800rpm_800.wav
富瑞初始,FR_INIT_260709_800,800,76,71.92,79.98065612123892,77.99010267972446,80.05545361625636,-37.158740186464804,62.37913596643237,13.509246743924116,C:\Users\admin\Documents\Codex\2026-07-13\yi-j\work\hpdi_thump_loudness_quant\wav\富瑞自研_800rpm_800.wav
东德基准,DD_BASE_260707_900,900,1,0.3,73.52534345990792,71.1513927169485,73.52534345990792,-43.688850342813254,-282.7858061972788,17.66304011489663,C:\Users\admin\Documents\Codex\2026-07-13\yi-j\work\hpdi_thump_loudness_quant\wav\东德竞品_900rpm_900.wav
东德基准,DD_BASE_260707_900,900,2,1.16,67.05005538062346,62.0155780740079,67.58774503854701,-49.62644876417415,58.24914732767311,24.31960339765933,C:\Users\admin\Documents\Codex\2026-07-13\yi-j\work\hpdi_thump_loudness_quant\wav\东德竞品_900rpm_900.wav
东德基准,DD_BASE_260707_900,900,3,2.52,71.77895135526323,67.8657899793096,72.03672261876005,-45.177471183961124,59.64297634832502,19.540699457137485,C:\Users\admin\Documents\Codex\2026-07-13\yi-j\work\hpdi_thump_loudness_quant\wav\东德竞品_900rpm_900.wav
东德基准,DD_BASE_260707_900,900,4,3.4,65.75285340198276,62.57292000247972,66.94559808861703,-50.26859571410414,60.75049792488848,25.494798390546958,C:\Users\admin\Documents\Codex\2026-07-13\yi-j\work\hpdi_thump_loudness_quant\wav\东德竞品_900rpm_900.wav
东德基准,DD_BASE_260707_900,900,5,4.56,79.75428633895598,76.99153533058552,79.82280540462877,-37.3913883980924,61.76886212455944,12.222455110629348,C:\Users\admin\Documents\Codex\2026-07-13\yi-j\work\hpdi_thump_loudness_quant\wav\东德竞品_900rpm_900.wav
东德基准,DD_BASE_260707_900,900,6,5.42,68.56825060113314,64.69556829903348,69.4381863665663,-47.77600743615486,62.02750551252244,23.205835596113083,C:\Users\admin\Documents\Codex\2026-07-13\yi-j\work\hpdi_thump_loudness_quant\wav\东德竞品_900rpm_900.wav
东德基准,DD_BASE_260707_900,900,7,6.78,71.32705542743177,68.64930629195365,71.73933151350076,-45.474862289220404,61.308862404354805,20.997005183617446,C:\Users\admin\Documents\Codex\2026-07-13\yi-j\work\hpdi_thump_loudness_quant\wav\东德竞品_900rpm_900.wav
东德基准,DD_BASE_260707_900,900,8,7.64,67.18476958458109,64.50588567961432,68.18319648745346,-49.03099731526771,61.308862404354805,24.688717898832294,C:\Users\admin\Documents\Codex\2026-07-13\yi-j\work\hpdi_thump_loudness_quant\wav\东德竞品_900rpm_900.wav
东德基准,DD_BASE_260707_900,900,9,8.88,78.75323724817002,75.25560805626887,78.84278841695664,-38.37140538576453,61.94095924298803,14.120834248609206,C:\Users\admin\Documents\Codex\2026-07-13\yi-j\work\hpdi_thump_loudness_quant\wav\东德竞品_900rpm_900.wav
东德基准,DD_BASE_260707_900,900,10,9.78,69.2097051997414,65.88776647757734,70.06663787915464,-47.14755592356653,62.59683846665068,22.877396452265685,C:\Users\admin\Documents\Codex\2026-07-13\yi-j\work\hpdi_thump_loudness_quant\wav\东德竞品_900rpm_900.wav
东德基准,DD_BASE_260707_900,900,11,10.52,63.92509468373217,49.76488999612306,65.27604639183392,-51.938147410887254,59.546621492053106,27.07441496883376,C:\Users\admin\Documents\Codex\2026-07-13\yi-j\work\hpdi_thump_loudness_quant\wav\东德竞品_900rpm_900.wav
东德基准,DD_BASE_260707_900,900,12,11.14,71.32916582964556,68.4387838756866,71.80837102723059,-45.40582277549058,61.9983434580771,21.925599860396364,C:\Users\admin\Documents\Codex\2026-07-13\yi-j\work\hpdi_thump_loudness_quant\wav\东德竞品_900rpm_900.wav
东德基准,DD_BASE_260707_900,900,13,12.0,69.54665906537495,65.87325661426453,70.25399128118201,-46.96020252153915,62.023515498095364,22.66613076047878,C:\Users\admin\Documents\Codex\2026-07-13\yi-j\work\hpdi_thump_loudness_quant\wav\东德竞品_900rpm_900.wav
东德基准,DD_BASE_260707_900,900,14,13.24,80.22680627714512,76.8690345003948,80.29706885788474,-36.91712494483644,62.35138279241763,13.885197836598447,C:\Users\admin\Documents\Codex\2026-07-13\yi-j\work\hpdi_thump_loudness_quant\wav\东德竞品_900rpm_900.wav
东德基准,DD_BASE_260707_900,900,15,14.12,68.83729566789702,64.4815766320082,69.81929954561843,-47.394894257102735,62.88083448063486,24.408734345705447,C:\Users\admin\Documents\Codex\2026-07-13\yi-j\work\hpdi_thump_loudness_quant\wav\东德竞品_900rpm_900.wav
东德基准,DD_BASE_260707_900,900,16,15.36,79.11695909222394,75.50682558650202,79.21135875325768,-38.00283504946349,62.53610565385305,15.732381011893143,C:\Users\admin\Documents\Codex\2026-07-13\yi-j\work\hpdi_thump_loudness_quant\wav\东德竞品_900rpm_900.wav
东德基准,DD_BASE_260707_900,900,17,16.26,67.76491337927071,65.0821597606147,68.89787595398752,-48.31631784873365,62.508015249823,25.403594512149294,C:\Users\admin\Documents\Codex\2026-07-13\yi-j\work\hpdi_thump_loudness_quant\wav\东德竞品_900rpm_900.wav
东德基准,DD_BASE_260707_900,900,18,17.16,62.56966642926761,50.41798930753127,64.6942786930824,-52.51991510963877,60.57014781274582,29.951055890228147,C:\Users\admin\Documents\Codex\2026-07-13\yi-j\work\hpdi_thump_loudness_quant\wav\东德竞品_900rpm_900.wav
东德基准,DD_BASE_260707_900,900,19,17.62,72.45022328350004,69.69096007498196,72.80606058305584,-44.40813321966533,61.764028256838344,21.937313705838577,C:\Users\admin\Documents\Codex\2026-07-13\yi-j\work\hpdi_thump_loudness_quant\wav\东德竞品_900rpm_900.wav
东德基准,DD_BASE_260707_900,900,20,18.5,66.34166682105926,63.715697244474896,67.57237502181147,-49.6418187809097,61.49525068135468,26.417538574721014,C:\Users\admin\Documents\Codex\2026-07-13\yi-j\work\hpdi_thump_loudness_quant\wav\东德竞品_900rpm_900.wav
东德基准,DD_BASE_260707_900,900,21,19.48,64.28761083906092,50.152637282803795,65.58927112996057,-51.62492267276061,59.72181776111498,28.516492199839615,C:\Users\admin\Documents\Codex\2026-07-13\yi-j\work\hpdi_thump_loudness_quant\wav\东德竞品_900rpm_900.wav
东德基准,DD_BASE_260707_900,900,22,19.84,72.46628153778761,68.29416733583845,72.79345454637362,-44.42073925634755,61.40082653094514,20.40912331787772,C:\Users\admin\Documents\Codex\2026-07-13\yi-j\work\hpdi_thump_loudness_quant\wav\东德竞品_900rpm_900.wav
东德基准,DD_BASE_260707_900,900,23,20.72,69.76280255192795,65.97408577586081,70.35393688123217,-46.860256921489,61.40074045934632,23.96901716200717,C:\Users\admin\Documents\Codex\2026-07-13\yi-j\work\hpdi_thump_loudness_quant\wav\东德竞品_900rpm_900.wav
东德基准,DD_BASE_260707_900,900,24,21.76,64.32584059447748,49.86647504257516,66.08031554039923,-51.13387826232195,61.296199005015765,27.32658409855204,C:\Users\admin\Documents\Codex\2026-07-13\yi-j\work\hpdi_thump_loudness_quant\wav\东德竞品_900rpm_900.wav
东德基准,DD_BASE_260707_900,900,25,22.04,73.63493799223038,69.04364608155959,73.9239691409984,-43.29022466172277,62.01185839614082,19.51397015678578,C:\Users\admin\Documents\Codex\2026-07-13\yi-j\work\hpdi_thump_loudness_quant\wav\东德竞品_900rpm_900.wav
东德基准,DD_BASE_260707_900,900,26,22.94,69.22987192572563,65.77180479759026,70.02642200885276,-47.18777179386841,62.268520404447315,23.043020261067003,C:\Users\admin\Documents\Codex\2026-07-13\yi-j\work\hpdi_thump_loudness_quant\wav\东德竞品_900rpm_900.wav
东德基准,DD_BASE_260707_900,900,27,24.18,80.45360295546837,76.99876355078473,80.45360295546837,-36.76059084725281,-282.7858061972788,12.509376470840408,C:\Users\admin\Documents\Codex\2026-07-13\yi-j\work\hpdi_thump_loudness_quant\wav\东德竞品_900rpm_900.wav
富瑞初始,FR_INIT_260709_900,900,1,0.86,77.00719819483318,61.04180546092476,77.00719819483318,-40.20699560788799,-282.7858061972788,17.316073493343055,C:\Users\admin\Documents\Codex\2026-07-13\yi-j\work\hpdi_thump_loudness_quant\wav\富瑞自研_900rpm_900.wav
富瑞初始,FR_INIT_260709_900,900,2,1.4,79.36115070547653,76.82173229980046,79.63558961436044,-37.57860418836072,67.5057064591731,14.863020124945631,C:\Users\admin\Documents\Codex\2026-07-13\yi-j\work\hpdi_thump_loudness_quant\wav\富瑞自研_900rpm_900.wav
富瑞初始,FR_INIT_260709_900,900,3,3.54,88.47943543229353,86.49288534762141,88.56992194603315,-28.64427185668802,71.71275269114122,6.169820931344216,C:\Users\admin\Documents\Codex\2026-07-13\yi-j\work\hpdi_thump_loudness_quant\wav\富瑞自研_900rpm_900.wav
富瑞初始,FR_INIT_260709_900,900,4,4.34,73.8481400784759,59.339650501134564,76.67953759511657,-40.5346562076046,73.48264771507928,16.298063033738778,C:\Users\admin\Documents\Codex\2026-07-13\yi-j\work\hpdi_thump_loudness_quant\wav\富瑞自研_900rpm_900.wav
富瑞初始,FR_INIT_260709_900,900,5,5.66,89.94028842100522,87.61541476555374,90.00627125129014,-27.207922551431025,71.7897878967493,3.5403503225078303,C:\Users\admin\Documents\Codex\2026-07-13\yi-j\work\hpdi_thump_loudness_quant\wav\富瑞自研_900rpm_900.wav
富瑞初始,FR_INIT_260709_900,900,6,6.5,74.590113341375,59.47522739948898,77.0489823331221,-40.165211469599065,73.40691076670304,16.137357547910852,C:\Users\admin\Documents\Codex\2026-07-13\yi-j\work\hpdi_thump_loudness_quant\wav\富瑞自研_900rpm_900.wav
富瑞初始,FR_INIT_260709_900,900,7,7.88,86.4115218721812,82.56792133895937,86.49128759968104,-30.722906203040125,69.09178597105499,6.999462953039654,C:\Users\admin\Documents\Codex\2026-07-13\yi-j\work\hpdi_thump_loudness_quant\wav\富瑞自研_900rpm_900.wav
富瑞初始,FR_INIT_260709_900,900,8,9.4,76.69137732566733,71.82000708000942,77.12686649246159,-40.08732731025958,66.92287173327492,16.822841813212218,C:\Users\admin\Documents\Codex\2026-07-13\yi-j\work\hpdi_thump_loudness_quant\wav\富瑞自研_900rpm_900.wav
富瑞初始,FR_INIT_260709_900,900,9,10.22,82.30093842697538,79.02479935897478,82.45418320953982,-34.76001059318135,67.85379998323185,11.282134732870595,C:\Users\admin\Documents\Codex\2026-07-13\yi-j\work\hpdi_thump_loudness_quant\wav\富瑞自研_900rpm_900.wav
富瑞初始,FR_INIT_260709_900,900,10,12.1,72.63925759096907,59.53301607173348,73.73324829029487,-43.4809455124263,67.21002243467184,19.773406926283617,C:\Users\admin\Documents\Codex\2026-07-13\yi-j\work\hpdi_thump_loudness_quant\wav\富瑞自研_900rpm_900.wav
富瑞初始,FR_INIT_260709_900,900,11,12.52,86.05603872578219,81.49577724058199,86.12517191871952,-31.08902188400165,68.10967421686699,7.795350373382458,C:\Users\admin\Documents\Codex\2026-07-13\yi-j\work\hpdi_thump_loudness_quant\wav\富瑞自研_900rpm_900.wav
富瑞初始,FR_INIT_260709_900,900,12,14.42,74.93570772445365,60.572900850416076,75.59435873987556,-41.6198350628456,67.07790510424104,17.69134306680928,C:\Users\admin\Documents\Codex\2026-07-13\yi-j\work\hpdi_thump_loudness_quant\wav\富瑞自研_900rpm_900.wav
富瑞初始,FR_INIT_260709_900,900,13,14.98,81.09300425914662,77.7468412388242,81.30353126785967,-35.9106625348615,68.05392806648086,12.043881689158834,C:\Users\admin\Documents\Codex\2026-07-13\yi-j\work\hpdi_thump_loudness_quant\wav\富瑞自研_900rpm_900.wav
富瑞初始,FR_INIT_260709_900,900,14,17.0,75.1145778740179,60.16449438476987,75.82682179082252,-41.38737201189865,67.62401012239059,18.117675821887026,C:\Users\admin\Documents\Codex\2026-07-13\yi-j\work\hpdi_thump_loudness_quant\wav\富瑞自研_900rpm_900.wav
富瑞初始,FR_INIT_260709_900,900,15,17.42,80.2292708179973,76.4300491246967,80.47373904634442,-36.74045475637675,67.85645944512537,13.667069517707294,C:\Users\admin\Documents\Codex\2026-07-13\yi-j\work\hpdi_thump_loudness_quant\wav\富瑞自研_900rpm_900.wav
富瑞初始,FR_INIT_260709_900,900,16,19.3,76.66073645647748,67.37996458690779,76.98311936523949,-40.23107443748168,65.52880196921258,17.532138041740296,C:\Users\admin\Documents\Codex\2026-07-13\yi-j\work\hpdi_thump_loudness_quant\wav\富瑞自研_900rpm_900.wav
富瑞初始,FR_INIT_260709_900,900,17,19.94,77.97440886975556,76.30826786584923,78.33296206087746,-38.881231741843706,67.32261162483053,15.211350048509978,C:\Users\admin\Documents\Codex\2026-07-13\yi-j\work\hpdi_thump_loudness_quant\wav\富瑞自研_900rpm_900.wav
富瑞初始,FR_INIT_260709_900,900,18,21.54,76.5846300057105,60.49844700936971,76.96448271015242,-40.249711092568745,66.19424969961429,16.17876656947182,C:\Users\admin\Documents\Codex\2026-07-13\yi-j\work\hpdi_thump_loudness_quant\wav\富瑞自研_900rpm_900.wav
富瑞初始,FR_INIT_260709_900,900,19,22.26,84.54764060035089,80.60948103715712,84.64633046960114,-32.56786333312003,68.16196160113951,9.232427477356985,C:\Users\admin\Documents\Codex\2026-07-13\yi-j\work\hpdi_thump_loudness_quant\wav\富瑞自研_900rpm_900.wav
富瑞初始,FR_INIT_260709_900,900,20,24.1,74.89957022269049,67.54248772207244,75.48435814518001,-41.72983565754116,66.48738548404505,18.474602941823438,C:\Users\admin\Documents\Codex\2026-07-13\yi-j\work\hpdi_thump_loudness_quant\wav\富瑞自研_900rpm_900.wav
富瑞初始,FR_INIT_260709_900,900,21,24.7,80.50999100601138,77.33007912706321,80.73563607086265,-36.47855773185852,67.77971729874032,13.403624052133061,C:\Users\admin\Documents\Codex\2026-07-13\yi-j\work\hpdi_thump_loudness_quant\wav\富瑞自研_900rpm_900.wav
富瑞初始,FR_INIT_260709_900,900,22,26.52,77.0304751996082,69.29532003639015,77.3521537390053,-39.86204006371586,65.88868496242978,17.007730937049473,C:\Users\admin\Documents\Codex\2026-07-13\yi-j\work\hpdi_thump_loudness_quant\wav\富瑞自研_900rpm_900.wav
富瑞初始,FR_INIT_260709_900,900,23,27.12,81.76093903000046,77.49438982719012,81.92088084268087,-35.29331296004029,67.50293238833919,12.025845011662504,C:\Users\admin\Documents\Codex\2026-07-13\yi-j\work\hpdi_thump_loudness_quant\wav\富瑞自研_900rpm_900.wav
富瑞初始,FR_INIT_260709_900,900,24,29.14,74.50682393539712,59.995714488451725,75.15052668278999,-42.06366711993118,66.54166044423788,19.198422062256896,C:\Users\admin\Documents\Codex\2026-07-13\yi-j\work\hpdi_thump_loudness_quant\wav\富瑞自研_900rpm_900.wav
富瑞初始,FR_INIT_260709_900,900,25,29.66,80.78728213981206,78.03720541064061,80.96410685488357,-36.2500869478376,66.97358102836994,12.789566500402909,C:\Users\admin\Documents\Codex\2026-07-13\yi-j\work\hpdi_thump_loudness_quant\wav\富瑞自研_900rpm_900.wav
富瑞初始,FR_INIT_260709_900,900,26,31.56,75.16766641786319,60.15535729586371,75.7640425906954,-41.45015121202577,66.84662597450674,17.495577357910715,C:\Users\admin\Documents\Codex\2026-07-13\yi-j\work\hpdi_thump_loudness_quant\wav\富瑞自研_900rpm_900.wav
富瑞初始,FR_INIT_260709_900,900,27,31.98,84.66439627938712,80.38204811188193,84.74651866471325,-32.46767513800793,67.47229461627686,8.535619398319163,C:\Users\admin\Documents\Codex\2026-07-13\yi-j\work\hpdi_thump_loudness_quant\wav\富瑞自研_900rpm_900.wav
富瑞初始,FR_INIT_260709_900,900,28,33.92,75.14193335881822,60.09345490873264,75.78726009844254,-41.426933704278625,67.18854492112342,18.115060397846975,C:\Users\admin\Documents\Codex\2026-07-13\yi-j\work\hpdi_thump_loudness_quant\wav\富瑞自研_900rpm_900.wav
富瑞初始,FR_INIT_260709_900,900,29,34.32,82.5200804399149,79.4072973886542,82.67303820650113,-34.541155596220044,68.06465600855165,11.62865574433545,C:\Users\admin\Documents\Codex\2026-07-13\yi-j\work\hpdi_thump_loudness_quant\wav\富瑞自研_900rpm_900.wav
富瑞初始,FR_INIT_260709_900,900,30,35.96,74.7220086696611,72.70580991023304,75.29390274709286,-41.92029105562831,66.20640600701293,17.994074375914217,C:\Users\admin\Documents\Codex\2026-07-13\yi-j\work\hpdi_thump_loudness_quant\wav\富瑞自研_900rpm_900.wav
富瑞初始,FR_INIT_260709_900,900,31,36.86,77.59465904519064,75.92521529399758,77.99022631812551,-39.223967484595654,67.38830422038323,16.830047602892513,C:\Users\admin\Documents\Codex\2026-07-13\yi-j\work\hpdi_thump_loudness_quant\wav\富瑞自研_900rpm_900.wav
富瑞初始,FR_INIT_260709_900,900,32,38.76,75.1699549833599,62.06288587265924,75.64400354935273,-41.570190253368445,65.78952031774179,17.62233679994936,C:\Users\admin\Documents\Codex\2026-07-13\yi-j\work\hpdi_thump_loudness_quant\wav\富瑞自研_900rpm_900.wav
富瑞初始,FR_INIT_260709_900,900,33,39.4,76.26318065861426,74.20406509014404,76.80278971155661,-40.411404091164556,67.4787275758395,16.25946873688503,C:\Users\admin\Documents\Codex\2026-07-13\yi-j\work\hpdi_thump_loudness_quant\wav\富瑞自研_900rpm_900.wav
富瑞初始,FR_INIT_260709_900,900,34,40.72,75.9366205484679,69.59377668716107,76.42603520101544,-40.78815860170573,66.70255223800365,16.412975935346545,C:\Users\admin\Documents\Codex\2026-07-13\yi-j\work\hpdi_thump_loudness_quant\wav\富瑞自研_900rpm_900.wav
富瑞初始,FR_INIT_260709_900,900,35,41.92,79.55874350672579,77.1774705161042,79.86097546728277,-37.35321833543839,68.13629658797022,13.070550092556104,C:\Users\admin\Documents\Codex\2026-07-13\yi-j\work\hpdi_thump_loudness_quant\wav\富瑞自研_900rpm_900.wav
富瑞初始,FR_INIT_260709_900,900,36,43.9,76.7867990185384,61.032967651475715,77.29987580068078,-39.914318002040396,67.76984325283703,16.87634392291837,C:\Users\admin\Documents\Codex\2026-07-13\yi-j\work\hpdi_thump_loudness_quant\wav\富瑞自研_900rpm_900.wav
富瑞初始,FR_INIT_260709_900,900,37,44.26,83.28676686872917,79.46045522186253,83.44495688354186,-33.76923691917931,68.98004951130164,10.9601039028855,C:\Users\admin\Documents\Codex\2026-07-13\yi-j\work\hpdi_thump_loudness_quant\wav\富瑞自研_900rpm_900.wav
富瑞初始,FR_INIT_260709_900,900,38,45.72,74.73205930812156,70.57631583279392,75.40329871708323,-41.810895085637945,66.96293224482517,17.76286749352985,C:\Users\admin\Documents\Codex\2026-07-13\yi-j\work\hpdi_thump_loudness_quant\wav\富瑞自研_900rpm_900.wav
富瑞初始,FR_INIT_260709_900,900,39,46.22,75.79656365870025,60.35578379615484,76.43183815715406,-40.7823556455671,67.76984325283703,18.26460691543664,C:\Users\admin\Documents\Codex\2026-07-13\yi-j\work\hpdi_thump_loudness_quant\wav\富瑞自研_900rpm_900.wav
富瑞初始,FR_INIT_260709_900,900,40,46.58,83.98154141317299,81.03169612460408,84.11203134049089,-33.102162462230275,68.82487651966693,9.588466551531518,C:\Users\admin\Documents\Codex\2026-07-13\yi-j\work\hpdi_thump_loudness_quant\wav\富瑞自研_900rpm_900.wav
富瑞初始,FR_INIT_260709_900,900,41,48.36,76.19498076412545,71.10538244197318,76.61089929978202,-40.60329450293915,66.21683921314411,16.17134537839423,C:\Users\admin\Documents\Codex\2026-07-13\yi-j\work\hpdi_thump_loudness_quant\wav\富瑞自研_900rpm_900.wav
富瑞初始,FR_INIT_260709_900,900,42,49.12,81.88171783328832,79.03585300298786,82.09952878973489,-35.11466501298628,68.99403256965118,11.822517046663329,C:\Users\admin\Documents\Codex\2026-07-13\yi-j\work\hpdi_thump_loudness_quant\wav\富瑞自研_900rpm_900.wav
富瑞初始,FR_INIT_260709_900,900,43,50.9,76.85723510235945,68.71399906112747,77.18536414374228,-40.02882965897889,65.80493614283093,15.887845245487377,C:\Users\admin\Documents\Codex\2026-07-13\yi-j\work\hpdi_thump_loudness_quant\wav\富瑞自研_900rpm_900.wav
富瑞初始,FR_INIT_260709_900,900,44,51.66,78.05042925757351,75.80240673005612,78.4914992160592,-38.72269458666198,68.340062214019,15.206424760267819,C:\Users\admin\Documents\Codex\2026-07-13\yi-j\work\hpdi_thump_loudness_quant\wav\富瑞自研_900rpm_900.wav
富瑞初始,FR_INIT_260709_900,900,45,53.98,90.31889079849194,88.83641736737836,90.41099075889795,-26.80320304382322,73.62977348137008,3.5854282492044014,C:\Users\admin\Documents\Codex\2026-07-13\yi-j\work\hpdi_thump_loudness_quant\wav\富瑞自研_900rpm_900.wav
富瑞初始,FR_INIT_260709_900,900,46,54.82,77.92849245128403,61.2009399127967,79.51062068682666,-37.70357311589451,74.35811905351936,13.634810128512573,C:\Users\admin\Documents\Codex\2026-07-13\yi-j\work\hpdi_thump_loudness_quant\wav\富瑞自研_900rpm_900.wav
富瑞初始,FR_INIT_260709_900,900,47,55.98,75.80531748171596,60.196309025807565,75.80531748171596,-41.40887632100521,-282.7858061972788,17.948578084196093,C:\Users\admin\Documents\Codex\2026-07-13\yi-j\work\hpdi_thump_loudness_quant\wav\富瑞自研_900rpm_900.wav
富瑞初始,FR_INIT_260709_900,900,48,56.32,82.61253148491025,79.39027875812327,82.61253148491025,-34.60166231781091,-282.7858061972788,10.731035366568594,C:\Users\admin\Documents\Codex\2026-07-13\yi-j\work\hpdi_thump_loudness_quant\wav\富瑞自研_900rpm_900.wav
富瑞初始,FR_INIT_260709_1000,1000,1,0.4,77.1501540072735,71.55948645061756,77.1501540072735,-40.06403979544768,-282.7858061972788,17.857477352136026,C:\Users\admin\Documents\Codex\2026-07-13\yi-j\work\hpdi_thump_loudness_quant\wav\富瑞自研_1000rpm_1000.wav
富瑞初始,FR_INIT_260709_1000,1000,2,1.76,82.31557215024846,77.77569295693175,82.45381839145074,-34.76037541127044,67.41356883944118,14.142757992509935,C:\Users\admin\Documents\Codex\2026-07-13\yi-j\work\hpdi_thump_loudness_quant\wav\富瑞自研_1000rpm_1000.wav
富瑞初始,FR_INIT_260709_1000,1000,3,2.48,73.36048763199048,67.10301940288379,74.40099614218343,-42.81319766053774,67.68573730967184,20.789310666708985,C:\Users\admin\Documents\Codex\2026-07-13\yi-j\work\hpdi_thump_loudness_quant\wav\富瑞自研_1000rpm_1000.wav
富瑞初始,FR_INIT_260709_1000,1000,4,4.0,78.73685590713721,74.98335827386269,79.00274046663873,-38.211453336082435,66.73956448039773,16.463631587741524,C:\Users\admin\Documents\Codex\2026-07-13\yi-j\work\hpdi_thump_loudness_quant\wav\富瑞自研_1000rpm_1000.wav
富瑞初始,FR_INIT_260709_1000,1000,5,6.32,77.91470359623558,73.35420623920729,78.24449847007158,-38.96969533264959,66.8852403785971,15.670986493247774,C:\Users\admin\Documents\Codex\2026-07-13\yi-j\work\hpdi_thump_loudness_quant\wav\富瑞自研_1000rpm_1000.wav
富瑞初始,FR_INIT_260709_1000,1000,6,8.56,77.21184061482023,73.59285367038265,77.57303781678445,-39.64115598593673,66.59329148399767,14.647988038930581,C:\Users\admin\Documents\Codex\2026-07-13\yi-j\work\hpdi_thump_loudness_quant\wav\富瑞自研_1000rpm_1000.wav
富瑞初始,FR_INIT_260709_1000,1000,7,10.52,84.8013567189139,83.13602352514184,84.9148882885429,-32.29930551417828,69.03156947471075,7.7711737757536845,C:\Users\admin\Documents\Codex\2026-07-13\yi-j\work\hpdi_thump_loudness_quant\wav\富瑞自研_1000rpm_1000.wav
富瑞初始,FR_INIT_260709_1000,1000,8,11.32,76.28580922287456,62.822686432290595,77.35331218428453,-39.860881618436636,70.73633605860351,16.851002936876355,C:\Users\admin\Documents\Codex\2026-07-13\yi-j\work\hpdi_thump_loudness_quant\wav\富瑞自研_1000rpm_1000.wav
富瑞初始,FR_INIT_260709_1000,1000,9,11.82,27.21419380272117,56.070474147873426,71.00571201077892,-46.208481791942255,71.2109603321482,21.870485350369872,C:\Users\admin\Documents\Codex\2026-07-13\yi-j\work\hpdi_thump_loudness_quant\wav\富瑞自研_1000rpm_1000.wav
富瑞初始,FR_INIT_260709_1000,1000,10,12.44,85.64079000655305,83.72999884531879,85.7705607421279,-31.44363306059327,70.45976149248506,8.23211302646973,C:\Users\admin\Documents\Codex\2026-07-13\yi-j\work\hpdi_thump_loudness_quant\wav\富瑞自研_1000rpm_1000.wav
富瑞初始,FR_INIT_260709_1000,1000,11,13.26,76.13377505048331,63.17151090977872,77.27402251244324,-39.94017129027793,70.90851356502026,16.233743679785515,C:\Users\admin\Documents\Codex\2026-07-13\yi-j\work\hpdi_thump_loudness_quant\wav\富瑞自研_1000rpm_1000.wav
富瑞初始,FR_INIT_260709_1000,1000,12,14.46,85.12864540805498,82.8291850143727,85.2324699328133,-31.98172386990787,68.96581749555864,9.838179054354331,C:\Users\admin\Documents\Codex\2026-07-13\yi-j\work\hpdi_thump_loudness_quant\wav\富瑞自研_1000rpm_1000.wav
富瑞初始,FR_INIT_260709_1000,1000,13,15.3,75.86337355629645,71.12747131826542,76.67067975295382,-40.543514049767346,68.96581749555864,19.796043494575766,C:\Users\admin\Documents\Codex\2026-07-13\yi-j\work\hpdi_thump_loudness_quant\wav\富瑞自研_1000rpm_1000.wav
富瑞初始,FR_INIT_260709_1000,1000,14,16.5,83.3718954600842,81.97948731242587,83.4911799216614,-33.72301388105977,67.81966983538055,12.41656758233076,C:\Users\admin\Documents\Codex\2026-07-13\yi-j\work\hpdi_thump_loudness_quant\wav\富瑞自研_1000rpm_1000.wav
富瑞初始,FR_INIT_260709_1000,1000,15,17.32,75.14777884610626,69.04190774150462,76.08113157713785,-41.13306222558332,68.94542478833392,19.34999076815616,C:\Users\admin\Documents\Codex\2026-07-13\yi-j\work\hpdi_thump_loudness_quant\wav\富瑞自研_1000rpm_1000.wav
富瑞初始,FR_INIT_260709_1000,1000,16,18.6,80.61188319409652,77.82265471226569,80.77737463014061,-36.436819172580556,66.50480379912669,13.656719297666243,C:\Users\admin\Documents\Codex\2026-07-13\yi-j\work\hpdi_thump_loudness_quant\wav\富瑞自研_1000rpm_1000.wav
富瑞初始,FR_INIT_260709_1000,1000,17,19.46,73.95581302394874,69.25242485042851,74.90286184534118,-42.31133195737999,67.82381956008388,19.330996291417893,C:\Users\admin\Documents\Codex\2026-07-13\yi-j\work\hpdi_thump_loudness_quant\wav\富瑞自研_1000rpm_1000.wav
富瑞初始,FR_INIT_260709_1000,1000,18,20.8,81.18112891741983,76.73997479983035,81.31543116375761,-35.89876263896357,66.15144274330189,13.359274854662438,C:\Users\admin\Documents\Codex\2026-07-13\yi-j\work\hpdi_thump_loudness_quant\wav\富瑞自研_1000rpm_1000.wav
富瑞初始,FR_INIT_260709_1000,1000,19,23.06,76.75414999402933,74.21167663046964,77.17191784903719,-40.042275953683976,66.79621534133433,16.76522463554692,C:\Users\admin\Documents\Codex\2026-07-13\yi-j\work\hpdi_thump_loudness_quant\wav\富瑞自研_1000rpm_1000.wav
富瑞初始,FR_INIT_260709_1000,1000,20,25.38,78.12355843917997,75.0281696517519,78.46802674355389,-38.74616705916728,67.2905805125337,13.902751134132156,C:\Users\admin\Documents\Codex\2026-07-13\yi-j\work\hpdi_thump_loudness_quant\wav\富瑞自研_1000rpm_1000.wav
富瑞初始,FR_INIT_260709_1000,1000,21,27.7,79.53760774850113,74.95285417776132,79.84254088649723,-37.371652916223944,68.15516949826494,12.448803554879547,C:\Users\admin\Documents\Codex\2026-07-13\yi-j\work\hpdi_thump_loudness_quant\wav\富瑞自研_1000rpm_1000.wav
富瑞初始,FR_INIT_260709_1000,1000,22,28.44,72.26939711291246,66.62070049246469,73.79339244026337,-43.420801362457794,68.50564809692902,18.008096413166932,C:\Users\admin\Documents\Codex\2026-07-13\yi-j\work\hpdi_thump_loudness_quant\wav\富瑞自研_1000rpm_1000.wav
富瑞初始,FR_INIT_260709_1000,1000,23,29.66,85.46047618214075,83.01590106062662,85.55520875631143,-31.658985046409732,68.89507884148047,7.014153474373437,C:\Users\admin\Documents\Codex\2026-07-13\yi-j\work\hpdi_thump_loudness_quant\wav\富瑞自研_1000rpm_1000.wav
富瑞初始,FR_INIT_260709_1000,1000,24,30.36,74.8583775400151,58.13339604435174,76.18124163799605,-41.03295216472512,70.37389520377725,15.930136197100033,C:\Users\admin\Documents\Codex\2026-07-13\yi-j\work\hpdi_thump_loudness_quant\wav\富瑞自研_1000rpm_1000.wav
富瑞初始,FR_INIT_260709_1000,1000,25,31.6,84.04305274005449,83.21462160370903,84.18087061050139,-33.03332319221979,69.12735613830834,9.042517607982909,C:\Users\admin\Documents\Codex\2026-07-13\yi-j\work\hpdi_thump_loudness_quant\wav\富瑞自研_1000rpm_1000.wav
富瑞初始,FR_INIT_260709_1000,1000,26,32.42,77.10913124019697,71.87116573217813,78.00078883982398,-39.21340496289719,70.6867232278818,13.898792199024715,C:\Users\admin\Documents\Codex\2026-07-13\yi-j\work\hpdi_thump_loudness_quant\wav\富瑞自研_1000rpm_1000.wav
富瑞初始,FR_INIT_260709_1000,1000,27,32.86,65.75667902936351,57.93112065630871,72.07955469755817,-45.13463910516301,70.92642474116874,20.395419648991222,C:\Users\admin\Documents\Codex\2026-07-13\yi-j\work\hpdi_thump_loudness_quant\wav\富瑞自研_1000rpm_1000.wav
富瑞初始,FR_INIT_260709_1000,1000,28,33.62,86.53291211049128,85.05022789406469,86.66227737860709,-30.55191642411408,71.3380891207246,6.592039465826016,C:\Users\admin\Documents\Codex\2026-07-13\yi-j\work\hpdi_thump_loudness_quant\wav\富瑞自研_1000rpm_1000.wav
富瑞初始,FR_INIT_260709_1000,1000,29,34.32,78.39130496507774,61.0299222016668,79.34350313218724,-37.87069067053394,72.28552966089828,13.125861205899291,C:\Users\admin\Documents\Codex\2026-07-13\yi-j\work\hpdi_thump_loudness_quant\wav\富瑞自研_1000rpm_1000.wav
富瑞初始,FR_INIT_260709_1000,1000,30,35.62,83.99764267911482,80.75842658822205,84.18580315450613,-33.02839064821504,70.45950348818035,9.00647799631156,C:\Users\admin\Documents\Codex\2026-07-13\yi-j\work\hpdi_thump_loudness_quant\wav\富瑞自研_1000rpm_1000.wav
富瑞初始,FR_INIT_260709_1000,1000,31,36.48,74.11760635873556,69.18779316909907,75.55430204702532,-41.65989175569586,70.05154408370014,19.00966745730257,C:\Users\admin\Documents\Codex\2026-07-13\yi-j\work\hpdi_thump_loudness_quant\wav\富瑞自研_1000rpm_1000.wav
富瑞初始,FR_INIT_260709_1000,1000,32,37.76,82.97446013766186,79.98828221526459,83.13808422814897,-34.0761095745722,68.81715838349025,11.285280944429353,C:\Users\admin\Documents\Codex\2026-07-13\yi-j\work\hpdi_thump_loudness_quant\wav\富瑞自研_1000rpm_1000.wav
富瑞初始,FR_INIT_260709_1000,1000,33,38.6,77.96382943361311,73.29330468692191,78.58745908319639,-38.62673471952477,69.8507993346588,16.839810065035,C:\Users\admin\Documents\Codex\2026-07-13\yi-j\work\hpdi_thump_loudness_quant\wav\富瑞自研_1000rpm_1000.wav
富瑞初始,FR_INIT_260709_1000,1000,34,39.58,71.80214157567686,58.33772715797948,73.41042969441064,-43.80376410831053,68.31686878068437,20.703044310152347,C:\Users\admin\Documents\Codex\2026-07-13\yi-j\work\hpdi_thump_loudness_quant\wav\富瑞自研_1000rpm_1000.wav
富瑞初始,FR_INIT_260709_1000,1000,35,39.98,82.52468063505825,79.65423645253776,82.71999862537368,-34.494195177347486,69.15228498816911,12.323194472701115,C:\Users\admin\Documents\Codex\2026-07-13\yi-j\work\hpdi_thump_loudness_quant\wav\富瑞自研_1000rpm_1000.wav
富瑞初始,FR_INIT_260709_1000,1000,36,40.68,73.52010071523144,65.8605741521913,75.14191286804734,-42.07228093467383,70.0783750513758,18.88457898118642,C:\Users\admin\Documents\Codex\2026-07-13\yi-j\work\hpdi_thump_loudness_quant\wav\富瑞自研_1000rpm_1000.wav
富瑞初始,FR_INIT_260709_1000,1000,37,41.78,71.39747884003654,58.27315927749572,73.29304432243053,-43.92114948029064,68.77922505679953,20.823203968310672,C:\Users\admin\Documents\Codex\2026-07-13\yi-j\work\hpdi_thump_loudness_quant\wav\富瑞自研_1000rpm_1000.wav
富瑞初始,FR_INIT_260709_1000,1000,38,42.22,82.80070750207403,79.65602212855833,83.01236227674394,-34.201831525977234,69.78540226280184,9.568437029153252,C:\Users\admin\Documents\Codex\2026-07-13\yi-j\work\hpdi_thump_loudness_quant\wav\富瑞自研_1000rpm_1000.wav
富瑞初始,FR_INIT_260709_1000,1000,39,42.9,72.85405752643557,57.86179404318414,74.84913743425689,-42.36505636846428,70.51147821792762,18.460686938091136,C:\Users\admin\Documents\Codex\2026-07-13\yi-j\work\hpdi_thump_loudness_quant\wav\富瑞自研_1000rpm_1000.wav
富瑞初始,FR_INIT_260709_1000,1000,40,43.9,73.07646166758687,58.089833581231225,74.31632002516622,-42.89787377755495,68.26700699282827,19.40608841985791,C:\Users\admin\Documents\Codex\2026-07-13\yi-j\work\hpdi_thump_loudness_quant\wav\富瑞自研_1000rpm_1000.wav
富瑞初始,FR_INIT_260709_1000,1000,41,44.44,78.26496576721665,76.46495179082208,78.7528370922791,-38.46135671044208,69.01639457971365,16.926735025438887,C:\Users\admin\Documents\Codex\2026-07-13\yi-j\work\hpdi_thump_loudness_quant\wav\富瑞自研_1000rpm_1000.wav
富瑞初始,FR_INIT_260709_1000,1000,42,45.28,76.91590735458507,72.19919575810735,77.68659964973851,-39.52759415298266,69.79791764455445,16.37449397108734,C:\Users\admin\Documents\Codex\2026-07-13\yi-j\work\hpdi_thump_loudness_quant\wav\富瑞自研_1000rpm_1000.wav
富瑞初始,FR_INIT_260709_1000,1000,43,45.78,69.5464470396092,57.535694508724546,72.68430216506589,-44.52989163765528,69.79791764455445,21.040115558357336,C:\Users\admin\Documents\Codex\2026-07-13\yi-j\work\hpdi_thump_loudness_quant\wav\富瑞自研_1000rpm_1000.wav
富瑞初始,FR_INIT_260709_1000,1000,44,46.38,87.9952567809948,85.68958830213404,88.08168463738596,-29.132509165335215,71.0272366781006,6.258033570285434,C:\Users\admin\Documents\Codex\2026-07-13\yi-j\work\hpdi_thump_loudness_quant\wav\富瑞自研_1000rpm_1000.wav
富瑞初始,FR_INIT_260709_1000,1000,45,47.18,77.43662214590037,60.810732032209216,78.65316321603098,-38.5610305866902,72.53250705463088,16.37112540129093,C:\Users\admin\Documents\Codex\2026-07-13\yi-j\work\hpdi_thump_loudness_quant\wav\富瑞自研_1000rpm_1000.wav
富瑞初始,FR_INIT_260709_1000,1000,46,47.92,70.2644026150032,57.973088653106245,73.6912237323597,-43.52297007036147,71.06097012569086,19.972603262376616,C:\Users\admin\Documents\Codex\2026-07-13\yi-j\work\hpdi_thump_loudness_quant\wav\富瑞自研_1000rpm_1000.wav
富瑞初始,FR_INIT_260709_1000,1000,47,48.4,86.84751962550803,84.09720471295816,86.9599131655923,-30.254280637128865,71.03340798255253,7.420966884958752,C:\Users\admin\Documents\Codex\2026-07-13\yi-j\work\hpdi_thump_loudness_quant\wav\富瑞自研_1000rpm_1000.wav
富瑞初始,FR_INIT_260709_1000,1000,48,49.12,76.83580435505127,59.802405159951775,77.97562603954728,-39.23856776317389,71.60869868459851,15.531037800370576,C:\Users\admin\Documents\Codex\2026-07-13\yi-j\work\hpdi_thump_loudness_quant\wav\富瑞自研_1000rpm_1000.wav
富瑞初始,FR_INIT_260709_1000,1000,49,50.32,87.91774090530544,85.14153147311569,87.98213532277926,-29.232058479941916,69.660616972558,5.764881983291264,C:\Users\admin\Documents\Codex\2026-07-13\yi-j\work\hpdi_thump_loudness_quant\wav\富瑞自研_1000rpm_1000.wav
富瑞初始,FR_INIT_260709_1000,1000,50,51.16,77.66018931008,72.60043012032031,78.53751022198699,-38.67668358073417,71.15997346244279,14.585246446059323,C:\Users\admin\Documents\Codex\2026-07-13\yi-j\work\hpdi_thump_loudness_quant\wav\富瑞自研_1000rpm_1000.wav
富瑞初始,FR_INIT_260709_1000,1000,51,51.62,70.34359303898488,58.22016500669684,72.97457196607371,-44.23962183664746,69.54862202657822,18.67508730957286,C:\Users\admin\Documents\Codex\2026-07-13\yi-j\work\hpdi_thump_loudness_quant\wav\富瑞自研_1000rpm_1000.wav
富瑞初始,FR_INIT_260709_1000,1000,52,52.1,73.09710946869268,58.488988286071134,74.64800033922091,-42.566193463500255,69.42357605164388,17.88670213910121,C:\Users\admin\Documents\Codex\2026-07-13\yi-j\work\hpdi_thump_loudness_quant\wav\富瑞自研_1000rpm_1000.wav
富瑞初始,FR_INIT_260709_1000,1000,53,52.44,83.27709461038964,80.49213283549484,83.45233767482574,-33.761856127895435,69.42357605164388,10.580101598136991,C:\Users\admin\Documents\Codex\2026-07-13\yi-j\work\hpdi_thump_loudness_quant\wav\富瑞自研_1000rpm_1000.wav
富瑞初始,FR_INIT_260709_1000,1000,54,53.12,69.85032549979996,57.9530820437201,73.4198183307843,-43.794375471936874,70.90485424687485,19.572594711294286,C:\Users\admin\Documents\Codex\2026-07-13\yi-j\work\hpdi_thump_loudness_quant\wav\富瑞自研_1000rpm_1000.wav
富瑞初始,FR_INIT_260709_1000,1000,55,54.12,73.77821998662796,58.903510544258864,74.96722633399577,-42.246967468725394,68.76027684770585,19.288987713421584,C:\Users\admin\Documents\Codex\2026-07-13\yi-j\work\hpdi_thump_loudness_quant\wav\富瑞自研_1000rpm_1000.wav
富瑞初始,FR_INIT_260709_1000,1000,56,54.56,84.0025171920116,80.20596585698587,84.153772150114,-33.060421652607175,69.49761724666166,9.411004370336979,C:\Users\admin\Documents\Codex\2026-07-13\yi-j\work\hpdi_thump_loudness_quant\wav\富瑞自研_1000rpm_1000.wav
富瑞初始,FR_INIT_260709_1000,1000,57,55.32,76.76808322017305,72.2890363416011,77.67966967118367,-39.534524131537495,70.45198162713251,16.759657926281733,C:\Users\admin\Documents\Codex\2026-07-13\yi-j\work\hpdi_thump_loudness_quant\wav\富瑞自研_1000rpm_1000.wav
富瑞初始,FR_INIT_260709_1000,1000,58,55.78,71.24131131354778,61.93438842322636,73.19589013055949,-44.01830367216167,68.787880925775,21.01839325121366,C:\Users\admin\Documents\Codex\2026-07-13\yi-j\work\hpdi_thump_loudness_quant\wav\富瑞自研_1000rpm_1000.wav
富瑞初始,FR_INIT_260709_1000,1000,59,56.68,84.1782047035799,79.83518291945107,84.30108834192096,-32.91310546080021,68.75688889825456,9.886469530204792,C:\Users\admin\Documents\Codex\2026-07-13\yi-j\work\hpdi_thump_loudness_quant\wav\富瑞自研_1000rpm_1000.wav
富瑞初始,FR_INIT_260709_1000,1000,60,57.54,76.36759698750379,71.66460202253705,77.22304560757465,-39.99114819514652,69.74643610892868,17.200489002613836,C:\Users\admin\Documents\Codex\2026-07-13\yi-j\work\hpdi_thump_loudness_quant\wav\富瑞自研_1000rpm_1000.wav
富瑞初始,FR_INIT_260709_1000,1000,61,58.44,73.66441016959539,58.71404290563373,74.80251947895738,-42.41167432376379,68.42988153902158,20.356182441953937,C:\Users\admin\Documents\Codex\2026-07-13\yi-j\work\hpdi_thump_loudness_quant\wav\富瑞自研_1000rpm_1000.wav
富瑞初始,FR_INIT_260709_1000,1000,62,58.92,83.36225808041456,79.96049738913598,83.5097900253976,-33.70440377732356,68.74725043965087,11.06681597426466,C:\Users\admin\Documents\Codex\2026-07-13\yi-j\work\hpdi_thump_loudness_quant\wav\富瑞自研_1000rpm_1000.wav
富瑞初始,FR_INIT_260709_1000,1000,63,59.78,77.75047296126006,73.64934466141369,78.39027408321496,-38.8239197195062,69.75690697575406,15.424997549072373,C:\Users\admin\Documents\Codex\2026-07-13\yi-j\work\hpdi_thump_loudness_quant\wav\富瑞自研_1000rpm_1000.wav
富瑞初始,FR_INIT_260709_1000,1000,64,60.68,72.81036428382848,58.45848039786925,74.17807996266964,-43.03611384005152,68.49426963021841,19.900311133019017,C:\Users\admin\Documents\Codex\2026-07-13\yi-j\work\hpdi_thump_loudness_quant\wav\富瑞自研_1000rpm_1000.wav
富瑞初始,FR_INIT_260709_1000,1000,65,61.24,80.71519397377855,76.4062545936617,81.02687232550232,-36.187321477218845,69.43118838539053,12.688910464619951,C:\Users\admin\Documents\Codex\2026-07-13\yi-j\work\hpdi_thump_loudness_quant\wav\富瑞自研_1000rpm_1000.wav
富瑞初始,FR_INIT_260709_1000,1000,66,61.98,77.73168431287617,72.19083769898408,78.40039837571672,-38.81379542700445,69.94489222490769,14.235161868065301,C:\Users\admin\Documents\Codex\2026-07-13\yi-j\work\hpdi_thump_loudness_quant\wav\富瑞自研_1000rpm_1000.wav
富瑞初始,FR_INIT_260709_1000,1000,67,62.52,71.07323132211579,58.25842196498147,73.12725210966826,-44.086941693052914,68.88884930288381,19.964440846833135,C:\Users\admin\Documents\Codex\2026-07-13\yi-j\work\hpdi_thump_loudness_quant\wav\富瑞自研_1000rpm_1000.wav
富瑞初始,FR_INIT_260709_1000,1000,68,63.56,82.70446504619906,77.96231392685347,82.90418990915943,-34.31000389356174,69.43118838539053,11.51187090850189,C:\Users\admin\Documents\Codex\2026-07-13\yi-j\work\hpdi_thump_loudness_quant\wav\富瑞自研_1000rpm_1000.wav
富瑞初始,FR_INIT_260709_1000,1000,69,64.3,73.8564482803213,67.01116461924096,75.31455304655412,-41.899640756167045,69.8659234529889,18.247859449215106,C:\Users\admin\Documents\Codex\2026-07-13\yi-j\work\hpdi_thump_loudness_quant\wav\富瑞自研_1000rpm_1000.wav
富瑞初始,FR_INIT_260709_1000,1000,70,65.52,87.78755568140676,85.11368263128657,87.86829540764464,-29.34589839507654,70.52101769963693,7.8671298076497465,C:\Users\admin\Documents\Codex\2026-07-13\yi-j\work\hpdi_thump_loudness_quant\wav\富瑞自研_1000rpm_1000.wav
富瑞初始,FR_INIT_260709_1000,1000,71,66.26,77.71891350447453,69.02671369045257,78.73342033834604,-38.48077346437514,71.92074357430303,16.200864333145052,C:\Users\admin\Documents\Codex\2026-07-13\yi-j\work\hpdi_thump_loudness_quant\wav\富瑞自研_1000rpm_1000.wav
富瑞初始,FR_INIT_260709_1000,1000,72,67.44,87.75845302876995,84.89137203735386,87.84861995676559,-29.365573845955577,70.97624411458688,6.209502311006627,C:\Users\admin\Documents\Codex\2026-07-13\yi-j\work\hpdi_thump_loudness_quant\wav\富瑞自研_1000rpm_1000.wav
富瑞初始,FR_INIT_260709_1000,1000,73,68.16,77.40375197100894,59.995786079166955,78.5070241914456,-38.707169611275575,72.01604356145444,16.038002589289437,C:\Users\admin\Documents\Codex\2026-07-13\yi-j\work\hpdi_thump_loudness_quant\wav\富瑞自研_1000rpm_1000.wav
富瑞初始,FR_INIT_260709_1000,1000,74,69.46,84.55485832070178,80.94111544633992,84.71613720591628,-32.49805659680489,70.33367932715447,11.280672607140687,C:\Users\admin\Documents\Codex\2026-07-13\yi-j\work\hpdi_thump_loudness_quant\wav\富瑞自研_1000rpm_1000.wav
富瑞初始,FR_INIT_260709_1000,1000,75,70.14,66.88976259516612,57.28975346107159,72.48339260134685,-44.73080120137432,71.08181503599678,22.312177003196084,C:\Users\admin\Documents\Codex\2026-07-13\yi-j\work\hpdi_thump_loudness_quant\wav\富瑞自研_1000rpm_1000.wav
富瑞初始,FR_INIT_260709_1000,1000,76,70.68,72.1521761403353,66.73233882393919,73.88804010949957,-43.3261536932216,69.06629269256686,20.84286923429826,C:\Users\admin\Documents\Codex\2026-07-13\yi-j\work\hpdi_thump_loudness_quant\wav\富瑞自研_1000rpm_1000.wav
富瑞初始,FR_INIT_260709_1000,1000,77,71.5,82.82400070036965,79.69688210170436,82.9269799652426,-34.28721383747858,66.62524683470953,14.613263600885826,C:\Users\admin\Documents\Codex\2026-07-13\yi-j\work\hpdi_thump_loudness_quant\wav\富瑞自研_1000rpm_1000.wav
富瑞初始,FR_INIT_260709_1000,1000,78,72.34,77.76039830246063,72.87864676345389,77.76039830246063,-39.45379550026053,-282.7858061972788,18.885060198775484,C:\Users\admin\Documents\Codex\2026-07-13\yi-j\work\hpdi_thump_loudness_quant\wav\富瑞自研_1000rpm_1000.wav
东德基准,DD_BASE_260707_1125,1125,1,0.86,71.152889675416,55.73484334496878,71.152889675416,-46.06130412730516,-282.7858061972788,22.692938690494966,C:\Users\admin\Documents\Codex\2026-07-13\yi-j\work\hpdi_thump_loudness_quant\wav\东德竞品_1125rpm_1125.wav
东德基准,DD_BASE_260707_1125,1125,2,1.5,82.5853026677074,79.93468337809716,82.75013537052392,-34.46405843219725,68.46057037264137,11.872578626953302,C:\Users\admin\Documents\Codex\2026-07-13\yi-j\work\hpdi_thump_loudness_quant\wav\东德竞品_1125rpm_1125.wav
东德基准,DD_BASE_260707_1125,1125,3,2.26,64.04326840653938,55.22664591433352,70.05284623306994,-47.16134756965123,68.79977861300995,24.013090635736624,C:\Users\admin\Documents\Codex\2026-07-13\yi-j\work\hpdi_thump_loudness_quant\wav\东德竞品_1125rpm_1125.wav
东德基准,DD_BASE_260707_1125,1125,4,2.52,68.6881042930394,56.21462334650695,71.55188947839287,-45.66230432432831,68.38995879268744,22.306039041303784,C:\Users\admin\Documents\Codex\2026-07-13\yi-j\work\hpdi_thump_loudness_quant\wav\东德竞品_1125rpm_1125.wav
东德基准,DD_BASE_260707_1125,1125,5,3.12,82.81035405687038,80.31470900582713,82.96452880327844,-34.24966499944273,68.38995879268744,10.507791969172604,C:\Users\admin\Documents\Codex\2026-07-13\yi-j\work\hpdi_thump_loudness_quant\wav\东德竞品_1125rpm_1125.wav
东德基准,DD_BASE_260707_1125,1125,6,3.76,69.51208881119867,55.66371350557346,71.60671911283708,-45.60747468988409,67.43464727353057,22.748650107987356,C:\Users\admin\Documents\Codex\2026-07-13\yi-j\work\hpdi_thump_loudness_quant\wav\东德竞品_1125rpm_1125.wav
东德基准,DD_BASE_260707_1125,1125,7,4.12,69.41762651072733,55.34890215039294,71.548645158921,-45.66554864380017,67.43464727353057,22.7177921962781,C:\Users\admin\Documents\Codex\2026-07-13\yi-j\work\hpdi_thump_loudness_quant\wav\东德竞品_1125rpm_1125.wav
东德基准,DD_BASE_260707_1125,1125,8,4.62,82.37718662730448,79.28822255717319,82.51416855614332,-34.70002524657785,67.43464727353057,12.297275643859589,C:\Users\admin\Documents\Codex\2026-07-13\yi-j\work\hpdi_thump_loudness_quant\wav\东德竞品_1125rpm_1125.wav
东德基准,DD_BASE_260707_1125,1125,9,5.42,62.30995087987958,57.85441005947347,68.85290684131888,-48.36128696140228,67.7645517134128,24.229934645124718,C:\Users\admin\Documents\Codex\2026-07-13\yi-j\work\hpdi_thump_loudness_quant\wav\东德竞品_1125rpm_1125.wav
东德基准,DD_BASE_260707_1125,1125,10,6.26,82.2708663787965,80.31566285944061,82.42726593753503,-34.786927865186136,67.91381295649678,11.832920927964892,C:\Users\admin\Documents\Codex\2026-07-13\yi-j\work\hpdi_thump_loudness_quant\wav\东德竞品_1125rpm_1125.wav
东德基准,DD_BASE_260707_1125,1125,11,7.02,61.85586233177462,55.23973885636923,69.35806410694613,-47.85612969577503,68.50816731771812,23.35784095208485,C:\Users\admin\Documents\Codex\2026-07-13\yi-j\work\hpdi_thump_loudness_quant\wav\东德竞品_1125rpm_1125.wav
东德基准,DD_BASE_260707_1125,1125,12,7.36,66.70747524201,55.81850840791145,70.62494016390978,-46.589253638811385,68.36466634850836,22.76722814648142,C:\Users\admin\Documents\Codex\2026-07-13\yi-j\work\hpdi_thump_loudness_quant\wav\东德竞品_1125rpm_1125.wav
东德基准,DD_BASE_260707_1125,1125,13,7.88,82.641785582121,80.2990246095693,82.80103778417771,-34.41315601854346,68.36466634850836,10.768935637938718,C:\Users\admin\Documents\Codex\2026-07-13\yi-j\work\hpdi_thump_loudness_quant\wav\东德竞品_1125rpm_1125.wav
东德基准,DD_BASE_260707_1125,1125,14,8.64,66.14258524554663,58.0019025439599,70.70359637144456,-46.51059743127661,68.83364051010662,23.432593937862684,C:\Users\admin\Documents\Codex\2026-07-13\yi-j\work\hpdi_thump_loudness_quant\wav\东德竞品_1125rpm_1125.wav
东德基准,DD_BASE_260707_1125,1125,15,9.5,82.19338261025611,80.29995088095872,82.37718884369758,-34.83700495902359,68.55136909915377,12.181687301529774,C:\Users\admin\Documents\Codex\2026-07-13\yi-j\work\hpdi_thump_loudness_quant\wav\东德竞品_1125rpm_1125.wav
东德基准,DD_BASE_260707_1125,1125,16,10.44,71.91098953616773,57.0175383170223,73.36115247059104,-43.853041332130125,67.8925533207252,20.770550099138998,C:\Users\admin\Documents\Codex\2026-07-13\yi-j\work\hpdi_thump_loudness_quant\wav\东德竞品_1125rpm_1125.wav
东德基准,DD_BASE_260707_1125,1125,17,11.06,81.09603419758844,76.58289134531839,81.29676284877125,-35.91743095394992,67.8450356320877,11.754397129219534,C:\Users\admin\Documents\Codex\2026-07-13\yi-j\work\hpdi_thump_loudness_quant\wav\东德竞品_1125rpm_1125.wav
东德基准,DD_BASE_260707_1125,1125,18,11.66,62.72171718983578,55.10631423564499,69.00903648469068,-48.205157318030494,67.8450356320877,24.144355836583756,C:\Users\admin\Documents\Codex\2026-07-13\yi-j\work\hpdi_thump_loudness_quant\wav\东德竞品_1125rpm_1125.wav
东德基准,DD_BASE_260707_1125,1125,19,12.64,83.67903443599714,82.00344059881857,83.78580372270991,-33.428390080011255,67.63914874920361,10.42926686146026,C:\Users\admin\Documents\Codex\2026-07-13\yi-j\work\hpdi_thump_loudness_quant\wav\东德竞品_1125rpm_1125.wav
东德基准,DD_BASE_260707_1125,1125,20,13.38,70.05461591234454,55.72863391639639,72.03482740014228,-45.17936640257889,67.67155009896663,21.419012888274228,C:\Users\admin\Documents\Codex\2026-07-13\yi-j\work\hpdi_thump_loudness_quant\wav\东德竞品_1125rpm_1125.wav
东德基准,DD_BASE_260707_1125,1125,21,14.26,83.46936229478176,80.64553729260666,83.59469768098711,-33.61949612173406,68.13507462311341,9.375197612955972,C:\Users\admin\Documents\Codex\2026-07-13\yi-j\work\hpdi_thump_loudness_quant\wav\东德竞品_1125rpm_1125.wav
东德基准,DD_BASE_260707_1125,1125,22,15.02,66.75871872212882,55.38093265901128,70.69006956171789,-46.52412424100328,68.4392513334258,21.842117233788986,C:\Users\admin\Documents\Codex\2026-07-13\yi-j\work\hpdi_thump_loudness_quant\wav\东德竞品_1125rpm_1125.wav
东德基准,DD_BASE_260707_1125,1125,23,15.88,83.55270512383053,80.75435086067523,83.68829029340922,-33.525903509311945,68.56495285213649,10.1354202735371,C:\Users\admin\Documents\Codex\2026-07-13\yi-j\work\hpdi_thump_loudness_quant\wav\东德竞品_1125rpm_1125.wav
东德基准,DD_BASE_260707_1125,1125,24,16.9,71.413162161867,56.78102525445392,73.0229237453979,-44.191270057323266,67.93264854051779,19.73453945170864,C:\Users\admin\Documents\Codex\2026-07-13\yi-j\work\hpdi_thump_loudness_quant\wav\东德竞品_1125rpm_1125.wav
东德基准,DD_BASE_260707_1125,1125,25,17.48,79.82271399523799,76.79142897327125,80.07202608153594,-37.14216772118523,67.53755657509703,12.870500915651963,C:\Users\admin\Documents\Codex\2026-07-13\yi-j\work\hpdi_thump_loudness_quant\wav\东德竞品_1125rpm_1125.wav
东德基准,DD_BASE_260707_1125,1125,26,18.46,73.15441529215079,69.5821985017947,73.15441529215079,-44.05977851057039,-282.7858061972788,19.49486710480989,C:\Users\admin\Documents\Codex\2026-07-13\yi-j\work\hpdi_thump_loudness_quant\wav\东德竞品_1125rpm_1125.wav
富瑞初始,FR_INIT_260709_1125,1125,1,0.36,84.72949272372782,83.41167886830002,84.72949272372782,-32.48470107899335,-282.7858061972788,10.920839021844866,C:\Users\admin\Documents\Codex\2026-07-13\yi-j\work\hpdi_thump_loudness_quant\wav\富瑞自研_1125rpm_1125.wav
富瑞初始,FR_INIT_260709_1125,1125,2,1.1,74.51035790224408,57.21990424190709,75.21879776760105,-41.99539603512012,66.99457872981314,19.971324460207875,C:\Users\admin\Documents\Codex\2026-07-13\yi-j\work\hpdi_thump_loudness_quant\wav\富瑞自研_1125rpm_1125.wav
富瑞初始,FR_INIT_260709_1125,1125,3,2.0,84.00968049225125,80.75056701973286,84.13712593060792,-33.07706787211325,68.74895888220564,8.002866219094457,C:\Users\admin\Documents\Codex\2026-07-13\yi-j\work\hpdi_thump_loudness_quant\wav\富瑞自研_1125rpm_1125.wav
富瑞初始,FR_INIT_260709_1125,1125,4,2.72,73.67582728808975,56.83176165019609,74.91663159017197,-42.297562212549195,68.87018023565193,17.740231918679395,C:\Users\admin\Documents\Codex\2026-07-13\yi-j\work\hpdi_thump_loudness_quant\wav\富瑞自研_1125rpm_1125.wav
富瑞初始,FR_INIT_260709_1125,1125,5,3.5,85.84579788663609,83.87971739851187,85.93391307070348,-31.280280732017683,68.96259438453907,8.484753991065052,C:\Users\admin\Documents\Codex\2026-07-13\yi-j\work\hpdi_thump_loudness_quant\wav\富瑞自研_1125rpm_1125.wav
富瑞初始,FR_INIT_260709_1125,1125,6,4.26,71.64111438652576,56.70581403046641,73.55485211053589,-43.65934169218528,69.07404500419898,21.659097220192827,C:\Users\admin\Documents\Codex\2026-07-13\yi-j\work\hpdi_thump_loudness_quant\wav\富瑞自研_1125rpm_1125.wav
富瑞初始,FR_INIT_260709_1125,1125,7,5.14,84.41632109275002,81.73152878798945,84.53780090600125,-32.67639289671992,68.94440062509315,10.738053250146969,C:\Users\admin\Documents\Codex\2026-07-13\yi-j\work\hpdi_thump_loudness_quant\wav\富瑞自研_1125rpm_1125.wav
富瑞初始,FR_INIT_260709_1125,1125,8,5.86,72.59282735798577,56.35909689602926,74.12877524333072,-43.08541855939044,68.86933324265512,18.98492431358976,C:\Users\admin\Documents\Codex\2026-07-13\yi-j\work\hpdi_thump_loudness_quant\wav\富瑞自研_1125rpm_1125.wav
富瑞初始,FR_INIT_260709_1125,1125,9,6.64,85.36704862714492,83.67883082041548,85.46125806979592,-31.752935732925252,68.77733973171154,8.84017331242444,C:\Users\admin\Documents\Codex\2026-07-13\yi-j\work\hpdi_thump_loudness_quant\wav\富瑞自研_1125rpm_1125.wav
富瑞初始,FR_INIT_260709_1125,1125,10,7.4,74.52782124017753,65.11779886610299,75.5414116814555,-41.67278212126567,68.725250592962,17.22042695769735,C:\Users\admin\Documents\Codex\2026-07-13\yi-j\work\hpdi_thump_loudness_quant\wav\富瑞自研_1125rpm_1125.wav
富瑞初始,FR_INIT_260709_1125,1125,11,8.26,85.4422789526243,83.95461023155849,85.53229813926465,-31.681895663456512,68.65287402398941,10.148520964274649,C:\Users\admin\Documents\Codex\2026-07-13\yi-j\work\hpdi_thump_loudness_quant\wav\富瑞自研_1125rpm_1125.wav
富瑞初始,FR_INIT_260709_1125,1125,12,9.0,73.90571400914948,57.00868142761303,75.04331615133975,-42.17087765138142,68.66898498896784,17.339091806846366,C:\Users\admin\Documents\Codex\2026-07-13\yi-j\work\hpdi_thump_loudness_quant\wav\富瑞自研_1125rpm_1125.wav
富瑞初始,FR_INIT_260709_1125,1125,13,9.78,85.13943766518972,83.75005556419868,85.23957934800003,-31.97461445472113,68.81791045763052,7.899897054125425,C:\Users\admin\Documents\Codex\2026-07-13\yi-j\work\hpdi_thump_loudness_quant\wav\富瑞自研_1125rpm_1125.wav
富瑞初始,FR_INIT_260709_1125,1125,14,10.54,72.5943010786916,57.010615718501654,74.21241879592979,-43.00177500679138,69.14070925090076,17.93080077968271,C:\Users\admin\Documents\Codex\2026-07-13\yi-j\work\hpdi_thump_loudness_quant\wav\富瑞自研_1125rpm_1125.wav
富瑞初始,FR_INIT_260709_1125,1125,15,11.42,84.58599125442066,82.39136021071388,84.71473304527638,-32.49946075744479,69.36987351332147,8.509183415546396,C:\Users\admin\Documents\Codex\2026-07-13\yi-j\work\hpdi_thump_loudness_quant\wav\富瑞自研_1125rpm_1125.wav
富瑞初始,FR_INIT_260709_1125,1125,16,12.12,73.8515538669523,57.01166246381291,75.24479899481803,-41.96939480790314,69.62921612512085,17.160954282693954,C:\Users\admin\Documents\Codex\2026-07-13\yi-j\work\hpdi_thump_loudness_quant\wav\富瑞自研_1125rpm_1125.wav
富瑞初始,FR_INIT_260709_1125,1125,17,12.94,84.58661986432249,82.03205576442357,84.72034317368538,-32.49385062903579,69.53788112471952,8.556726458965453,C:\Users\admin\Documents\Codex\2026-07-13\yi-j\work\hpdi_thump_loudness_quant\wav\富瑞自研_1125rpm_1125.wav
富瑞初始,FR_INIT_260709_1125,1125,18,13.66,75.06344556539827,57.98302266984889,76.13617000733953,-41.07802379538164,69.53788112471952,16.774655582810247,C:\Users\admin\Documents\Codex\2026-07-13\yi-j\work\hpdi_thump_loudness_quant\wav\富瑞自研_1125rpm_1125.wav
富瑞初始,FR_INIT_260709_1125,1125,19,14.56,84.87380962179029,83.02712210116482,85.00314946799864,-32.21104433472253,69.67812033065144,8.728960472940592,C:\Users\admin\Documents\Codex\2026-07-13\yi-j\work\hpdi_thump_loudness_quant\wav\富瑞自研_1125rpm_1125.wav
富瑞初始,FR_INIT_260709_1125,1125,20,15.14,75.82375963639316,58.81791358668637,76.77823239016577,-40.4359614125554,69.72952514514209,17.295636729904253,C:\Users\admin\Documents\Codex\2026-07-13\yi-j\work\hpdi_thump_loudness_quant\wav\富瑞自研_1125rpm_1125.wav
富瑞初始,FR_INIT_260709_1125,1125,21,15.66,68.288040845449,56.081732766183954,71.99608407250065,-45.218109730220526,69.58678995823286,21.545736903760485,C:\Users\admin\Documents\Codex\2026-07-13\yi-j\work\hpdi_thump_loudness_quant\wav\富瑞自研_1125rpm_1125.wav
富瑞初始,FR_INIT_260709_1125,1125,22,16.06,86.29086927916347,84.72066590680494,86.39371757610343,-30.820476226617735,70.08652284469296,7.56220506600755,C:\Users\admin\Documents\Codex\2026-07-13\yi-j\work\hpdi_thump_loudness_quant\wav\富瑞自研_1125rpm_1125.wav
富瑞初始,FR_INIT_260709_1125,1125,23,16.82,71.53278843424144,56.8115961841191,73.88347228993015,-43.330721512791015,70.0951149485402,19.597628705867105,C:\Users\admin\Documents\Codex\2026-07-13\yi-j\work\hpdi_thump_loudness_quant\wav\富瑞自研_1125rpm_1125.wav
富瑞初始,FR_INIT_260709_1125,1125,24,17.7,85.24043519079468,83.0148610891257,85.37100661722607,-31.843187185495097,70.08652284469296,10.558841992769,C:\Users\admin\Documents\Codex\2026-07-13\yi-j\work\hpdi_thump_loudness_quant\wav\富瑞自研_1125rpm_1125.wav
富瑞初始,FR_INIT_260709_1125,1125,25,18.3,76.06759201310558,58.90662369964549,77.04582522173945,-40.16836858098173,70.09246663000152,17.666084228833004,C:\Users\admin\Documents\Codex\2026-07-13\yi-j\work\hpdi_thump_loudness_quant\wav\富瑞自研_1125rpm_1125.wav
富瑞初始,FR_INIT_260709_1125,1125,26,18.8,69.51329417326318,56.754412486136246,72.79928559852397,-44.414908204197204,70.04821589756568,23.242889854846855,C:\Users\admin\Documents\Codex\2026-07-13\yi-j\work\hpdi_thump_loudness_quant\wav\富瑞自研_1125rpm_1125.wav
富瑞初始,FR_INIT_260709_1125,1125,27,19.2,86.03946503590097,84.40989285422386,86.1454818046607,-31.068711998060465,69.96848377435079,7.743837943521658,C:\Users\admin\Documents\Codex\2026-07-13\yi-j\work\hpdi_thump_loudness_quant\wav\富瑞自研_1125rpm_1125.wav
富瑞初始,FR_INIT_260709_1125,1125,28,19.94,73.94999326012625,57.43959917822042,75.37752689549225,-41.83666690722891,69.85131425753349,18.795634004832348,C:\Users\admin\Documents\Codex\2026-07-13\yi-j\work\hpdi_thump_loudness_quant\wav\富瑞自研_1125rpm_1125.wav
富瑞初始,FR_INIT_260709_1125,1125,29,20.44,68.74954900209053,56.0667699394999,72.2544341574885,-44.959759645232666,69.68810934974431,21.64412999836653,C:\Users\admin\Documents\Codex\2026-07-13\yi-j\work\hpdi_thump_loudness_quant\wav\富瑞自研_1125rpm_1125.wav
富瑞初始,FR_INIT_260709_1125,1125,30,20.84,84.83534638539628,82.6524366907901,84.96611566681707,-32.2480781359041,69.68810934974431,9.509599348051776,C:\Users\admin\Documents\Codex\2026-07-13\yi-j\work\hpdi_thump_loudness_quant\wav\富瑞自研_1125rpm_1125.wav
富瑞初始,FR_INIT_260709_1125,1125,31,21.56,76.10656931530582,58.53775413826577,77.00674630473151,-40.20744749798966,69.72986526894005,17.04525484461772,C:\Users\admin\Documents\Codex\2026-07-13\yi-j\work\hpdi_thump_loudness_quant\wav\富瑞自研_1125rpm_1125.wav
富瑞初始,FR_INIT_260709_1125,1125,32,22.36,85.04040958525917,81.90440077249069,85.16027284543439,-32.05392095728678,69.50949680138561,8.71153307779597,C:\Users\admin\Documents\Codex\2026-07-13\yi-j\work\hpdi_thump_loudness_quant\wav\富瑞自研_1125rpm_1125.wav
富瑞初始,FR_INIT_260709_1125,1125,33,23.08,74.92085961881679,57.57637320094561,76.04561436925842,-41.16857943346275,69.62810271025701,19.232602413460658,C:\Users\admin\Documents\Codex\2026-07-13\yi-j\work\hpdi_thump_loudness_quant\wav\富瑞自研_1125rpm_1125.wav
富瑞初始,FR_INIT_260709_1125,1125,34,23.98,85.35679257471585,82.90005032883379,85.47138947757445,-31.74280432514672,69.62810271025701,9.650598808650969,C:\Users\admin\Documents\Codex\2026-07-13\yi-j\work\hpdi_thump_loudness_quant\wav\富瑞自研_1125rpm_1125.wav
富瑞初始,FR_INIT_260709_1125,1125,35,24.7,73.9019090512745,57.12794212679232,75.23614807849684,-41.97804572422433,69.46058780227874,19.157364872118325,C:\Users\admin\Documents\Codex\2026-07-13\yi-j\work\hpdi_thump_loudness_quant\wav\富瑞自研_1125rpm_1125.wav
富瑞初始,FR_INIT_260709_1125,1125,36,25.48,85.90869433979702,83.94821011669282,85.90869433979702,-31.305499462924153,-282.7858061972788,10.945878983400444,C:\Users\admin\Documents\Codex\2026-07-13\yi-j\work\hpdi_thump_loudness_quant\wav\富瑞自研_1125rpm_1125.wav
